# GPS: 2.25321, 102.45181 deg., Elev: 47.13 m, Station: 2 m
# 1987/01/01 - 2008/12/31
*doy,tmin,tmax,wind,rain
1,23.210,30.030,1.130,0.420
2,23.610,29.570,1.370,0.230
3,22.780,29.550,1.410,0.090
4,22.350,29.570,1.040,0.160
5,23.230,29.880,1.050,0.130
6,23.500,29.090,1.380,13.310
7,23.570,27.870,1.480,5.970
8,23.560,27.360,1.570,6.710
9,22.860,27.970,1.560,3.390
10,22.930,28.030,1.440,9.470
11,23.260,26.600,1.320,8.850
12,23.420,26.170,1.340,3.990
13,23.250,26.860,1.540,3.620
14,22.860,28.280,1.590,0.460
15,22.310,29.160,1.400,0.120
16,22.840,28.420,1.600,0.170
17,22.310,28.790,1.510,0.510
18,23.000,28.880,1.290,0.070
19,22.800,28.120,1.030,1.010
20,23.090,29.200,1.250,1.920
21,23.570,29.140,1.140,0.490
22,23.620,28.580,1.500,0.160
23,22.840,28.880,1.020,0.590
24,23.620,26.930,1.380,0.730
25,23.530,25.830,1.620,24.180
26,22.970,27.630,1.830,12.670
27,22.580,28.600,1.410,0.480
28,22.720,28.530,1.570,1.830
29,22.930,29.070,1.340,1.090
30,22.780,28.770,1.350,6.640
31,22.890,29.540,1.530,1.450
32,22.670,29.210,1.660,0.050
33,22.010,29.270,1.530,0.170
34,22.720,29.460,1.530,0.120
35,22.630,29.340,1.630,0.410
36,22.450,29.220,1.630,0.300
37,22.960,29.310,1.440,0.270
38,22.630,29.230,1.450,0.270
39,22.570,29.060,1.400,1.400
40,22.780,29.450,1.440,3.300
41,23.090,28.970,1.410,3.080
42,22.960,29.990,1.090,0.070
43,23.580,30.040,1.140,0.270
44,22.650,30.160,1.180,0.520
45,22.320,29.960,1.300,0.110
46,23.060,30.240,1.020,0.010
47,23.190,30.140,1.140,0.000
48,22.750,30.120,1.190,0.000
49,22.230,30.210,1.000,0.060
50,23.430,30.610,1.300,0.240
51,23.410,30.670,1.360,0.230
52,22.850,30.360,1.400,11.860
53,22.550,29.740,1.440,5.230
54,23.240,29.760,0.980,0.180
55,23.570,30.300,1.110,0.050
56,23.950,29.270,1.020,0.990
57,23.590,30.100,1.080,1.770
58,23.700,30.520,1.200,3.600
59,23.900,30.630,1.130,1.530
60,23.580,30.180,1.130,8.560
61,23.910,30.070,1.260,2.240
62,24.320,29.390,1.670,1.830
63,24.160,29.980,1.500,10.120
64,24.110,30.110,1.440,12.560
65,23.920,30.350,1.260,12.490
66,23.770,30.610,1.140,7.050
67,24.010,30.860,1.210,7.270
68,24.120,30.930,1.380,11.750
69,24.330,31.240,1.260,2.110
70,24.660,30.740,1.340,1.490
71,24.070,30.790,1.390,1.170
72,24.220,30.740,1.350,5.540
73,24.130,30.980,1.290,10.610
74,24.460,31.080,1.100,22.910
75,24.330,30.410,1.020,9.840
76,25.410,28.230,0.950,2.150
77,25.210,28.650,1.100,6.410
78,24.520,27.620,1.430,10.980
79,24.470,28.220,1.570,5.120
80,24.800,28.440,1.010,0.980
81,25.560,29.560,0.660,0.310
82,24.820,28.730,0.680,1.330
83,24.670,31.020,0.870,1.120
84,25.030,30.590,1.240,0.030
85,24.910,31.250,1.450,5.040
86,24.660,30.070,1.010,0.980
87,24.840,28.760,0.970,0.690
88,24.870,28.820,1.210,9.050
89,24.510,30.660,1.740,4.370
90,24.770,30.910,1.470,8.240
91,24.650,30.930,1.270,3.650
92,25.000,30.320,1.040,4.810
93,25.050,30.910,0.820,3.200
94,24.980,31.340,0.790,6.310
95,24.900,31.510,0.550,3.580
96,25.900,31.700,0.520,29.750
97,25.540,29.320,1.440,17.360
98,25.200,30.090,1.060,5.180
99,25.540,28.900,1.370,4.290
100,25.600,28.510,1.250,1.790
101,25.570,29.170,1.040,4.230
102,25.440,31.170,0.880,2.450
103,25.560,30.380,1.330,1.000
104,25.680,30.320,1.240,0.350
105,25.750,31.220,0.740,0.680
106,24.660,31.820,1.270,1.350
107,24.820,31.350,1.170,3.290
108,25.150,31.060,1.250,3.760
109,25.370,32.260,0.950,46.470
110,25.410,30.800,0.770,14.370
111,24.720,30.410,1.200,8.200
112,24.970,34.650,0.600,25.370
113,25.010,30.050,0.770,7.680
114,25.100,30.990,0.930,1.880
115,25.740,29.340,0.710,2.480
116,25.950,32.090,0.570,7.180
117,25.710,30.360,0.560,24.720
118,25.150,30.030,0.920,10.310
119,24.970,30.060,0.800,2.460
120,25.510,28.170,0.620,5.360
121,24.480,27.310,0.900,4.050
122,25.400,30.070,0.930,2.960
123,25.730,29.130,1.040,1.450
124,25.050,29.050,1.070,2.970
125,25.750,30.700,1.000,5.590
126,25.450,28.570,1.260,2.450
127,25.530,28.820,1.210,0.320
128,25.810,29.930,0.910,8.530
129,25.960,31.300,0.730,19.100
130,25.260,29.600,1.140,20.030
131,24.960,31.030,0.670,9.240
132,24.810,30.600,1.060,1.560
133,25.320,29.800,0.730,5.690
134,24.900,26.760,0.870,4.880
135,25.650,29.570,0.800,1.460
136,25.320,29.500,0.790,0.120
137,26.110,28.940,0.880,1.210
138,25.590,29.090,1.420,0.590
139,25.300,30.270,1.600,0.190
140,25.420,28.830,1.260,2.090
141,25.670,29.290,1.230,3.320
142,25.530,30.270,1.560,0.640
143,25.510,30.060,1.520,0.100
144,25.840,29.110,1.450,0.220
145,25.470,29.170,1.170,6.560
146,25.590,28.980,1.200,20.190
147,25.360,30.510,0.840,10.250
148,25.120,29.560,1.260,1.000
149,25.280,28.070,1.380,0.240
150,25.560,29.560,1.550,5.160
151,25.370,29.310,1.300,2.120
152,25.770,30.550,1.100,0.340
153,26.350,29.850,1.050,1.870
154,25.670,31.260,0.920,35.530
155,25.400,30.710,0.560,4.250
156,25.590,29.910,0.620,7.980
157,25.460,30.250,0.830,1.460
158,25.710,30.750,0.810,0.000
159,25.900,29.310,1.540,0.010
160,25.920,29.710,1.580,0.610
161,25.780,30.140,1.580,5.330
162,25.810,30.350,1.500,1.870
163,25.940,28.710,1.530,0.940
164,25.630,30.140,1.410,4.060
165,25.590,30.180,1.380,5.040
166,26.160,29.720,1.640,1.280
167,25.960,30.280,1.320,0.160
168,25.600,29.270,1.410,10.110
169,25.860,28.640,1.430,6.350
170,25.750,29.000,1.540,0.570
171,25.640,27.830,1.760,7.720
172,25.370,28.230,1.570,17.230
173,25.750,29.500,1.490,2.080
174,25.780,28.640,1.210,0.720
175,25.300,30.130,1.420,0.520
176,25.100,29.700,1.180,1.180
177,25.270,29.510,1.190,0.860
178,25.320,27.900,1.380,3.810
179,25.100,29.250,1.420,12.610
180,25.500,29.340,1.290,5.870
181,25.560,28.110,1.430,5.160
182,25.160,28.950,1.130,3.190
183,25.930,28.020,0.940,5.220
184,25.530,29.530,1.220,1.290
185,25.270,29.310,1.740,0.010
186,25.160,28.860,1.440,0.360
187,25.240,29.500,1.140,0.210
188,25.510,29.550,1.100,0.480
189,25.260,30.010,1.160,3.050
190,24.740,30.090,1.260,1.090
191,25.730,29.530,1.140,0.570
192,25.580,30.980,0.890,1.970
193,25.630,28.480,1.200,6.020
194,25.780,29.850,0.920,12.420
195,25.510,28.500,1.210,14.500
196,24.880,30.430,0.820,4.300
197,25.620,29.160,1.170,3.300
198,25.110,29.370,1.310,3.250
199,25.630,29.450,1.210,1.960
200,26.060,30.050,0.890,0.550
201,26.060,29.280,1.070,1.050
202,25.780,28.940,1.410,4.250
203,25.410,29.790,1.390,3.110
204,25.610,29.080,1.680,1.360
205,25.450,29.440,1.470,1.950
206,24.950,28.840,1.410,0.860
207,25.140,28.880,1.610,1.910
208,25.090,29.460,1.320,2.220
209,25.150,29.720,1.070,0.760
210,25.150,30.120,1.650,0.070
211,25.020,29.360,1.710,0.010
212,25.580,29.750,1.520,0.710
213,25.270,29.330,1.630,2.090
214,25.120,29.970,1.500,0.920
215,24.960,28.810,1.530,7.060
216,24.750,30.040,1.320,1.590
217,25.080,29.270,1.590,0.490
218,24.850,29.540,1.720,1.590
219,24.770,28.330,1.400,6.810
220,24.730,28.690,1.250,7.740
221,24.890,28.890,1.440,5.210
222,24.920,29.090,1.320,2.980
223,24.770,29.270,1.720,0.680
224,25.030,29.090,1.340,12.650
225,25.130,28.200,0.700,13.530
226,24.620,29.210,0.710,10.120
227,25.300,28.670,0.890,25.200
228,25.190,29.960,0.980,11.380
229,24.960,28.960,1.750,0.220
230,25.040,28.890,1.650,0.180
231,25.480,28.420,1.650,2.770
232,25.590,28.090,1.640,18.510
233,25.340,29.490,1.540,7.600
234,25.360,28.330,1.290,1.300
235,25.300,29.020,1.710,0.150
236,24.830,30.180,1.960,0.000
237,24.940,30.430,1.530,3.910
238,25.000,30.650,1.110,15.020
239,24.710,29.840,1.240,11.190
240,25.050,30.020,0.910,7.680
241,25.270,29.900,1.050,1.310
242,25.460,29.440,0.960,0.850
243,25.820,28.530,0.940,0.480
244,25.870,29.590,0.610,0.060
245,25.810,30.010,0.790,0.050
246,25.960,29.880,0.800,1.330
247,25.390,28.600,1.370,1.050
248,25.120,29.320,1.140,0.640
249,25.040,29.910,1.340,1.040
250,25.440,28.140,1.250,4.500
251,25.300,29.940,1.070,1.420
252,25.490,28.990,1.030,2.640
253,25.240,29.540,1.050,9.970
254,25.450,28.760,1.270,5.320
255,25.170,29.190,1.100,4.100
256,25.640,30.010,0.600,17.570
257,25.640,30.070,0.570,26.320
258,25.150,28.920,0.890,23.450
259,24.870,30.450,1.270,4.730
260,25.140,30.730,1.520,0.040
261,25.630,29.700,1.620,0.070
262,25.450,28.810,1.060,9.330
263,25.550,31.060,0.780,8.860
264,24.830,29.960,1.020,25.200
265,24.530,30.520,0.810,16.420
266,24.610,30.150,1.250,2.040
267,25.070,30.980,1.440,0.550
268,25.070,31.040,1.500,0.100
269,25.200,30.140,1.480,43.500
270,25.190,28.150,1.310,39.370
271,24.870,30.150,0.690,0.890
272,24.520,29.740,1.000,2.180
273,25.090,29.950,1.030,0.840
274,25.620,29.590,1.450,7.520
275,25.490,29.890,0.920,8.310
276,25.660,28.870,0.960,6.820
277,24.670,30.560,1.540,0.060
278,25.210,30.290,1.520,0.560
279,25.440,29.770,1.220,5.770
280,25.660,30.070,1.250,3.300
281,25.470,29.030,1.080,45.500
282,25.150,28.060,1.040,15.750
283,25.120,28.180,1.340,1.610
284,24.820,29.750,0.980,0.670
285,25.670,29.060,0.810,0.060
286,25.580,29.490,1.410,4.160
287,25.750,29.330,1.430,3.740
288,25.240,30.230,1.060,5.740
289,25.190,31.300,0.650,2.550
290,25.640,30.120,0.820,4.450
291,25.020,31.110,1.270,1.540
292,25.280,31.020,1.470,3.360
293,25.210,30.540,1.320,2.420
294,25.730,29.480,1.280,17.590
295,25.380,30.150,0.910,13.470
296,26.050,30.180,0.770,3.670
297,25.530,29.560,1.100,7.880
298,25.100,29.980,1.130,5.390
299,25.480,29.350,1.340,5.110
300,25.610,31.240,1.230,4.620
301,25.700,30.770,1.190,7.680
302,25.510,30.020,0.810,9.450
303,24.920,30.850,1.310,16.990
304,25.430,30.500,0.910,11.290
305,25.400,31.560,0.880,7.820
306,25.450,29.890,1.050,10.140
307,25.120,29.400,0.690,7.350
308,25.340,27.770,0.880,8.920
309,24.650,31.290,0.820,2.800
310,25.300,31.260,0.870,2.210
311,25.310,30.790,1.050,19.230
312,25.840,29.000,1.450,6.580
313,25.740,27.990,1.350,0.640
314,25.180,28.370,0.590,14.090
315,25.170,29.730,0.900,7.140
316,25.300,29.420,0.840,19.570
317,25.090,29.230,1.140,11.880
318,25.700,29.060,1.280,0.510
319,26.180,29.270,0.920,16.450
320,25.160,29.520,1.000,5.370
321,25.110,30.280,1.120,3.000
322,25.250,28.820,1.730,2.750
323,24.790,29.010,1.850,0.940
324,24.840,28.930,1.810,0.320
325,24.930,28.110,1.550,3.680
326,25.350,28.400,1.520,14.780
327,25.110,29.290,1.450,9.970
328,25.180,28.920,1.680,1.710
329,25.160,28.020,1.530,1.750
330,25.240,28.190,1.450,2.400
331,24.960,28.320,1.790,3.000
332,24.950,28.600,1.590,1.370
333,25.250,28.750,1.030,3.340
334,25.030,29.990,0.810,23.380
335,25.010,27.200,0.520,31.940
336,24.890,27.710,0.830,16.300
337,24.920,28.540,1.060,9.310
338,25.310,28.160,0.890,2.150
339,25.080,28.290,0.590,5.780
340,24.950,28.500,0.610,12.650
341,24.830,26.430,0.880,13.490
342,24.550,26.960,1.500,4.610
343,24.670,27.070,1.040,6.070
344,24.910,28.550,0.960,5.580
345,24.560,28.510,1.040,11.210
346,24.830,28.700,0.850,8.880
347,24.780,28.760,1.080,6.450
348,24.670,27.790,1.120,3.290
349,24.060,28.750,1.010,3.220
350,23.930,29.890,1.200,0.890
351,24.270,28.360,1.540,1.080
352,24.140,29.230,0.860,0.920
353,24.270,28.270,1.010,0.580
354,24.160,29.570,1.110,1.000
355,24.150,29.080,1.370,1.190
356,24.280,29.830,1.390,1.240
357,23.920,29.620,1.310,3.870
358,24.320,29.960,1.340,1.450
359,24.620,28.150,1.520,1.250
360,24.520,29.020,1.610,5.200
361,24.070,29.860,1.180,2.540
362,24.650,27.750,1.370,10.580
363,24.430,29.780,1.300,8.750
364,24.530,29.930,1.370,3.760
365,24.370,29.820,1.500,3.180
1,24.180,29.620,1.500,0.650
2,24.140,30.560,1.250,0.070
3,24.190,30.110,1.410,0.870
4,24.230,30.320,1.410,1.080
5,24.550,29.370,1.380,3.980
6,24.100,28.340,1.690,3.710
7,23.230,29.400,1.320,1.020
8,23.400,29.280,1.270,0.320
9,23.230,29.900,1.230,0.180
10,24.090,30.100,1.520,1.070
11,24.320,29.910,1.560,1.000
12,24.360,29.320,1.720,8.200
13,23.960,28.830,1.540,2.000
14,23.970,27.630,1.450,5.490
15,24.110,29.850,1.460,2.260
16,24.070,29.690,1.610,2.830
17,24.130,28.940,1.690,4.520
18,23.090,29.460,1.680,13.520
19,22.770,29.050,1.480,5.220
20,22.960,29.450,1.460,2.710
21,22.730,30.000,1.190,0.050
22,23.370,29.890,0.890,12.300
23,23.970,29.930,0.930,6.320
24,24.190,29.680,0.920,18.180
25,24.110,29.330,1.040,29.210
26,24.180,29.560,1.240,12.980
27,24.060,29.470,1.250,19.350
28,24.280,29.510,1.290,19.120
29,22.760,29.660,1.600,1.220
30,23.290,30.170,1.290,3.570
31,24.400,28.840,1.110,1.520
32,24.710,27.720,1.020,8.100
33,24.410,28.640,1.000,22.770
34,24.690,27.770,1.010,14.300
35,24.140,27.790,0.940,4.150
36,24.380,29.730,0.690,0.450
37,24.810,29.890,1.240,0.210
38,25.110,29.590,1.240,2.580
39,22.600,26.810,1.250,3.180
40,22.560,29.650,0.920,4.150
41,24.670,28.270,1.530,20.660
42,23.940,29.970,1.290,0.700
43,22.970,30.190,1.150,0.010
44,23.160,30.540,1.080,0.000
45,24.460,30.000,1.160,0.320
46,24.780,28.610,1.120,1.690
47,24.500,29.380,1.180,3.940
48,23.830,29.980,1.330,10.830
49,23.290,29.950,1.540,8.330
50,23.740,30.180,1.140,3.830
51,24.100,30.280,1.260,13.820
52,24.030,29.650,1.090,15.250
53,24.450,28.850,1.030,13.590
54,24.610,30.260,1.060,9.080
55,24.760,30.090,1.540,5.570
56,24.510,30.480,1.470,8.610
57,24.180,30.870,1.310,2.430
58,24.560,31.090,1.410,0.580
59,24.710,30.870,1.440,13.110
60,24.380,31.190,1.430,5.690
61,24.750,31.130,1.260,0.910
62,24.460,31.600,1.100,0.130
63,24.910,31.220,1.170,6.980
64,24.990,30.440,1.660,3.180
65,24.700,30.350,1.330,11.380
66,24.710,29.530,1.290,6.040
67,24.780,29.180,1.460,22.490
68,24.750,29.350,1.780,15.260
69,24.540,29.450,1.830,8.130
70,24.350,28.960,1.540,12.140
71,24.520,30.040,1.460,12.860
72,24.590,31.060,1.180,5.600
73,24.720,31.390,1.240,14.140
74,25.150,31.200,0.930,5.370
75,25.700,31.110,0.890,1.890
76,24.890,31.940,0.870,0.540
77,25.300,31.490,0.790,4.420
78,25.630,30.760,0.890,2.030
79,25.820,30.670,1.050,3.410
80,25.170,30.990,1.080,17.090
81,25.270,31.470,1.060,3.190
82,25.410,30.650,0.910,6.660
83,25.570,28.680,1.210,7.950
84,25.610,29.150,1.360,4.800
85,24.310,29.840,1.320,50.280
86,25.520,29.690,1.460,15.750
87,25.170,30.720,1.320,0.260
88,25.730,29.290,1.580,0.110
89,25.570,30.200,1.070,0.070
90,26.350,30.790,0.990,0.440
91,26.360,30.190,1.230,1.160
92,26.440,29.310,1.110,0.970
93,25.750,31.050,0.540,0.670
94,25.160,30.160,0.960,2.680
95,26.190,30.300,0.880,38.370
96,25.320,28.620,1.260,15.260
97,25.640,30.360,0.840,2.550
98,25.860,29.060,1.130,0.430
99,25.100,31.560,0.830,2.590
100,25.600,29.430,1.260,15.190
101,25.260,29.910,1.370,13.870
102,25.730,29.090,1.560,12.060
103,25.460,30.420,1.090,17.890
104,25.240,30.760,1.060,14.550
105,24.510,30.890,0.970,1.940
106,24.740,31.280,1.050,0.600
107,24.810,31.170,1.450,1.020
108,25.050,30.540,1.350,1.270
109,25.800,30.620,1.000,22.560
110,25.880,30.040,0.960,27.280
111,25.660,30.590,1.320,19.280
112,25.690,31.120,1.390,4.670
113,26.360,29.690,1.300,0.200
114,25.980,29.880,1.430,3.130
115,25.920,30.540,1.410,1.440
116,25.710,30.260,1.190,19.030
117,25.520,30.310,1.180,27.610
118,26.180,31.540,0.670,5.260
119,26.310,30.960,0.960,14.850
120,26.200,32.360,0.710,6.060
121,26.100,29.430,1.010,5.120
122,25.840,29.850,1.170,4.700
123,26.150,29.780,1.250,9.220
124,25.280,27.470,1.190,4.180
125,26.090,30.990,0.800,0.760
126,26.880,31.690,0.660,0.880
127,26.120,30.940,1.000,0.530
128,26.250,30.280,1.570,0.470
129,26.460,30.920,1.430,2.620
130,26.170,33.300,0.720,12.170
131,26.080,27.790,0.980,14.520
132,25.590,32.090,0.740,10.060
133,26.030,29.680,1.190,13.490
134,26.220,30.920,0.970,22.470
135,26.550,31.680,0.890,10.700
136,26.630,29.870,1.280,5.460
137,26.050,30.060,1.210,2.340
138,26.010,30.720,0.990,17.420
139,26.110,29.220,0.700,8.740
140,25.600,29.080,1.340,0.570
141,25.770,28.710,1.320,0.360
142,26.330,29.860,1.280,0.030
143,26.730,30.030,0.990,0.010
144,26.590,30.160,1.220,0.300
145,26.740,29.460,1.080,0.290
146,26.310,29.880,1.330,0.020
147,26.600,29.300,1.460,5.430
148,26.460,29.920,1.090,9.490
149,26.020,30.080,1.410,10.700
150,26.790,30.100,0.940,4.280
151,26.160,29.120,1.360,1.290
152,25.910,29.180,1.240,11.170
153,25.570,28.870,1.310,9.230
154,25.640,28.730,1.370,1.240
155,25.510,29.490,1.120,8.250
156,26.310,30.240,0.790,7.540
157,25.950,29.270,1.120,4.740
158,25.710,27.610,1.300,1.820
159,25.290,28.830,1.250,0.010
160,25.940,30.720,1.180,1.950
161,26.020,31.510,0.810,11.340
162,25.960,31.360,0.870,30.450
163,26.010,31.870,1.020,7.690
164,25.780,28.060,1.120,1.070
165,25.620,28.770,1.270,10.210
166,25.440,29.680,1.230,1.210
167,25.820,29.880,1.460,0.590
168,25.800,28.410,1.330,1.970
169,25.560,28.210,1.260,4.810
170,26.340,30.880,0.830,5.310
171,25.790,29.490,1.650,0.350
172,25.640,29.040,1.500,5.740
173,25.840,28.290,1.170,36.100
174,25.750,30.230,0.600,12.000
175,25.350,28.760,1.530,12.000
176,25.440,29.370,1.570,7.720
177,25.560,29.850,1.370,2.130
178,25.870,29.660,1.130,1.410
179,25.810,29.090,1.090,18.570
180,25.280,29.010,1.080,6.140
181,25.580,28.330,1.030,4.750
182,25.130,28.350,1.660,2.190
183,24.920,28.120,1.450,9.970
184,24.560,29.150,1.270,3.740
185,24.840,30.170,1.040,5.770
186,24.930,28.850,1.430,17.520
187,24.880,28.130,1.610,10.420
188,24.660,28.590,1.220,3.240
189,24.970,28.760,1.030,1.170
190,25.140,28.150,1.240,1.520
191,25.220,28.560,1.090,0.860
192,25.660,28.680,0.890,6.600
193,25.030,28.310,1.180,5.770
194,25.110,27.990,1.530,21.080
195,25.000,28.480,1.560,17.130
196,25.200,29.270,1.800,2.440
197,24.770,29.550,1.550,0.070
198,25.490,28.850,1.430,0.250
199,25.440,28.850,1.270,1.180
200,26.120,29.150,1.220,0.320
201,25.620,28.610,1.710,1.360
202,25.540,28.850,1.850,0.670
203,25.540,29.340,1.730,0.000
204,25.600,29.380,0.990,1.450
205,25.310,29.610,1.130,10.700
206,24.810,28.300,1.230,6.130
207,25.010,29.000,1.190,4.000
208,25.170,28.440,1.260,1.810
209,25.030,28.440,1.350,0.200
210,25.380,28.300,1.240,2.590
211,25.050,29.060,1.260,0.710
212,25.400,28.570,1.680,0.470
213,25.090,29.510,1.470,0.180
214,25.250,28.030,1.530,2.530
215,25.250,28.260,1.480,1.840
216,25.060,29.220,1.520,1.190
217,25.210,29.400,1.230,13.570
218,25.420,30.480,1.030,22.340
219,25.910,30.190,0.710,1.060
220,25.280,29.820,1.210,0.150
221,25.810,27.970,1.310,4.270
222,25.600,29.110,1.450,2.270
223,25.490,29.170,1.470,4.460
224,25.010,28.430,1.620,5.010
225,24.730,28.450,1.420,2.680
226,25.030,28.740,1.150,1.880
227,25.270,29.820,0.870,0.830
228,24.930,29.280,1.440,0.220
229,25.220,29.200,1.300,9.520
230,25.220,29.850,1.290,5.450
231,25.030,28.050,1.010,2.300
232,24.400,29.340,1.250,2.680
233,25.090,29.680,1.010,2.250
234,25.200,29.110,1.290,2.490
235,24.950,29.660,0.760,3.510
236,24.560,30.260,0.710,0.390
237,24.490,30.500,0.890,2.290
238,24.890,29.960,0.670,5.060
239,25.110,29.630,0.770,8.780
240,24.860,29.380,1.620,6.580
241,24.620,29.230,1.640,14.530
242,24.750,29.090,1.660,14.850
243,24.770,29.530,1.730,4.230
244,24.510,30.310,1.330,14.050
245,24.820,29.540,1.300,41.430
246,24.630,31.330,0.930,30.570
247,24.760,28.500,0.930,9.170
248,25.160,31.180,0.860,1.970
249,25.080,29.520,1.650,9.290
250,25.410,28.970,0.970,7.850
251,25.180,29.290,0.980,1.450
252,25.080,28.840,1.560,1.710
253,24.800,28.960,1.380,15.340
254,25.000,29.480,1.230,8.380
255,24.900,28.040,1.230,5.760
256,24.960,28.020,1.040,2.140
257,25.130,30.060,1.200,0.400
258,25.350,30.610,1.300,1.410
259,25.230,29.730,1.230,6.380
260,25.390,29.600,1.450,10.890
261,25.250,29.230,1.040,5.610
262,25.350,28.030,1.070,19.430
263,24.980,29.890,1.210,4.790
264,25.320,28.160,0.720,4.230
265,25.510,28.990,1.190,7.700
266,25.040,28.890,1.390,12.210
267,24.810,28.810,1.090,5.950
268,25.230,29.970,1.630,0.180
269,25.590,28.880,1.540,8.330
270,25.180,29.230,0.900,3.760
271,25.320,27.380,1.140,24.620
272,24.880,29.760,0.840,13.560
273,25.010,28.900,0.850,14.550
274,24.980,30.150,1.230,10.240
275,25.810,28.220,1.140,8.170
276,25.140,29.230,1.070,4.740
277,24.830,28.330,1.560,0.200
278,24.740,27.570,1.150,0.960
279,25.920,29.980,0.600,0.230
280,25.470,28.820,1.350,0.280
281,25.250,29.030,1.630,0.270
282,25.080,29.420,1.660,1.970
283,25.440,29.850,1.640,2.460
284,25.360,29.360,1.500,0.430
285,25.360,28.680,1.500,0.340
286,25.400,29.290,1.360,0.590
287,25.350,28.860,1.290,2.820
288,25.490,28.500,1.050,2.170
289,25.010,28.300,1.150,1.240
290,24.890,27.900,1.390,6.000
291,24.740,28.600,1.510,4.520
292,24.370,28.620,1.590,1.950
293,24.620,29.110,1.410,1.890
294,25.260,27.670,1.690,1.220
295,25.050,28.930,1.660,3.540
296,24.810,27.810,1.630,3.400
297,24.320,28.700,1.470,3.950
298,24.810,29.550,1.550,3.540
299,25.190,28.580,1.550,0.350
300,24.940,27.150,1.160,3.390
301,24.750,27.930,1.090,10.150
302,24.860,29.390,1.100,11.060
303,24.780,28.760,1.130,7.920
304,24.660,28.670,1.270,6.680
305,25.190,28.650,1.080,3.520
306,24.840,29.410,0.980,7.430
307,25.120,29.540,1.460,3.160
308,25.410,27.690,2.040,16.970
309,24.730,27.440,1.320,19.130
310,24.650,28.870,0.750,6.740
311,25.060,29.190,1.100,18.220
312,25.360,28.800,1.030,9.010
313,25.480,27.720,1.240,10.500
314,25.100,29.630,0.990,10.870
315,25.100,27.430,1.440,18.200
316,24.870,29.540,0.960,9.420
317,24.640,29.460,1.050,2.770
318,25.260,29.380,1.100,13.170
319,25.280,27.580,0.890,11.730
320,24.800,30.200,0.830,11.160
321,25.050,29.030,1.020,16.680
322,25.150,28.450,0.980,17.050
323,25.300,28.080,1.030,33.630
324,24.600,26.410,1.610,45.130
325,24.140,27.080,1.360,4.610
326,24.630,27.940,1.580,9.660
327,24.490,28.220,1.090,3.670
328,24.570,28.290,1.080,0.910
329,25.060,28.000,1.070,0.630
330,24.380,28.690,0.850,3.130
331,24.500,28.870,0.920,0.810
332,24.480,28.030,1.450,0.990
333,24.240,27.860,1.540,9.950
334,23.530,27.160,1.580,6.650
335,24.000,27.370,1.600,4.260
336,24.620,27.820,1.990,0.800
337,24.650,27.540,1.280,2.500
338,24.150,27.590,1.200,6.080
339,24.300,28.570,1.400,5.180
340,24.220,28.210,1.560,5.600
341,23.850,29.270,1.490,0.930
342,22.900,26.150,1.090,3.440
343,23.770,27.140,1.130,3.600
344,23.290,27.110,1.180,2.790
345,23.040,28.640,1.610,1.350
346,22.540,27.490,1.620,0.260
347,22.750,28.500,1.700,0.190
348,22.580,28.450,1.720,0.600
349,22.530,27.300,1.670,6.960
350,22.300,25.270,1.450,2.440
351,22.680,26.170,1.940,0.660
352,22.610,28.610,1.750,0.170
353,22.290,29.070,1.520,0.270
354,22.990,28.750,1.480,0.090
355,23.600,28.360,1.530,0.590
356,23.480,29.420,1.250,0.330
357,23.230,29.510,1.150,1.490
358,23.480,29.150,1.050,2.390
359,23.600,27.120,1.430,11.690
360,23.140,29.720,1.050,13.610
361,23.290,28.340,1.690,5.190
362,22.380,28.700,1.230,0.990
363,23.010,29.420,1.270,1.640
364,23.200,29.300,1.370,0.510
365,22.760,29.640,1.190,0.030
1,22.960,29.890,1.220,2.920
2,23.850,28.920,1.500,11.350
3,23.540,28.870,1.460,1.890
4,23.580,29.600,1.230,0.620
5,23.380,29.560,1.130,5.760
6,23.640,29.610,1.310,5.180
7,23.590,29.970,1.100,1.360
8,23.880,29.920,1.200,0.890
9,23.240,30.170,1.190,1.410
10,23.440,30.340,0.960,0.250
11,24.080,28.910,1.100,1.060
12,23.930,28.750,1.310,7.540
13,23.740,28.580,1.270,11.050
14,23.620,29.200,1.240,8.950
15,23.650,28.620,1.590,6.380
16,23.960,28.890,1.630,1.340
17,23.700,29.060,1.610,6.120
18,23.860,29.400,1.560,11.250
19,23.620,29.730,1.530,5.030
20,22.930,29.720,1.170,4.990
21,23.870,29.670,1.250,4.890
22,23.640,30.230,1.040,3.680
23,24.490,28.980,0.910,18.730
24,24.520,28.800,1.210,6.990
25,23.870,30.290,1.110,3.010
26,23.870,30.030,0.930,0.240
27,24.140,29.670,1.330,2.700
28,23.350,29.800,1.380,1.340
29,23.200,29.720,1.630,0.040
30,23.130,29.690,1.560,0.250
31,22.700,29.750,1.470,0.240
32,22.910,30.290,1.180,0.060
33,23.430,27.340,1.430,0.020
34,23.530,29.230,1.170,0.210
35,23.390,29.440,1.400,0.070
36,22.870,29.240,1.290,0.000
37,22.200,29.300,1.280,0.020
38,22.450,29.590,1.320,0.050
39,22.360,29.870,1.440,0.660
40,22.910,29.670,1.150,1.280
41,23.310,29.860,0.970,2.220
42,23.130,29.830,1.560,1.430
43,21.870,29.360,1.870,0.390
44,22.420,29.790,1.770,0.020
45,22.280,28.830,1.690,0.080
46,21.210,29.410,1.520,0.180
47,21.950,29.760,1.240,0.000
48,22.620,30.490,1.410,0.010
49,23.450,30.360,1.150,9.320
50,23.820,29.250,0.920,14.350
51,23.720,29.080,1.210,6.750
52,23.550,30.170,1.140,4.060
53,22.950,30.250,1.210,0.200
54,23.700,28.860,1.270,7.490
55,23.310,28.410,1.070,8.180
56,23.700,27.210,1.130,15.360
57,23.970,27.890,1.040,11.460
58,23.310,29.340,1.340,6.840
59,23.650,29.270,1.120,7.130
60,24.090,30.230,1.300,6.290
61,23.680,30.750,1.110,2.820
62,23.930,30.580,0.930,14.170
63,23.820,30.560,0.590,4.820
64,25.380,29.770,0.550,1.590
65,24.820,29.420,0.610,19.500
66,24.100,29.960,0.810,10.770
67,24.270,29.050,1.550,5.500
68,23.490,29.070,1.560,5.520
69,23.700,30.010,1.750,2.700
70,23.090,29.490,1.930,0.210
71,22.870,29.880,1.510,0.090
72,22.480,30.190,1.140,0.430
73,23.520,29.840,0.620,1.670
74,24.250,27.570,0.650,2.260
75,24.740,29.600,0.710,1.090
76,24.880,28.810,1.150,0.150
77,24.570,29.050,1.460,0.090
78,24.740,27.880,1.430,0.200
79,24.820,27.570,1.600,5.090
80,24.650,29.400,1.100,7.230
81,24.780,28.230,1.410,2.270
82,24.470,30.370,0.930,19.160
83,24.600,30.160,0.920,11.090
84,23.980,30.050,0.490,4.100
85,24.760,29.380,0.650,10.000
86,24.270,29.900,1.180,3.960
87,24.560,29.760,1.150,0.660
88,24.420,29.810,0.850,2.600
89,24.490,28.550,1.160,19.910
90,24.400,28.750,1.160,10.390
91,23.940,29.950,0.970,5.410
92,24.080,30.490,0.610,5.350
93,24.900,29.340,0.770,11.690
94,24.750,29.410,0.950,10.080
95,24.970,28.700,0.790,0.700
96,25.350,29.880,0.800,0.130
97,25.560,28.780,0.730,0.290
98,25.530,27.700,0.840,0.160
99,24.950,29.780,1.340,0.580
100,24.920,30.360,0.970,0.360
101,25.210,29.380,1.540,39.420
102,24.420,28.140,1.520,14.180
103,24.430,29.300,1.190,17.670
104,24.590,26.020,1.220,7.900
105,24.990,29.760,0.820,0.570
106,25.060,29.600,1.410,7.380
107,24.970,29.660,1.240,5.970
108,24.750,30.510,1.030,1.650
109,25.730,30.130,1.230,15.670
110,25.280,29.790,1.070,3.290
111,25.410,30.600,1.320,0.570
112,25.220,30.060,1.810,0.680
113,25.820,29.080,1.550,0.310
114,25.560,29.120,1.190,3.250
115,25.500,30.110,1.450,4.670
116,25.700,29.790,1.150,1.400
117,25.700,28.360,1.020,13.130
118,25.050,29.420,1.570,3.020
119,25.920,29.640,1.260,1.070
120,25.780,30.090,0.990,0.970
121,26.080,29.830,0.820,3.150
122,25.270,28.380,1.140,0.590
123,25.030,29.180,1.300,4.900
124,25.250,29.390,0.920,7.030
125,25.320,29.930,0.960,2.840
126,25.650,29.110,1.010,1.230
127,25.340,29.750,1.210,2.150
128,25.750,30.230,0.780,0.360
129,25.770,29.840,0.610,0.200
130,25.510,30.300,0.790,2.180
131,25.430,30.630,1.100,0.900
132,25.890,29.910,0.970,3.920
133,25.600,32.820,0.640,14.040
134,25.360,30.710,1.000,6.480
135,25.770,29.770,0.630,1.500
136,26.190,30.070,1.020,7.250
137,25.670,29.080,1.230,5.750
138,24.750,29.910,0.820,3.090
139,25.150,29.340,1.140,0.860
140,25.460,29.110,0.960,4.040
141,25.450,30.130,0.860,9.660
142,25.640,29.460,0.870,2.970
143,25.700,28.790,1.020,0.720
144,25.550,29.600,1.200,5.860
145,25.550,29.340,1.190,27.580
146,25.800,29.200,1.090,5.100
147,25.750,28.630,1.250,0.460
148,25.640,29.760,0.790,0.350
149,25.940,29.930,1.040,0.200
150,25.810,29.340,1.230,0.250
151,25.740,28.100,0.970,4.110
152,25.700,31.520,0.660,2.230
153,25.940,31.640,0.850,39.800
154,25.650,28.600,1.040,18.100
155,25.480,29.380,1.100,9.490
156,25.190,27.170,1.380,33.850
157,24.940,31.030,0.830,8.710
158,25.950,30.500,0.720,0.210
159,25.890,31.290,0.880,0.100
160,26.010,29.520,1.110,2.360
161,25.650,28.630,1.300,1.430
162,25.720,29.560,1.160,0.290
163,25.450,30.070,1.000,0.000
164,25.650,30.590,0.760,0.060
165,26.160,30.390,0.970,0.090
166,25.850,29.890,1.340,0.800
167,25.490,28.520,1.320,0.490
168,25.440,29.970,1.480,0.020
169,25.600,30.170,1.410,0.040
170,26.380,30.500,0.810,0.580
171,25.110,28.130,1.140,1.380
172,24.520,29.220,1.290,0.170
173,26.400,29.710,0.770,2.350
174,26.090,29.510,0.980,1.100
175,25.340,27.990,1.670,2.230
176,24.520,29.220,1.470,0.330
177,25.350,28.090,1.300,28.830
178,25.040,28.710,1.060,6.590
179,25.500,28.780,1.250,0.820
180,25.300,28.400,1.280,1.320
181,25.430,30.110,0.770,1.380
182,25.760,29.260,0.790,16.990
183,26.130,29.400,0.790,7.260
184,25.490,28.870,1.000,0.500
185,25.490,28.770,0.720,0.370
186,25.210,29.240,0.920,1.990
187,24.880,27.930,1.290,6.470
188,25.130,27.130,1.410,9.850
189,24.570,28.840,1.430,9.250
190,25.060,29.360,1.320,5.660
191,24.810,28.490,1.580,14.450
192,24.240,28.820,1.140,9.550
193,24.830,28.660,1.300,11.000
194,24.900,28.810,1.230,16.670
195,25.180,30.550,1.310,5.160
196,25.260,31.080,0.840,2.240
197,24.900,28.550,1.350,15.330
198,24.950,28.210,1.050,7.230
199,24.920,28.740,1.230,0.020
200,25.340,28.350,1.390,2.440
201,24.880,29.040,1.520,1.660
202,25.090,29.580,1.370,0.000
203,25.240,29.690,1.300,0.000
204,25.750,29.250,1.160,0.000
205,26.170,30.100,1.060,2.780
206,25.630,30.370,1.450,3.180
207,25.410,30.540,1.460,0.090
208,24.950,30.100,1.630,1.170
209,25.520,28.940,1.670,1.030
210,25.610,29.150,1.070,0.140
211,25.710,28.900,0.870,4.500
212,25.070,29.340,1.200,3.680
213,24.800,27.750,1.390,0.830
214,24.880,28.480,1.260,0.410
215,24.990,26.360,1.620,0.450
216,24.710,28.500,1.610,0.080
217,24.880,27.820,1.380,0.200
218,24.670,27.920,1.450,2.120
219,24.670,27.460,1.120,1.320
220,25.450,29.840,0.840,0.750
221,25.440,28.190,1.120,0.730
222,25.060,28.270,1.100,0.220
223,24.620,29.020,1.130,1.250
224,24.980,28.020,1.530,0.670
225,24.680,30.330,1.320,0.050
226,25.120,28.090,1.710,1.150
227,24.910,28.210,1.610,3.180
228,24.400,28.700,1.250,0.180
229,25.000,27.840,1.430,4.040
230,24.400,28.270,1.610,2.170
231,24.430,29.730,1.250,2.990
232,25.210,28.790,1.340,6.640
233,25.210,29.810,1.090,1.440
234,26.040,29.380,1.190,2.330
235,25.530,30.060,0.950,5.400
236,25.780,29.440,0.840,1.360
237,25.790,29.900,0.950,0.870
238,25.580,27.030,1.160,5.110
239,25.510,28.950,0.800,7.970
240,25.290,28.860,1.310,15.000
241,25.160,27.950,1.490,7.960
242,24.810,28.610,1.660,0.760
243,24.770,29.460,1.100,5.430
244,24.730,29.950,0.790,3.370
245,25.300,28.420,1.070,24.980
246,24.750,28.720,1.160,8.760
247,24.920,27.680,1.320,13.500
248,24.490,29.680,1.590,2.360
249,24.680,29.150,1.430,0.720
250,24.320,28.800,1.690,1.070
251,24.850,29.510,1.390,1.490
252,25.240,29.150,1.210,8.860
253,25.760,29.410,0.780,7.640
254,25.260,28.550,1.180,0.640
255,25.070,29.800,1.160,0.920
256,25.530,29.700,0.810,1.150
257,25.640,29.300,1.020,7.850
258,24.940,28.360,1.170,0.790
259,24.590,30.550,0.610,1.220
260,25.640,29.490,0.990,2.010
261,25.440,29.190,1.310,1.820
262,25.410,29.980,1.560,16.160
263,25.060,29.800,1.500,5.930
264,24.910,29.880,1.670,1.190
265,24.540,30.740,1.490,3.100
266,24.710,30.140,1.410,20.570
267,24.820,29.950,1.310,13.860
268,24.300,29.670,0.660,5.990
269,24.090,30.440,0.790,6.530
270,24.120,30.830,0.930,3.510
271,25.150,30.930,0.670,5.170
272,24.350,29.570,0.960,2.500
273,25.130,28.930,0.970,0.910
274,25.350,30.390,1.010,1.140
275,24.890,29.100,1.160,6.510
276,24.850,27.980,1.230,5.880
277,24.770,29.020,1.360,3.410
278,24.920,28.130,1.300,13.190
279,24.910,29.420,1.130,8.570
280,25.170,29.950,0.530,15.520
281,25.120,30.410,0.610,2.210
282,25.430,29.950,0.610,0.320
283,25.170,29.970,0.780,1.820
284,25.730,30.110,0.660,1.840
285,24.930,27.600,1.000,2.400
286,24.570,28.430,1.220,1.030
287,25.060,29.070,1.330,26.230
288,24.750,29.870,0.860,11.490
289,25.090,28.410,1.270,7.430
290,24.620,30.280,1.030,18.230
291,24.770,29.790,0.830,5.950
292,24.620,29.540,1.140,19.360
293,24.850,29.650,0.800,15.480
294,25.240,28.850,0.610,6.050
295,25.460,29.900,0.490,3.310
296,24.520,29.030,0.780,1.870
297,24.910,28.670,1.040,4.860
298,24.660,28.800,1.190,13.610
299,24.280,30.400,1.000,13.740
300,25.030,27.270,1.190,3.200
301,24.500,28.830,1.710,6.580
302,24.270,27.840,1.780,5.270
303,24.380,28.740,1.630,3.300
304,24.420,28.470,1.550,0.750
305,24.810,28.460,1.370,1.710
306,25.060,28.300,1.620,15.130
307,25.030,28.160,1.550,7.890
308,24.840,29.270,1.340,4.200
309,24.950,29.130,1.210,6.250
310,25.470,28.350,1.000,3.690
311,24.610,30.600,0.770,5.430
312,24.540,29.830,0.780,8.550
313,24.700,29.770,0.600,22.640
314,24.230,30.030,0.740,14.200
315,24.130,30.270,1.330,6.000
316,24.090,30.720,1.020,2.920
317,24.140,30.720,0.980,0.980
318,24.600,30.290,0.710,8.250
319,24.430,30.040,1.050,10.070
320,24.690,29.370,1.040,14.140
321,24.530,28.930,1.380,7.680
322,24.540,29.500,1.110,4.840
323,25.010,27.800,1.530,3.790
324,24.600,27.200,1.620,0.200
325,24.520,29.140,1.600,0.080
326,24.630,28.670,1.250,0.580
327,24.160,29.600,1.080,4.030
328,24.080,30.210,1.170,3.620
329,24.130,28.590,1.000,2.230
330,24.250,28.390,1.170,13.710
331,24.140,27.320,1.090,15.960
332,23.980,29.940,0.950,18.260
333,24.300,29.340,1.440,6.520
334,24.490,28.750,1.630,1.500
335,24.000,28.630,1.500,14.250
336,24.280,27.020,1.680,7.840
337,24.080,27.730,1.790,2.100
338,23.980,28.660,1.580,1.590
339,23.430,29.050,1.700,0.220
340,23.340,29.240,1.570,0.010
341,23.260,29.070,1.310,13.390
342,23.460,28.970,1.250,7.760
343,23.600,27.890,1.580,8.780
344,23.090,29.200,1.400,6.390
345,23.220,29.300,1.520,0.460
346,23.280,29.530,1.490,0.290
347,23.350,29.250,1.470,0.110
348,23.220,29.240,1.940,0.010
349,22.720,28.660,1.870,0.220
350,22.880,28.370,1.830,0.060
351,22.600,29.490,1.620,0.000
352,22.810,29.680,1.560,0.110
353,23.460,29.520,1.520,0.570
354,23.590,29.730,1.480,0.850
355,23.290,29.880,1.420,0.320
356,23.140,29.830,1.120,0.050
357,23.880,30.400,1.280,0.000
358,24.130,30.340,1.060,2.430
359,24.120,29.930,0.950,3.090
360,24.170,30.290,1.230,9.790
361,24.010,29.490,1.280,4.480
362,23.640,28.700,1.230,7.540
363,23.890,29.250,1.430,16.520
364,23.690,29.620,1.470,8.020
365,24.030,27.910,1.260,14.290
1,23.690,27.360,1.140,23.870
2,23.700,29.390,1.010,3.240
3,23.880,29.950,1.550,0.000
4,22.690,28.980,1.660,0.000
5,22.240,29.560,1.540,0.000
6,22.720,28.680,1.560,0.940
7,23.190,28.560,1.430,0.190
8,22.850,28.780,1.260,0.110
9,23.940,26.890,1.200,2.600
10,23.310,27.900,1.380,0.470
11,24.180,27.780,1.160,0.890
12,24.180,27.970,1.080,7.930
13,23.830,28.800,0.950,7.070
14,23.940,28.710,1.270,3.430
15,23.750,28.890,1.210,7.520
16,24.190,28.510,1.040,4.310
17,24.100,26.220,1.070,4.020
18,23.230,26.150,0.950,3.810
19,23.700,29.030,0.960,1.920
20,23.130,29.620,1.090,0.100
21,22.670,29.770,1.110,0.030
22,23.580,29.290,0.970,0.000
23,23.980,28.850,1.060,0.330
24,23.950,28.790,1.330,0.620
25,23.140,29.490,1.380,0.180
26,22.650,29.350,1.010,0.090
27,23.190,28.980,1.150,2.250
28,22.620,28.080,1.210,5.870
29,23.220,29.490,1.310,3.570
30,23.290,30.400,1.280,0.010
31,23.190,30.360,1.190,0.010
32,23.210,30.550,1.230,0.050
33,23.080,29.920,1.260,0.040
34,23.050,30.440,1.190,0.650
35,23.650,29.840,1.240,4.670
36,23.960,29.470,1.230,9.290
37,23.810,30.080,1.460,1.880
38,23.950,29.800,1.770,5.780
39,24.190,29.550,1.660,1.250
40,24.020,30.130,1.560,0.150
41,23.590,30.420,1.510,1.420
42,23.960,30.360,1.520,5.740
43,23.710,30.090,1.430,0.860
44,23.520,30.320,1.370,0.430
45,23.450,30.530,1.170,0.120
46,23.920,30.450,1.360,0.100
47,23.080,31.140,1.080,0.010
48,23.940,29.540,1.060,9.920
49,23.950,31.310,0.960,7.490
50,24.220,31.160,1.320,0.920
51,24.390,31.360,1.340,2.350
52,24.120,31.320,1.000,0.850
53,24.290,31.370,1.210,0.640
54,23.990,31.530,1.140,1.150
55,24.260,31.640,1.100,0.870
56,24.450,31.430,1.120,4.510
57,23.850,31.480,1.110,1.660
58,23.930,31.380,1.120,1.140
59,23.300,31.450,1.170,0.560
60,22.600,31.400,1.010,0.070
61,22.430,31.950,1.030,0.000
62,23.160,31.680,1.050,0.000
63,23.230,31.260,1.120,0.140
64,22.990,31.150,1.320,0.080
65,23.230,31.510,1.070,0.030
66,23.430,32.260,1.040,0.130
67,24.380,29.430,0.590,1.280
68,23.950,31.050,0.890,7.150
69,24.880,28.380,1.030,10.550
70,24.310,30.670,1.010,2.090
71,24.290,30.140,0.900,0.610
72,24.620,31.040,0.700,0.440
73,24.550,31.220,1.010,0.230
74,24.200,32.480,1.080,0.040
75,24.780,32.290,1.040,0.020
76,24.780,31.710,1.450,0.220
77,24.270,31.630,1.180,0.580
78,24.760,32.290,1.190,0.530
79,24.260,32.420,1.360,1.380
80,23.770,32.820,1.140,0.860
81,24.210,32.990,1.060,0.040
82,24.890,31.590,0.980,0.040
83,25.030,32.190,0.950,0.950
84,25.000,31.810,0.790,14.200
85,25.340,31.730,0.940,5.950
86,25.670,31.970,1.080,0.060
87,25.710,31.810,0.910,0.010
88,24.460,33.010,1.150,0.000
89,24.650,32.890,0.860,1.010
90,25.490,31.420,0.750,11.030
91,25.460,32.200,0.600,4.800
92,25.230,31.910,0.660,1.390
93,25.550,30.980,0.710,3.460
94,25.360,32.520,0.990,4.990
95,25.460,32.280,1.140,3.350
96,25.200,30.460,1.080,1.810
97,24.750,30.880,1.050,4.000
98,25.050,29.830,0.810,41.010
99,24.290,31.180,0.840,10.480
100,24.820,31.410,1.110,6.850
101,25.330,31.280,0.930,3.540
102,26.150,29.890,0.730,5.280
103,25.820,33.110,0.940,17.630
104,26.140,29.720,1.320,3.350
105,25.700,29.260,1.510,21.070
106,25.840,29.460,1.250,6.630
107,26.590,30.470,0.900,0.440
108,26.400,29.890,1.140,2.110
109,26.120,29.130,1.360,4.170
110,26.110,31.110,0.910,3.100
111,26.450,30.440,1.150,5.420
112,25.650,29.590,1.260,1.090
113,25.480,29.600,1.290,0.120
114,26.110,29.980,1.210,0.000
115,26.510,30.860,1.120,0.020
116,25.510,32.200,0.810,0.020
117,25.990,29.940,0.910,25.970
118,25.200,31.530,0.750,8.940
119,25.480,29.860,1.170,17.710
120,25.420,30.930,1.230,11.450
121,25.140,32.630,0.780,7.660
122,25.700,31.630,0.660,4.780
123,25.350,31.460,0.990,13.080
124,25.550,29.290,1.160,13.300
125,25.360,28.880,1.420,13.000
126,25.160,29.330,0.970,5.050
127,25.530,30.360,1.210,3.260
128,25.570,33.150,1.150,9.740
129,25.680,29.460,1.200,2.760
130,26.150,31.010,0.900,1.140
131,26.010,30.730,1.240,9.000
132,25.950,31.300,0.990,3.690
133,26.460,29.750,0.700,7.420
134,26.600,30.050,0.690,2.780
135,25.810,29.420,1.170,0.950
136,26.080,30.620,1.100,2.750
137,25.850,29.930,1.800,1.860
138,25.660,30.120,1.350,1.020
139,25.910,31.150,0.960,0.200
140,26.170,29.700,1.450,0.120
141,25.270,29.960,1.670,0.160
142,25.850,30.210,1.220,0.030
143,26.930,31.400,1.140,1.980
144,26.750,30.020,1.300,1.170
145,27.040,30.000,0.940,0.140
146,27.000,30.280,0.870,0.540
147,26.420,29.640,1.170,0.290
148,25.670,31.360,1.190,0.010
149,26.210,29.820,1.020,6.990
150,26.710,28.740,1.180,14.750
151,26.360,29.480,1.180,7.030
152,26.490,29.480,1.100,12.430
153,25.810,28.210,1.440,6.670
154,25.590,30.360,1.420,0.460
155,26.410,30.410,1.330,0.380
156,26.500,30.330,1.230,0.420
157,25.940,29.970,1.230,2.110
158,25.660,30.520,1.090,1.030
159,26.230,30.760,0.780,15.120
160,25.580,27.960,1.310,19.300
161,25.090,29.790,1.390,0.300
162,25.560,28.960,1.410,0.130
163,25.720,29.230,1.660,0.140
164,25.820,28.780,1.300,2.190
165,25.600,27.830,1.310,1.710
166,25.990,29.750,1.170,4.810
167,25.540,29.700,1.340,6.650
168,25.680,29.970,1.140,4.430
169,25.780,29.050,1.300,1.380
170,25.280,29.100,1.120,1.050
171,25.580,26.670,1.340,6.390
172,25.470,30.920,0.880,1.980
173,25.790,28.570,1.170,1.450
174,25.360,27.620,1.010,0.720
175,25.470,29.790,1.170,0.700
176,25.780,29.930,1.170,2.670
177,25.510,28.290,1.400,5.610
178,25.300,30.010,1.110,0.920
179,25.590,29.600,0.830,0.080
180,25.690,30.280,0.970,0.440
181,26.130,30.040,0.920,0.260
182,26.180,29.790,1.100,0.110
183,25.640,30.090,0.940,0.220
184,26.150,29.390,0.870,0.140
185,26.250,29.870,0.700,0.050
186,25.740,28.960,1.090,12.940
187,25.260,28.560,1.300,3.080
188,25.120,30.270,1.050,2.190
189,26.170,30.680,0.650,1.210
190,25.190,29.430,1.270,1.810
191,25.470,29.220,1.190,15.460
192,25.070,27.040,1.320,10.080
193,25.010,28.520,1.100,1.930
194,25.210,28.280,0.670,1.090
195,24.720,29.470,0.810,5.070
196,25.430,28.720,1.230,5.690
197,24.880,28.200,1.330,2.000
198,25.310,28.780,0.790,0.360
199,24.910,29.380,0.910,3.530
200,24.750,29.460,0.930,7.110
201,24.970,29.290,1.160,0.390
202,25.560,28.750,0.740,0.580
203,25.290,27.640,1.030,9.170
204,25.070,29.180,1.060,6.640
205,25.330,28.040,1.160,4.550
206,25.620,29.380,0.830,2.930
207,25.800,29.840,0.640,1.530
208,25.220,29.290,0.990,0.190
209,25.400,28.350,1.330,15.010
210,25.140,28.620,1.170,13.440
211,24.970,28.180,1.210,5.950
212,25.250,28.480,1.190,0.310
213,25.150,28.850,1.650,0.940
214,25.020,27.900,1.520,2.380
215,24.720,29.230,1.510,0.900
216,25.200,27.260,1.210,20.100
217,25.110,28.680,1.330,17.970
218,25.200,29.880,1.250,0.210
219,26.330,28.850,1.030,0.090
220,25.540,29.480,1.100,2.120
221,25.760,29.300,1.070,6.510
222,24.990,28.630,1.410,1.070
223,25.450,28.080,1.110,5.540
224,24.520,30.070,0.870,0.560
225,26.080,29.430,1.270,0.070
226,25.580,29.140,1.260,6.470
227,25.390,28.250,1.240,9.050
228,25.350,28.340,1.230,9.880
229,25.290,27.880,1.350,1.800
230,25.400,28.450,1.500,0.230
231,25.210,29.050,1.570,0.010
232,25.020,30.250,1.490,0.000
233,25.490,28.620,1.290,0.000
234,25.470,29.640,1.310,0.000
235,25.790,29.400,1.410,0.000
236,25.510,30.300,1.430,0.140
237,26.110,30.180,1.340,0.080
238,25.550,30.470,1.550,0.080
239,25.920,29.890,1.090,0.150
240,25.940,30.430,1.120,0.000
241,25.750,30.420,0.930,3.350
242,26.140,30.290,0.990,3.210
243,25.810,29.600,1.260,1.020
244,25.220,30.600,1.330,1.360
245,25.800,29.920,0.930,0.800
246,25.640,29.470,1.040,3.490
247,24.720,26.750,0.970,27.860
248,24.430,29.150,1.400,11.420
249,24.370,29.160,1.180,0.390
250,25.080,29.260,1.320,0.950
251,25.170,29.130,1.120,2.360
252,25.540,28.900,1.260,3.830
253,25.180,29.780,1.280,5.280
254,25.650,29.650,1.190,3.270
255,25.370,30.120,1.580,0.080
256,25.550,29.890,1.530,0.120
257,25.490,30.450,1.330,1.630
258,25.500,31.180,1.700,1.370
259,25.250,31.460,1.730,0.000
260,25.040,31.500,1.660,1.500
261,25.240,30.690,1.200,9.160
262,25.430,29.810,0.960,20.310
263,25.290,27.580,1.070,6.720
264,25.190,29.780,1.370,4.270
265,24.860,30.610,1.180,6.970
266,24.730,28.460,1.310,5.160
267,24.680,27.710,0.910,8.950
268,24.900,29.690,1.280,3.650
269,25.140,30.370,1.490,0.140
270,25.600,30.190,1.590,0.270
271,25.210,28.880,1.040,4.000
272,24.380,29.700,1.370,0.670
273,25.030,28.990,1.480,0.020
274,24.890,28.900,1.640,2.520
275,24.670,30.050,1.490,5.590
276,24.500,28.430,1.840,2.720
277,24.240,28.890,1.620,12.070
278,24.680,28.910,1.100,6.750
279,25.100,28.520,1.240,2.030
280,25.420,30.550,0.870,1.020
281,25.570,29.130,1.040,1.960
282,24.850,30.750,1.490,1.480
283,25.170,31.270,1.470,1.290
284,25.140,31.320,1.430,5.110
285,24.790,31.270,1.160,7.280
286,25.540,29.650,1.030,0.930
287,24.670,30.420,1.100,10.910
288,25.360,28.450,1.220,55.850
289,25.420,30.060,1.210,11.350
290,25.430,30.690,1.250,0.230
291,25.310,29.940,1.310,0.950
292,25.370,29.350,1.500,0.540
293,25.270,30.340,1.380,0.720
294,24.980,30.480,1.130,7.250
295,24.650,30.220,1.380,7.740
296,24.240,31.170,1.160,15.420
297,24.570,31.550,1.030,20.800
298,25.050,31.570,1.060,13.590
299,24.650,31.830,1.080,4.800
300,24.910,30.750,0.880,30.480
301,24.690,30.630,0.780,17.550
302,24.700,28.960,0.900,3.920
303,24.880,30.780,0.870,2.310
304,25.320,27.550,0.770,24.140
305,24.980,29.370,1.010,21.730
306,24.530,30.040,0.580,32.160
307,25.110,28.390,1.110,13.790
308,24.650,30.000,1.330,0.480
309,25.060,29.600,1.030,19.700
310,25.020,28.770,1.210,1.210
311,25.180,30.230,0.790,0.410
312,25.520,29.600,0.960,7.500
313,24.890,29.680,1.480,4.680
314,25.190,27.150,2.070,3.040
315,24.850,29.330,1.750,0.140
316,25.090,28.750,1.580,5.850
317,24.390,29.430,1.670,4.160
318,24.610,29.150,1.500,1.350
319,24.570,28.650,1.420,3.050
320,25.090,27.750,1.680,2.140
321,24.610,29.810,1.540,0.140
322,25.220,29.250,0.860,3.950
323,24.980,29.530,0.930,18.900
324,24.910,30.910,0.810,8.430
325,24.960,29.620,0.960,6.330
326,24.840,29.920,0.910,17.890
327,25.000,30.390,1.090,7.360
328,24.910,29.760,1.440,2.270
329,25.020,29.180,1.470,12.240
330,24.480,28.180,1.310,7.530
331,24.920,27.160,1.390,1.840
332,24.850,30.410,1.270,0.840
333,24.100,30.410,1.210,0.810
334,23.870,29.970,1.300,9.780
335,24.220,29.150,1.650,13.290
336,23.720,29.120,1.930,3.790
337,22.970,29.480,1.930,0.390
338,23.000,29.570,1.880,0.030
339,23.130,29.910,1.600,0.350
340,23.440,29.840,1.800,1.750
341,23.400,29.550,1.650,0.830
342,23.530,29.310,1.530,0.550
343,24.300,28.730,1.490,3.160
344,24.120,29.870,1.430,5.230
345,24.030,29.500,1.370,5.530
346,24.300,28.810,1.430,5.850
347,24.400,26.560,1.490,31.770
348,24.260,29.290,0.910,2.780
349,24.040,29.730,1.430,0.430
350,24.340,28.750,1.160,5.840
351,24.450,27.070,1.350,18.660
352,23.540,28.590,0.940,8.340
353,24.330,28.910,0.960,2.860
354,23.910,28.820,0.860,1.590
355,24.190,28.410,1.020,7.320
356,23.820,28.960,1.060,2.480
357,24.110,29.010,1.330,4.830
358,23.050,29.120,1.650,1.020
359,22.060,28.830,1.350,0.000
360,22.640,29.280,1.160,0.030
361,23.250,28.550,1.350,0.000
362,23.870,29.820,1.380,0.100
363,23.570,29.590,1.540,4.000
364,23.690,29.760,1.470,2.060
365,23.190,29.700,1.170,3.500
1,23.720,28.660,1.220,2.830
2,23.960,29.610,0.920,11.120
3,23.990,29.020,1.210,9.230
4,23.500,29.720,1.390,1.900
5,23.670,30.120,1.490,0.390
6,23.520,29.650,1.390,0.330
7,22.760,29.280,1.520,0.230
8,22.990,27.840,1.580,0.040
9,23.250,29.880,1.250,0.200
10,22.300,30.010,1.490,0.230
11,23.360,30.170,1.320,0.010
12,23.440,29.950,1.410,5.860
13,23.270,30.740,1.140,3.950
14,24.510,30.020,1.140,4.840
15,24.260,29.060,1.440,11.600
16,23.980,29.860,1.680,6.600
17,23.920,29.450,1.790,11.690
18,23.940,29.150,1.680,11.890
19,23.630,29.880,1.520,1.010
20,23.490,29.750,1.160,4.580
21,23.510,29.750,1.110,2.650
22,23.910,28.450,1.080,6.530
23,24.060,28.550,1.350,4.090
24,23.910,29.530,0.980,0.730
25,23.560,30.200,1.130,0.310
26,24.650,28.260,1.170,1.990
27,24.110,28.410,1.120,8.610
28,24.480,27.610,1.370,6.480
29,24.030,27.130,1.080,2.430
30,23.750,28.490,0.800,1.970
31,23.520,29.610,0.860,0.830
32,23.880,29.230,1.320,1.520
33,23.510,29.380,1.420,1.900
34,23.780,28.400,1.310,1.690
35,23.830,29.620,1.230,0.490
36,23.960,29.980,1.230,0.340
37,23.900,29.360,1.290,0.680
38,24.180,27.440,1.280,3.830
39,23.620,30.310,0.980,1.290
40,23.690,30.550,1.140,0.230
41,23.180,30.510,1.170,0.010
42,23.050,30.200,1.240,3.490
43,23.680,30.520,0.550,1.140
44,23.320,30.200,0.930,7.130
45,23.020,30.440,0.990,3.880
46,23.990,30.470,1.250,2.880
47,24.650,29.810,1.430,0.250
48,24.430,30.470,1.580,0.060
49,24.650,29.830,1.510,0.440
50,24.020,29.190,1.280,0.400
51,24.610,30.120,0.830,0.300
52,24.280,31.060,1.240,0.100
53,23.570,30.090,1.560,0.020
54,23.890,30.680,1.510,0.330
55,23.680,30.520,1.740,0.180
56,23.870,29.930,1.670,0.280
57,23.430,30.740,1.310,1.390
58,24.170,30.230,1.390,3.360
59,24.150,30.410,1.220,32.280
60,23.770,30.180,0.900,21.270
61,24.020,29.140,1.110,3.110
62,24.380,30.370,0.970,0.010
63,24.160,30.940,1.110,0.020
64,23.220,30.600,1.460,0.010
65,22.240,31.230,0.860,0.000
66,23.680,31.220,1.170,3.750
67,24.080,31.530,1.200,7.720
68,24.710,30.330,0.980,3.550
69,24.350,30.960,0.930,1.120
70,23.410,30.670,1.060,14.430
71,23.440,30.850,1.030,5.970
72,24.320,30.810,0.910,2.810
73,24.420,30.750,0.940,5.450
74,24.390,31.130,1.020,6.340
75,23.960,28.560,1.190,11.010
76,23.730,31.480,0.850,1.900
77,25.110,30.610,0.480,1.550
78,25.560,29.940,0.690,0.840
79,24.900,29.300,0.840,1.320
80,25.330,29.810,0.780,1.310
81,25.130,30.300,0.990,8.340
82,25.460,29.220,0.970,6.100
83,24.180,29.350,0.590,0.750
84,25.450,28.510,1.080,2.210
85,25.060,29.370,1.380,5.670
86,25.310,29.880,1.230,17.620
87,25.420,31.090,1.290,18.440
88,24.040,31.170,1.090,4.280
89,25.080,28.800,1.060,38.520
90,25.110,28.270,1.090,17.090
91,24.870,31.400,0.670,7.890
92,25.140,28.910,0.990,2.830
93,24.280,30.440,1.260,5.150
94,24.770,29.290,1.130,18.520
95,24.990,28.390,1.340,10.730
96,24.130,30.790,1.190,3.090
97,24.760,31.880,0.810,3.140
98,25.730,28.610,0.850,4.800
99,25.660,29.910,0.910,7.550
100,25.350,30.870,0.880,3.320
101,26.050,30.270,1.120,1.730
102,25.550,31.710,0.690,2.440
103,25.170,32.270,0.560,1.580
104,25.810,31.380,0.370,4.290
105,25.270,30.890,1.060,23.610
106,24.920,31.050,0.860,7.540
107,24.860,30.890,0.980,6.330
108,25.210,30.640,0.910,1.620
109,25.350,30.140,0.590,9.830
110,25.170,31.060,0.550,6.380
111,25.900,30.750,0.830,4.050
112,25.840,28.700,1.070,6.710
113,25.560,28.900,1.620,4.020
114,25.350,28.980,1.460,0.060
115,25.730,29.720,0.880,7.410
116,25.530,29.570,1.330,5.420
117,25.420,29.500,0.980,7.060
118,25.610,29.440,1.120,7.060
119,25.730,31.590,0.600,12.630
120,26.130,32.210,0.770,9.720
121,26.350,30.330,0.920,18.280
122,25.910,31.000,0.960,14.960
123,25.820,29.750,1.070,1.200
124,26.510,29.720,0.720,3.250
125,25.760,28.980,1.080,2.820
126,25.660,28.920,1.010,6.370
127,25.310,27.190,1.480,2.460
128,24.970,29.770,1.080,0.380
129,25.650,30.190,0.850,2.280
130,25.770,31.130,0.940,50.400
131,25.840,29.800,1.040,21.080
132,25.380,31.330,0.770,4.880
133,25.850,29.810,1.000,6.010
134,26.130,29.360,1.060,1.780
135,26.640,30.720,0.790,0.130
136,26.220,29.800,1.050,11.640
137,25.930,30.110,1.320,7.440
138,25.950,29.970,1.160,2.010
139,26.330,30.000,1.490,17.990
140,26.420,30.160,1.300,6.240
141,26.000,29.800,1.520,1.750
142,25.410,30.190,1.020,0.260
143,25.330,30.270,1.200,4.210
144,25.350,30.390,1.590,6.570
145,25.530,30.670,1.480,2.140
146,26.060,30.310,1.550,16.670
147,25.730,30.820,1.250,11.140
148,26.220,29.270,1.460,14.570
149,26.510,29.860,1.120,6.420
150,25.740,30.930,0.940,8.050
151,25.790,30.740,1.410,13.620
152,26.140,30.370,1.520,5.100
153,26.040,30.900,1.280,5.230
154,25.970,29.940,1.240,2.520
155,25.560,28.970,1.510,5.060
156,25.520,27.600,1.160,41.030
157,25.200,31.220,1.320,4.870
158,25.660,30.280,1.450,0.030
159,25.880,30.730,1.570,0.000
160,25.730,28.460,1.320,4.640
161,26.300,29.930,0.730,1.080
162,25.900,30.320,1.350,0.000
163,26.450,30.150,0.990,0.000
164,26.300,29.300,0.750,0.000
165,26.870,31.360,0.590,0.000
166,26.980,30.790,0.780,0.000
167,26.710,30.880,0.830,0.000
168,25.530,30.340,1.200,0.080
169,26.150,29.870,1.060,0.530
170,25.560,28.090,1.200,0.640
171,25.350,29.590,1.380,0.130
172,25.120,30.620,1.610,0.000
173,25.120,30.330,1.620,0.190
174,25.550,29.510,1.500,3.370
175,26.240,28.270,1.120,1.110
176,25.670,29.610,1.360,0.860
177,25.610,29.900,1.880,0.190
178,25.490,30.080,1.460,0.080
179,25.030,30.460,1.430,0.060
180,25.150,29.710,1.280,0.010
181,25.500,28.810,1.140,2.160
182,25.260,29.040,1.250,2.120
183,25.460,29.140,1.620,0.030
184,25.190,28.070,1.780,1.520
185,24.890,27.980,1.320,11.440
186,24.960,29.220,1.490,6.090
187,24.890,29.530,1.700,2.440
188,25.080,28.810,1.140,3.310
189,24.980,28.370,1.480,5.940
190,24.530,28.860,1.200,0.020
191,25.890,29.410,0.870,0.060
192,24.690,30.060,1.080,1.160
193,24.860,29.770,1.230,0.770
194,24.730,29.110,1.550,0.000
195,24.820,29.770,1.610,0.010
196,24.840,29.910,1.820,0.000
197,24.870,30.130,1.830,0.000
198,24.910,30.060,1.240,0.530
199,25.380,29.930,1.390,0.200
200,25.230,30.430,1.080,2.500
201,25.750,29.810,0.900,2.210
202,25.430,28.070,1.000,2.810
203,25.280,28.590,0.950,1.840
204,25.360,28.790,1.310,3.430
205,25.180,28.730,1.520,4.700
206,25.430,28.880,1.600,0.670
207,25.180,28.560,1.310,0.000
208,25.070,29.380,1.470,0.000
209,25.100,29.610,1.490,0.060
210,25.230,28.540,1.540,0.080
211,24.940,29.040,1.490,0.000
212,25.430,29.860,1.710,0.000
213,25.030,30.230,1.340,1.980
214,25.380,29.380,1.260,4.990
215,25.210,28.990,1.400,5.420
216,25.080,30.450,1.790,0.870
217,25.210,30.200,2.000,0.540
218,24.550,30.000,1.580,1.530
219,24.720,29.180,1.790,1.270
220,24.610,29.150,1.530,0.000
221,24.870,29.260,1.320,11.750
222,24.780,28.920,1.400,3.720
223,25.080,29.260,1.580,2.370
224,25.280,29.740,1.330,2.970
225,25.200,29.880,1.490,1.010
226,25.380,28.430,1.590,0.150
227,25.390,30.410,1.580,0.040
228,24.930,29.630,1.430,3.330
229,24.960,29.320,1.170,1.840
230,25.420,29.040,1.090,1.510
231,24.970,28.770,1.310,7.690
232,24.990,29.360,1.610,3.600
233,25.310,29.930,1.720,0.160
234,25.460,30.090,1.600,2.370
235,25.220,27.860,1.290,6.430
236,25.170,30.050,1.010,8.210
237,25.310,29.760,0.970,3.180
238,25.250,29.300,1.340,5.130
239,25.570,29.300,1.300,23.580
240,25.080,28.570,1.320,6.600
241,25.220,29.620,0.910,2.680
242,25.630,28.960,0.870,26.020
243,25.550,29.520,1.030,25.160
244,25.690,29.570,0.570,3.610
245,25.460,28.840,1.020,1.980
246,24.940,28.560,0.980,1.230
247,25.590,31.250,0.470,16.220
248,25.360,28.320,0.900,6.490
249,25.390,29.340,0.760,0.100
250,25.190,29.500,1.320,0.820
251,24.930,29.890,1.540,1.260
252,24.080,30.730,1.500,0.130
253,25.320,28.120,1.350,7.650
254,25.080,29.800,0.900,2.170
255,25.230,29.020,1.170,16.700
256,24.760,29.410,1.190,5.560
257,25.240,27.640,1.240,0.020
258,25.200,29.290,1.050,7.430
259,24.950,30.260,0.840,3.400
260,25.510,30.270,0.850,2.830
261,24.890,30.130,1.110,5.000
262,24.890,28.990,1.080,5.880
263,25.170,29.500,1.130,1.950
264,25.390,28.720,1.400,1.240
265,24.910,29.950,1.190,7.170
266,25.320,29.960,1.040,5.380
267,25.240,29.910,0.750,1.100
268,24.910,30.130,1.000,0.930
269,24.920,28.520,0.800,0.180
270,24.620,30.350,1.280,3.770
271,24.870,30.100,1.180,5.930
272,25.180,27.780,0.680,5.930
273,24.890,29.050,0.860,0.790
274,25.060,27.910,0.950,0.110
275,24.990,29.930,0.840,0.140
276,25.010,30.020,1.480,1.220
277,24.570,30.040,1.530,0.330
278,25.250,29.580,1.290,1.910
279,25.450,29.490,1.080,0.980
280,25.090,27.890,1.020,0.330
281,25.270,29.630,0.570,0.650
282,24.780,29.460,1.340,0.310
283,24.870,30.120,1.340,3.620
284,24.740,30.620,1.550,1.280
285,24.870,30.050,1.210,7.200
286,24.350,30.130,0.880,5.510
287,24.750,30.300,0.540,4.410
288,24.310,31.750,0.940,11.380
289,24.170,30.010,0.810,8.640
290,23.840,30.520,1.270,2.300
291,24.440,29.650,1.140,1.370
292,24.000,30.380,0.840,3.050
293,23.980,30.480,0.880,8.240
294,24.820,29.000,0.740,23.840
295,24.240,29.020,1.380,2.810
296,24.430,29.270,0.800,0.260
297,24.630,29.070,1.370,0.050
298,24.570,29.540,1.130,0.210
299,24.920,27.710,1.230,0.590
300,24.520,29.100,1.280,0.570
301,24.830,29.610,1.330,0.100
302,24.130,29.050,1.100,0.180
303,24.050,30.610,0.730,1.970
304,24.880,28.690,0.750,1.970
305,24.450,30.680,0.510,7.720
306,25.090,29.470,0.570,1.080
307,24.760,30.000,1.080,10.670
308,24.590,28.470,0.990,7.910
309,24.280,28.800,0.880,7.400
310,24.490,29.120,0.940,2.880
311,24.410,28.020,0.740,2.720
312,24.680,26.870,1.270,19.830
313,24.520,27.750,1.220,13.360
314,24.010,28.110,1.080,10.840
315,24.590,28.260,1.010,8.700
316,24.510,29.540,0.680,0.920
317,24.440,28.410,1.120,6.230
318,24.310,28.120,1.110,22.670
319,24.100,28.170,1.700,4.760
320,23.190,29.820,1.520,1.870
321,23.820,29.650,1.720,0.380
322,24.240,28.020,1.000,1.600
323,24.640,29.620,1.000,6.880
324,24.780,27.800,0.890,26.030
325,23.910,29.940,1.190,27.340
326,24.090,30.130,1.400,3.320
327,24.280,29.140,1.300,3.110
328,24.720,29.350,1.210,5.940
329,23.980,29.990,1.330,8.310
330,24.120,30.150,1.340,10.690
331,24.360,28.480,1.440,4.880
332,23.960,29.950,1.330,0.600
333,24.240,29.790,1.290,3.370
334,24.540,27.240,0.700,8.070
335,24.600,29.930,0.910,4.370
336,24.830,28.600,1.090,13.190
337,24.140,29.370,1.220,17.010
338,24.120,28.650,1.370,3.030
339,23.850,28.040,1.640,2.700
340,23.560,29.070,1.490,3.870
341,23.940,26.150,1.310,11.330
342,23.830,28.010,1.470,3.230
343,23.570,28.780,1.490,1.610
344,23.750,27.210,1.600,7.920
345,24.010,27.400,1.350,10.970
346,23.630,28.620,1.540,11.710
347,23.850,28.120,1.150,13.110
348,23.980,29.190,1.450,4.440
349,23.690,28.410,1.470,7.250
350,24.060,28.190,1.660,8.630
351,23.750,29.410,1.260,4.950
352,23.980,29.290,1.320,2.930
353,24.030,29.210,1.350,18.940
354,24.160,29.020,1.550,8.700
355,23.970,28.000,1.620,7.080
356,23.510,29.470,1.630,1.210
357,23.650,28.720,1.410,2.790
358,23.820,28.030,1.400,9.740
359,23.690,29.810,0.930,0.890
360,24.050,28.460,1.400,9.210
361,23.660,28.830,0.920,14.520
362,24.210,28.770,0.590,4.910
363,24.840,30.030,1.050,19.200
364,24.490,28.480,0.910,15.260
365,24.150,28.210,0.700,17.200
1,23.910,28.630,1.020,43.330
2,23.700,28.220,0.900,29.770
3,24.070,28.410,1.350,0.640
4,23.770,27.630,1.280,3.370
5,24.220,28.040,1.060,21.470
6,24.010,29.160,0.850,10.140
7,24.740,28.430,1.070,9.180
8,24.170,29.070,1.120,5.580
9,23.130,29.440,1.230,1.070
10,23.320,29.480,1.340,0.070
11,22.840,29.280,1.580,0.370
12,22.960,29.300,1.480,0.190
13,22.750,28.770,1.740,0.170
14,22.400,29.260,1.590,0.030
15,22.860,29.430,1.530,0.660
16,23.470,29.290,1.980,0.650
17,23.390,28.530,1.980,5.150
18,22.850,28.660,1.880,2.430
19,22.650,28.650,1.560,0.320
20,22.400,28.850,1.560,0.070
21,22.010,28.280,1.700,0.000
22,22.160,28.860,1.680,0.000
23,22.460,29.280,1.540,1.200
24,22.710,29.290,1.580,0.340
25,22.680,29.700,1.170,0.910
26,22.940,29.950,1.030,1.040
27,23.180,29.850,1.420,0.200
28,23.580,29.690,1.660,2.450
29,23.090,29.300,1.750,0.240
30,23.110,29.610,1.480,0.050
31,23.370,29.900,1.340,0.020
32,23.600,30.190,1.180,4.270
33,23.490,29.830,1.130,9.460
34,23.510,29.640,1.460,3.950
35,23.600,30.060,1.120,0.020
36,23.950,29.890,1.150,9.600
37,24.060,29.270,0.840,8.410
38,24.220,30.210,1.200,21.710
39,23.990,30.080,1.130,28.280
40,24.120,29.500,1.190,21.730
41,24.140,29.650,0.670,13.190
42,23.960,29.030,0.920,8.100
43,24.490,29.390,0.670,1.990
44,24.080,29.940,0.870,0.610
45,23.850,30.700,0.980,8.770
46,24.330,30.490,1.420,1.660
47,24.380,30.750,1.190,0.020
48,25.100,30.120,0.850,3.250
49,25.090,29.740,0.690,34.610
50,24.900,30.400,0.600,0.580
51,25.240,30.110,0.650,0.020
52,24.680,29.030,0.970,3.040
53,24.420,30.520,0.880,4.700
54,23.360,30.150,1.550,1.370
55,23.390,29.630,1.520,0.520
56,23.720,29.500,2.050,0.340
57,23.700,29.960,1.620,0.750
58,23.020,30.410,1.640,0.060
59,23.470,30.460,1.220,0.160
60,24.290,29.590,1.080,2.240
61,24.520,30.520,1.290,10.710
62,24.830,30.420,0.750,6.900
63,25.950,29.240,0.960,1.660
64,25.560,30.190,0.620,3.880
65,25.580,30.700,0.550,1.900
66,25.230,28.830,1.550,0.730
67,24.940,29.630,1.530,15.020
68,24.780,28.150,1.210,26.800
69,24.430,28.870,0.720,20.120
70,23.970,30.220,0.990,8.500
71,23.290,29.330,1.270,4.420
72,23.480,30.610,1.230,1.120
73,23.770,30.570,1.280,18.590
74,23.940,30.690,1.360,6.860
75,23.880,30.830,1.150,0.160
76,24.460,31.350,1.070,0.370
77,24.480,31.340,0.950,0.140
78,25.040,30.400,1.100,3.090
79,23.900,31.350,1.410,0.750
80,23.950,31.330,1.330,0.680
81,24.690,30.820,1.400,0.440
82,23.990,31.190,1.130,0.020
83,24.540,30.920,1.110,0.950
84,24.910,30.120,1.140,20.880
85,24.870,31.540,0.820,11.730
86,24.940,31.460,1.160,0.150
87,25.030,29.960,1.170,4.320
88,25.000,31.190,0.950,2.520
89,24.810,31.520,0.890,0.130
90,24.490,30.790,0.920,1.870
91,24.120,31.130,1.130,0.840
92,24.640,31.040,0.870,5.480
93,24.500,31.200,0.620,8.590
94,24.880,31.010,1.040,3.900
95,25.930,29.710,0.690,1.180
96,25.310,28.820,1.150,2.730
97,25.480,29.600,1.320,3.540
98,25.410,28.020,0.830,0.650
99,25.080,30.340,0.660,0.710
100,25.770,31.340,0.820,8.800
101,25.990,28.540,1.430,3.310
102,25.400,30.540,1.340,0.360
103,25.810,29.990,1.170,7.170
104,25.870,31.230,0.980,3.340
105,26.470,30.840,0.880,0.120
106,26.700,31.000,0.650,0.560
107,25.990,30.210,0.510,3.130
108,24.690,31.850,0.790,1.990
109,25.100,31.410,0.950,2.340
110,25.380,31.150,0.830,1.390
111,26.130,30.590,0.760,5.190
112,25.850,30.870,1.070,1.910
113,26.120,31.020,1.250,0.090
114,26.280,30.900,1.110,0.090
115,26.610,31.480,0.850,2.700
116,25.650,32.450,0.830,1.900
117,25.240,31.820,1.070,24.940
118,25.370,30.940,1.130,32.170
119,25.500,31.130,0.810,9.030
120,25.860,31.460,0.660,36.880
121,26.130,30.840,0.930,12.600
122,26.130,30.470,1.160,3.310
123,26.050,31.220,1.200,0.610
124,26.580,30.600,0.780,0.820
125,26.290,34.460,0.570,31.930
126,25.720,31.360,1.180,10.390
127,26.070,30.690,0.750,8.380
128,25.810,31.910,0.640,13.110
129,25.650,29.670,1.500,1.670
130,25.780,29.050,1.440,0.850
131,25.920,28.830,1.290,0.390
132,25.820,29.330,1.290,1.020
133,26.510,31.890,0.950,42.840
134,26.210,30.850,0.710,19.280
135,25.820,33.290,0.570,36.840
136,25.870,31.400,0.440,18.330
137,26.100,31.540,1.030,22.750
138,25.840,29.190,0.960,12.560
139,26.360,28.950,1.150,2.560
140,26.150,30.220,1.170,0.840
141,26.900,28.380,1.210,1.670
142,26.380,30.170,1.150,16.990
143,26.060,29.990,0.900,10.440
144,25.730,30.070,1.110,2.070
145,26.180,29.830,1.050,6.190
146,25.930,29.820,0.910,2.600
147,26.290,29.930,1.060,0.050
148,26.150,29.130,1.130,0.190
149,26.740,30.660,0.840,1.530
150,26.670,31.760,0.760,2.790
151,26.410,29.870,0.860,3.090
152,26.880,32.710,0.590,1.790
153,26.130,30.010,1.190,6.450
154,26.050,30.450,1.140,17.320
155,26.340,30.860,1.110,5.650
156,26.130,29.790,1.320,1.110
157,26.260,29.410,1.430,6.350
158,26.280,29.510,1.150,2.680
159,25.680,29.180,1.230,0.520
160,25.900,30.680,0.770,1.720
161,26.260,31.610,1.040,24.920
162,25.660,29.210,1.320,3.210
163,26.070,30.150,1.650,0.270
164,26.140,28.830,1.410,11.600
165,25.860,28.410,1.180,2.530
166,25.440,29.560,1.110,3.420
167,26.270,29.490,0.890,0.660
168,25.890,29.740,1.230,21.240
169,25.670,29.100,1.240,4.220
170,25.670,28.830,1.250,4.060
171,25.710,28.290,1.300,18.500
172,25.310,28.540,1.420,2.230
173,25.770,29.730,1.540,0.010
174,25.980,29.280,1.580,0.070
175,26.110,29.520,1.560,1.280
176,25.820,30.040,1.350,1.160
177,25.870,29.580,1.310,0.070
178,26.110,28.330,1.280,0.100
179,25.490,28.720,1.160,4.520
180,25.710,27.660,1.010,9.490
181,25.660,28.850,1.240,3.250
182,25.770,28.360,1.440,1.730
183,26.010,29.300,1.240,4.970
184,25.830,30.420,1.280,2.590
185,25.710,28.530,1.330,1.310
186,25.740,28.810,0.890,2.000
187,25.170,29.180,1.230,0.210
188,25.360,29.940,1.440,0.870
189,25.580,29.180,1.110,0.700
190,25.430,29.350,1.110,3.980
191,25.650,29.950,1.250,13.830
192,25.440,28.950,1.650,2.710
193,25.300,28.790,1.360,3.390
194,24.970,31.910,1.270,18.150
195,24.570,28.220,1.340,8.350
196,24.520,29.340,1.230,2.030
197,24.910,29.710,1.320,0.610
198,25.340,29.140,1.370,1.290
199,25.050,28.810,1.460,7.670
200,24.660,28.990,1.430,2.730
201,25.190,29.860,1.300,23.090
202,25.030,28.580,1.220,9.850
203,24.550,28.990,1.370,0.750
204,25.110,29.010,1.030,6.000
205,25.400,28.860,1.100,5.790
206,24.880,28.630,1.180,0.100
207,25.100,29.520,1.530,0.530
208,25.060,28.620,1.370,38.320
209,25.360,28.820,1.300,10.080
210,25.550,28.060,1.130,1.720
211,25.440,28.350,1.060,29.880
212,24.850,28.870,1.320,5.820
213,25.190,27.770,1.680,4.680
214,24.900,28.950,1.290,4.120
215,25.240,28.250,1.450,1.900
216,25.030,29.160,1.520,5.150
217,25.220,28.680,1.160,4.220
218,24.880,27.930,1.590,0.530
219,24.450,29.840,1.480,0.090
220,25.000,29.560,1.280,1.080
221,24.970,30.140,1.390,0.300
222,25.150,30.550,0.790,0.380
223,25.130,29.720,1.240,12.550
224,24.560,28.800,1.310,6.620
225,25.680,30.210,1.070,0.540
226,25.140,29.710,1.370,0.260
227,25.340,27.930,0.970,26.950
228,24.660,27.680,1.430,1.340
229,24.530,28.520,1.200,2.450
230,25.080,26.920,1.340,12.160
231,24.720,27.560,1.350,3.510
232,24.570,28.340,1.220,0.370
233,25.000,28.890,1.310,0.740
234,25.350,28.070,1.380,1.040
235,25.100,28.650,1.310,1.160
236,25.100,28.560,1.290,0.830
237,25.380,27.760,1.130,1.060
238,25.080,28.570,1.380,2.020
239,24.560,29.240,1.650,0.850
240,24.950,28.950,1.210,0.550
241,25.090,29.130,1.640,0.040
242,25.080,29.390,1.730,1.340
243,24.890,28.920,1.570,1.600
244,24.960,28.620,1.690,0.360
245,25.020,28.810,1.400,0.360
246,25.500,30.060,1.140,0.020
247,26.260,28.790,1.010,0.220
248,25.810,28.530,1.340,8.750
249,25.290,29.700,1.110,5.960
250,25.420,28.790,1.080,0.160
251,26.550,29.390,0.830,0.950
252,25.760,29.410,0.880,1.800
253,25.780,30.250,0.820,0.950
254,26.050,29.290,0.550,0.380
255,25.790,29.190,0.720,1.160
256,25.090,29.080,1.250,9.580
257,24.880,28.810,1.410,7.690
258,24.960,29.300,1.170,6.450
259,25.080,27.030,1.090,4.480
260,24.450,28.900,1.150,1.760
261,24.730,28.820,1.010,3.650
262,24.720,28.430,0.940,4.500
263,25.300,28.980,0.790,3.580
264,24.850,28.980,1.000,1.550
265,25.120,27.930,0.960,1.050
266,25.330,30.010,1.230,0.970
267,25.140,29.870,1.460,0.800
268,25.540,28.780,1.360,4.950
269,24.690,29.000,1.160,12.960
270,25.010,28.550,1.100,19.780
271,25.010,29.800,1.030,15.170
272,24.580,30.160,0.970,29.800
273,24.320,30.280,0.860,17.900
274,25.100,29.150,1.140,0.400
275,24.680,29.130,1.390,0.260
276,25.280,29.460,1.110,0.410
277,25.180,29.190,1.020,6.980
278,24.630,28.660,1.150,2.550
279,24.690,29.010,1.920,13.610
280,24.810,28.980,1.360,8.040
281,24.920,28.250,0.890,7.450
282,25.160,29.110,1.060,4.470
283,26.230,31.220,0.740,0.530
284,25.710,29.760,1.120,11.240
285,25.210,28.960,1.380,5.570
286,24.950,28.660,1.680,2.570
287,24.940,28.520,0.960,4.420
288,26.160,29.240,1.050,4.150
289,25.190,29.070,1.000,0.580
290,25.410,29.530,1.020,0.210
291,25.590,29.460,1.230,4.390
292,25.180,28.090,1.200,1.530
293,25.080,28.270,1.460,1.900
294,24.280,30.210,1.300,1.770
295,24.870,28.800,1.140,11.570
296,24.840,28.340,1.590,8.320
297,25.050,29.770,1.800,0.060
298,25.130,28.910,1.850,0.630
299,24.870,28.170,2.160,1.130
300,25.150,27.910,1.800,0.840
301,24.730,28.050,1.810,2.710
302,24.200,27.230,1.590,6.700
303,24.150,27.610,1.290,2.740
304,24.360,28.600,1.490,1.710
305,24.330,28.950,1.020,1.280
306,24.610,29.670,0.710,3.820
307,24.820,28.970,0.660,3.570
308,24.310,29.650,1.070,4.040
309,24.540,29.300,1.060,3.570
310,24.280,30.180,1.230,4.350
311,24.530,28.270,0.970,2.200
312,24.730,28.630,1.300,4.490
313,24.540,28.930,1.000,8.380
314,24.840,28.460,1.500,2.560
315,24.690,28.610,1.120,9.340
316,24.010,28.940,1.900,13.510
317,23.470,27.220,1.750,67.480
318,24.150,27.490,1.400,5.880
319,24.220,29.500,1.600,1.200
320,24.170,30.930,1.090,0.530
321,24.720,29.720,1.370,2.460
322,24.870,29.090,1.350,17.330
323,24.460,29.440,1.120,8.730
324,24.110,30.510,1.200,14.160
325,24.380,29.650,1.420,10.920
326,24.410,29.270,0.940,4.670
327,24.450,28.080,1.090,30.240
328,24.020,28.390,1.370,12.320
329,24.220,28.860,1.610,1.420
330,24.320,27.930,1.440,17.850
331,24.010,28.440,1.510,16.980
332,24.000,28.140,1.830,1.770
333,23.150,29.370,1.850,0.670
334,23.280,29.540,1.770,1.040
335,23.760,29.610,1.970,1.110
336,23.250,28.920,1.810,0.060
337,22.820,29.330,1.870,0.290
338,22.790,29.300,1.940,0.290
339,23.070,29.060,1.880,2.950
340,23.160,29.240,1.650,21.290
341,23.580,27.740,1.440,27.880
342,23.930,26.350,1.490,16.900
343,23.720,28.570,1.650,6.160
344,23.870,26.500,1.350,15.640
345,24.380,26.580,1.310,13.070
346,23.660,29.130,1.160,19.370
347,23.980,27.460,1.420,15.890
348,24.000,28.730,1.400,5.600
349,23.600,29.390,1.380,25.880
350,23.100,29.330,1.300,7.970
351,23.210,28.960,1.590,4.450
352,22.670,29.070,1.650,2.440
353,22.780,28.780,1.690,1.930
354,23.060,28.950,1.820,0.650
355,22.910,28.980,1.660,0.890
356,23.240,29.010,1.400,8.770
357,23.590,29.560,1.200,3.030
358,23.760,28.630,1.200,2.930
359,24.230,28.530,1.510,4.250
360,23.770,28.100,1.410,7.990
361,23.910,29.380,0.900,6.030
362,24.360,28.530,0.950,17.010
363,24.100,28.640,0.920,14.930
364,23.910,28.280,1.360,7.650
365,23.860,28.400,1.160,16.620
1,23.680,28.900,1.230,19.440
2,23.660,28.860,1.330,3.980
3,23.480,28.860,1.540,0.760
4,22.540,29.010,1.640,0.950
5,22.890,29.240,1.620,1.030
6,23.300,29.420,1.540,2.550
7,23.570,29.300,1.620,4.220
8,23.590,29.470,1.490,3.610
9,23.060,28.900,1.830,0.680
10,21.750,28.730,1.580,0.150
11,22.600,29.410,1.370,0.030
12,23.660,29.910,1.220,0.310
13,23.700,29.710,1.420,2.500
14,23.220,29.610,1.550,0.120
15,23.320,29.350,1.300,0.040
16,23.880,28.540,1.240,18.800
17,23.790,29.340,0.920,11.060
18,23.410,29.440,1.050,7.370
19,23.710,29.120,1.480,10.390
20,23.820,29.100,1.460,27.890
21,23.660,26.680,1.070,10.290
22,23.820,27.220,1.490,0.770
23,23.670,28.680,1.360,16.290
24,24.040,27.960,1.130,2.000
25,23.680,28.790,0.870,0.020
26,23.250,27.960,1.060,1.920
27,22.940,29.330,1.250,0.410
28,23.300,29.840,1.060,0.010
29,23.330,29.890,1.210,0.710
30,23.430,29.590,1.510,3.220
31,23.000,28.700,1.490,4.920
32,22.610,26.890,1.870,2.060
33,22.090,26.960,1.780,0.230
34,21.940,28.550,1.500,0.120
35,22.620,29.290,1.600,0.410
36,22.880,29.130,1.540,0.110
37,23.000,28.830,1.510,0.260
38,22.650,29.280,1.530,0.280
39,22.580,29.230,1.290,0.080
40,23.610,29.160,1.070,1.100
41,22.830,29.740,1.170,1.640
42,23.090,29.500,1.410,1.080
43,22.990,29.950,1.280,0.530
44,23.850,28.810,1.460,2.920
45,23.370,30.120,1.410,1.120
46,22.930,29.840,1.380,0.890
47,22.790,29.770,1.240,0.080
48,22.880,29.880,1.230,0.770
49,23.480,29.770,1.170,3.940
50,23.450,29.160,1.090,6.240
51,23.480,29.130,1.180,0.910
52,23.160,29.850,1.360,2.170
53,22.770,30.110,1.030,1.250
54,23.800,28.630,1.130,13.990
55,22.260,29.680,1.100,3.460
56,22.500,29.870,1.100,0.100
57,22.140,29.870,1.300,0.440
58,23.300,29.660,1.170,1.890
59,23.480,30.340,1.210,0.680
60,23.430,29.550,1.200,7.000
61,23.870,29.240,0.990,14.060
62,23.770,29.080,1.450,6.120
63,23.900,28.700,1.480,3.270
64,23.220,30.130,1.510,0.690
65,22.270,29.530,1.490,3.380
66,22.480,29.480,1.380,0.810
67,23.840,29.900,1.130,6.010
68,24.130,30.440,1.090,5.750
69,23.750,29.590,1.280,8.150
70,23.980,29.590,1.380,2.070
71,24.130,29.130,1.260,7.120
72,24.100,28.520,1.370,21.630
73,24.170,29.140,1.300,6.150
74,23.950,29.610,1.160,5.610
75,24.520,28.750,0.890,2.550
76,24.880,28.230,1.480,9.170
77,24.850,28.690,1.260,6.940
78,24.770,29.130,1.330,13.510
79,25.150,28.550,1.320,7.440
80,24.540,28.970,1.460,0.400
81,24.620,29.700,1.410,9.440
82,24.250,30.650,1.610,2.370
83,23.450,30.630,1.550,2.250
84,23.650,30.690,1.360,0.230
85,24.380,30.430,1.250,0.970
86,23.730,30.940,1.180,1.330
87,24.000,31.130,0.940,0.640
88,24.290,30.210,1.110,1.840
89,25.360,29.840,1.410,0.950
90,24.920,29.720,0.930,0.260
91,24.390,28.710,0.750,10.140
92,25.140,30.410,0.550,11.100
93,25.160,28.230,0.530,1.550
94,25.150,29.010,0.900,3.450
95,24.630,29.160,1.120,1.830
96,25.330,29.190,1.260,1.550
97,25.250,29.600,1.430,2.600
98,25.450,28.690,1.550,6.470
99,25.290,29.390,1.100,4.380
100,24.980,29.790,0.620,12.570
101,24.740,28.060,1.360,4.610
102,24.740,29.630,0.700,1.040
103,24.680,28.410,0.860,2.520
104,24.620,28.350,0.930,1.930
105,24.590,30.680,0.670,3.140
106,25.110,29.570,1.500,9.080
107,25.330,28.580,1.260,14.910
108,25.680,30.060,0.930,10.840
109,25.090,30.140,1.110,2.230
110,25.500,30.390,1.040,1.770
111,25.760,30.370,0.770,1.050
112,25.790,30.580,1.090,1.780
113,25.810,30.070,1.040,10.250
114,25.910,30.610,0.650,42.730
115,25.350,30.310,0.930,28.330
116,25.380,32.650,0.440,0.480
117,25.650,30.810,1.120,1.160
118,25.390,31.350,1.130,3.020
119,25.840,29.760,0.740,3.230
120,25.920,31.480,0.930,4.380
121,25.970,29.940,1.090,1.860
122,25.770,31.680,0.500,2.510
123,26.250,32.010,0.540,16.510
124,25.050,31.350,0.850,4.930
125,25.520,30.790,0.850,12.930
126,25.540,30.600,0.810,6.210
127,25.730,31.550,0.710,7.220
128,25.720,31.790,0.410,3.590
129,25.290,31.450,0.840,2.410
130,25.620,31.190,0.880,21.630
131,26.330,31.120,0.900,5.960
132,25.980,29.770,0.870,0.870
133,25.780,29.800,0.730,0.440
134,25.650,30.940,0.830,2.130
135,25.460,30.400,0.850,6.030
136,25.530,30.460,1.150,6.910
137,25.810,29.870,1.020,15.600
138,25.500,28.050,1.060,9.440
139,25.200,29.220,1.060,17.130
140,25.900,30.410,0.680,4.840
141,25.700,29.020,1.440,5.150
142,25.370,29.310,1.450,3.840
143,25.610,30.430,1.290,0.480
144,25.490,30.630,1.230,1.170
145,25.940,31.150,0.980,6.380
146,26.060,31.200,1.060,10.760
147,26.150,29.210,1.350,3.810
148,26.050,29.620,1.470,5.770
149,25.860,29.980,1.270,3.360
150,26.760,30.640,0.670,0.480
151,25.720,28.470,1.090,2.750
152,24.930,31.060,1.250,1.640
153,25.660,30.550,1.490,2.370
154,26.020,31.250,1.190,9.780
155,26.130,29.440,1.310,5.220
156,26.280,28.920,1.740,9.800
157,25.940,29.480,1.320,5.460
158,25.980,29.450,1.220,1.430
159,25.900,29.430,1.210,16.210
160,26.290,28.950,1.050,11.720
161,25.880,30.210,1.260,0.320
162,26.180,28.960,1.910,0.200
163,26.040,30.210,1.570,9.030
164,26.290,28.670,1.280,5.800
165,26.320,29.320,1.220,1.180
166,25.900,30.430,1.310,0.330
167,26.260,31.580,0.820,1.650
168,25.480,32.030,0.760,9.520
169,25.580,30.020,1.290,2.590
170,25.800,29.850,1.210,3.040
171,25.670,28.870,1.600,2.350
172,25.760,28.260,1.440,1.430
173,25.330,27.690,1.340,6.310
174,25.380,28.510,1.140,2.210
175,26.160,28.430,1.110,1.780
176,25.540,28.060,1.260,39.780
177,25.610,28.310,1.360,26.830
178,25.250,30.240,1.470,0.150
179,25.780,29.770,1.620,0.070
180,25.890,30.330,1.830,0.370
181,25.780,29.100,1.740,8.110
182,26.120,28.660,1.500,6.380
183,25.500,30.090,1.050,10.580
184,25.590,30.340,0.880,8.260
185,24.720,28.610,1.180,2.920
186,24.450,29.790,1.060,15.190
187,25.220,30.130,0.780,9.690
188,25.530,29.520,1.020,40.260
189,24.340,27.090,1.240,4.370
190,24.760,28.870,1.070,3.300
191,24.970,29.000,1.180,6.130
192,25.240,28.790,0.840,0.800
193,25.280,29.130,1.150,0.050
194,25.700,27.630,1.330,0.560
195,25.480,29.600,1.480,0.510
196,25.500,29.220,1.600,0.960
197,25.260,29.780,1.620,0.510
198,25.390,29.990,1.670,0.170
199,25.450,30.050,1.380,1.800
200,25.030,29.980,1.340,0.700
201,25.180,29.870,1.560,0.610
202,25.190,28.320,1.220,10.830
203,25.690,28.340,1.310,5.690
204,25.400,29.390,1.180,1.920
205,25.280,26.750,1.350,4.860
206,24.940,29.420,1.380,0.700
207,25.530,27.990,0.980,1.250
208,25.310,28.190,1.170,1.960
209,25.170,30.120,1.220,9.490
210,25.460,27.240,1.520,6.260
211,25.000,29.360,1.300,1.600
212,25.640,28.130,1.630,8.240
213,25.270,29.030,1.500,3.760
214,25.710,29.190,1.620,0.170
215,25.750,28.990,1.610,0.060
216,25.480,29.110,1.770,0.020
217,25.190,29.240,1.660,0.240
218,25.470,29.200,1.520,0.090
219,25.770,28.670,1.390,13.330
220,25.050,29.110,1.430,3.060
221,25.930,30.130,1.030,0.930
222,25.480,29.450,1.280,3.580
223,25.560,28.480,1.200,15.340
224,24.690,27.890,1.520,4.910
225,25.180,29.080,1.180,2.660
226,25.360,28.950,1.220,1.950
227,25.900,29.290,1.310,0.320
228,25.740,29.200,1.300,0.700
229,25.800,29.910,1.410,2.140
230,25.290,29.180,1.460,1.490
231,25.150,29.000,1.440,24.370
232,25.160,29.140,1.740,20.950
233,24.080,30.060,1.770,1.690
234,24.100,30.180,1.610,0.230
235,24.820,29.760,1.810,16.160
236,24.690,29.670,1.830,6.940
237,24.610,30.160,1.960,0.150
238,25.340,29.140,1.610,6.860
239,25.280,29.660,1.030,7.360
240,25.310,28.090,1.080,9.380
241,24.820,28.860,1.150,4.800
242,25.230,28.970,1.140,2.480
243,25.430,29.240,0.960,1.310
244,25.490,29.030,1.370,4.780
245,24.770,28.610,1.500,1.870
246,24.900,28.480,1.540,0.850
247,24.320,29.770,0.940,10.990
248,25.370,28.940,0.520,9.280
249,25.130,28.630,1.090,0.490
250,25.710,29.940,0.920,0.230
251,24.530,29.540,1.160,16.360
252,24.660,29.530,1.400,21.670
253,25.330,28.110,1.270,9.310
254,24.900,29.200,1.560,0.880
255,25.060,30.330,1.810,0.030
256,25.010,29.730,1.540,0.090
257,25.050,28.270,1.560,13.880
258,24.560,28.470,1.610,2.860
259,24.230,29.860,0.990,2.320
260,25.800,30.600,1.040,2.080
261,24.910,29.310,1.420,0.640
262,24.960,28.690,1.340,1.370
263,25.030,29.040,1.050,2.490
264,25.300,29.630,1.290,2.670
265,25.000,29.460,1.290,7.860
266,24.970,29.830,1.010,10.890
267,25.170,30.380,0.750,1.610
268,25.360,30.150,1.100,1.100
269,25.450,30.530,1.390,3.630
270,25.140,30.510,1.670,7.490
271,25.470,30.570,1.300,8.380
272,25.450,28.280,1.070,7.150
273,24.770,28.350,1.210,5.250
274,25.100,29.380,1.130,5.230
275,25.280,29.480,1.590,0.510
276,25.340,30.360,1.280,0.930
277,25.200,29.400,1.350,19.090
278,25.210,29.170,1.270,21.430
279,25.100,30.050,0.740,1.440
280,25.470,29.490,0.740,4.130
281,25.620,29.690,0.980,2.350
282,25.710,29.210,1.160,0.580
283,25.370,29.610,1.670,0.350
284,25.380,30.570,1.090,2.210
285,25.260,28.920,1.020,12.680
286,24.560,28.340,1.260,45.670
287,25.250,28.540,0.760,5.530
288,24.560,30.310,0.740,0.430
289,25.180,28.850,1.050,20.000
290,24.510,28.120,1.230,29.180
291,24.640,27.990,1.060,29.630
292,25.510,29.880,0.460,2.580
293,25.090,28.940,1.110,1.900
294,24.300,30.200,0.920,2.590
295,25.040,30.800,0.520,8.440
296,24.370,30.600,1.050,6.220
297,25.360,30.820,1.050,1.660
298,25.650,29.600,0.750,2.470
299,25.300,29.460,0.930,3.000
300,25.180,29.940,1.200,2.020
301,24.930,30.040,1.640,0.300
302,24.970,30.430,1.690,1.920
303,25.260,30.670,1.290,1.710
304,24.990,29.880,1.250,1.980
305,25.010,28.310,1.110,14.410
306,24.930,29.800,1.030,30.440
307,24.030,30.820,1.010,10.000
308,24.890,29.780,1.050,16.270
309,25.080,29.510,1.060,38.670
310,24.710,27.360,0.980,11.200
311,25.080,29.220,0.740,9.930
312,24.890,29.560,1.580,5.610
313,24.720,29.870,0.920,3.250
314,24.980,29.520,1.080,10.950
315,24.840,29.680,0.690,7.650
316,24.770,29.570,0.770,6.740
317,24.710,30.050,0.790,3.300
318,25.280,29.410,0.560,2.290
319,24.720,30.310,0.880,0.870
320,25.120,28.780,1.050,20.140
321,24.700,29.900,0.850,4.780
322,24.700,30.510,1.120,9.520
323,24.570,29.880,1.150,19.770
324,24.360,30.520,0.700,12.410
325,24.770,30.700,0.760,3.840
326,25.560,29.060,0.820,12.240
327,24.890,30.490,1.040,3.610
328,24.440,29.910,1.150,1.780
329,24.510,30.140,1.030,7.320
330,24.570,29.440,1.180,9.760
331,25.080,27.960,0.740,5.840
332,25.080,30.250,0.760,1.240
333,25.230,29.910,1.010,2.180
334,25.360,27.600,1.340,1.160
335,25.320,29.810,0.940,0.280
336,25.320,28.830,0.950,0.520
337,24.760,29.470,1.210,0.520
338,25.170,28.270,1.180,2.810
339,24.850,29.680,1.210,3.540
340,25.290,29.870,0.940,3.020
341,25.290,29.400,1.070,16.530
342,25.470,29.410,1.370,9.060
343,25.740,28.700,1.360,2.710
344,24.870,30.410,1.200,4.660
345,24.520,28.770,0.980,1.160
346,24.920,30.210,0.800,3.150
347,25.400,28.960,1.010,2.180
348,24.980,28.730,1.170,4.670
349,25.030,27.290,1.010,4.130
350,24.940,29.150,1.200,4.800
351,24.620,30.180,1.290,3.380
352,25.330,29.740,0.960,8.260
353,24.440,28.890,1.050,5.250
354,24.700,26.620,1.700,1.630
355,24.160,27.920,1.280,0.190
356,24.760,27.530,0.710,9.230
357,24.700,28.100,1.150,12.370
358,24.600,26.140,0.920,10.410
359,24.110,27.290,0.930,2.620
360,24.100,27.410,1.500,1.800
361,23.880,28.270,1.240,1.810
362,23.890,28.640,1.440,1.240
363,23.570,28.470,1.580,6.830
364,23.140,28.370,1.280,5.940
365,23.320,27.710,0.950,3.740
1,22.930,28.060,1.430,4.970
2,22.930,28.790,1.390,3.410
3,23.200,29.540,1.190,1.550
4,23.600,28.530,1.200,3.770
5,23.910,30.030,1.520,1.720
6,23.990,29.560,1.440,0.700
7,24.130,29.430,1.390,2.310
8,24.120,29.430,1.730,1.090
9,23.910,30.010,1.370,0.220
10,23.620,29.720,1.490,0.740
11,23.420,29.440,1.350,12.500
12,23.720,29.590,1.220,2.590
13,24.140,29.790,1.160,1.160
14,23.920,29.730,1.470,2.070
15,23.900,29.620,1.220,17.460
16,23.060,29.430,1.360,0.450
17,23.150,29.580,1.770,0.810
18,22.510,28.180,1.590,0.330
19,22.350,28.420,1.480,1.380
20,22.130,29.240,1.400,0.290
21,22.590,29.190,1.600,0.010
22,22.430,29.640,1.430,0.110
23,22.770,29.450,1.570,0.200
24,22.620,28.420,1.640,3.590
25,22.690,28.820,1.850,0.780
26,22.360,28.680,1.460,2.590
27,22.140,28.530,1.410,0.200
28,22.120,29.270,1.250,0.090
29,23.190,29.760,1.350,0.340
30,23.620,30.000,1.280,2.380
31,23.300,29.560,1.030,2.880
32,23.860,28.630,1.090,3.880
33,23.860,29.810,1.210,3.970
34,23.530,29.680,1.540,1.480
35,23.300,29.870,1.590,0.120
36,23.770,29.240,1.390,3.600
37,24.100,29.940,1.360,1.520
38,23.880,29.740,1.190,2.560
39,23.920,27.350,1.320,11.640
40,23.710,29.580,0.810,17.660
41,24.050,30.090,0.920,6.690
42,24.240,30.150,0.670,1.660
43,24.350,30.350,0.850,15.250
44,24.090,29.730,1.080,7.660
45,24.800,29.310,0.620,1.860
46,24.470,29.790,0.860,0.290
47,24.740,29.960,0.970,1.560
48,24.450,30.330,1.120,1.190
49,24.460,30.000,0.910,1.280
50,24.510,29.030,0.990,0.750
51,24.460,29.710,0.750,4.550
52,24.950,27.890,0.800,1.630
53,23.920,30.750,0.670,0.110
54,24.190,30.850,1.150,0.950
55,23.700,30.480,0.920,0.190
56,24.200,30.670,0.980,1.550
57,23.730,31.020,1.070,0.990
58,22.220,31.060,1.050,0.530
59,21.850,30.250,1.120,0.120
60,22.210,30.700,1.220,0.370
61,23.730,30.490,1.350,1.830
62,23.620,30.360,1.470,0.430
63,22.760,30.230,1.320,6.780
64,23.350,30.660,1.310,3.480
65,23.890,29.390,1.250,5.200
66,23.880,29.200,1.040,7.010
67,24.350,27.720,1.070,24.590
68,24.210,29.820,0.870,14.610
69,24.590,30.180,0.590,2.820
70,24.900,29.950,0.630,7.380
71,24.780,29.100,1.080,6.420
72,25.040,29.980,0.630,2.040
73,24.890,28.680,1.090,2.410
74,24.470,29.160,0.810,3.050
75,24.520,29.360,1.100,3.380
76,24.270,29.050,1.200,17.450
77,24.050,27.460,1.360,10.850
78,23.620,30.360,1.060,3.920
79,24.730,30.060,0.870,2.530
80,24.840,29.200,1.230,13.610
81,24.350,30.200,1.230,12.040
82,24.910,29.650,0.880,1.910
83,24.680,29.460,1.000,7.260
84,24.570,30.170,0.940,8.320
85,24.790,29.020,1.010,26.010
86,24.440,28.950,1.280,15.590
87,23.970,29.610,1.170,4.270
88,24.470,27.920,1.160,11.140
89,24.220,28.270,0.980,1.530
90,24.650,28.240,1.240,4.560
91,24.820,29.540,0.750,32.070
92,24.790,29.500,0.960,12.670
93,24.840,30.040,0.800,18.980
94,24.140,30.920,1.000,8.110
95,24.140,31.180,1.070,0.820
96,24.400,31.130,1.010,1.850
97,24.720,30.480,1.010,1.340
98,24.630,30.970,1.110,1.040
99,25.150,30.660,1.370,0.390
100,25.440,30.400,1.360,18.760
101,25.450,30.780,1.070,5.260
102,25.250,30.460,1.220,0.280
103,25.680,31.010,0.710,3.320
104,25.890,31.090,0.850,5.530
105,25.370,31.270,0.710,5.770
106,24.460,31.260,1.260,1.150
107,24.850,30.240,1.230,0.510
108,24.930,30.360,1.000,2.100
109,24.840,30.670,1.060,2.770
110,25.450,29.410,1.130,3.210
111,25.160,29.890,1.170,2.660
112,25.650,28.100,1.440,2.770
113,25.760,29.000,1.360,4.240
114,25.680,29.220,1.370,2.080
115,25.200,30.510,0.890,3.150
116,25.770,26.820,1.140,11.210
117,25.530,28.900,0.840,22.940
118,25.470,28.090,0.960,8.950
119,25.150,30.240,1.380,0.910
120,25.920,29.990,1.470,0.630
121,25.720,30.670,1.250,1.150
122,26.010,30.810,1.370,0.780
123,26.100,29.790,1.350,1.110
124,26.030,28.630,1.290,17.280
125,25.580,29.740,1.320,0.800
126,25.430,29.540,1.210,22.220
127,26.080,30.910,0.730,17.580
128,25.450,29.760,0.770,9.420
129,25.430,28.930,1.190,6.330
130,25.180,29.910,1.080,0.850
131,25.640,28.840,1.010,0.850
132,25.530,30.260,0.990,13.010
133,25.860,29.650,1.130,3.620
134,26.130,28.720,1.070,1.100
135,25.770,28.580,0.830,0.700
136,25.600,29.670,0.680,0.090
137,25.330,30.470,0.420,0.090
138,25.540,29.640,0.360,1.540
139,25.890,30.820,0.840,77.710
140,25.660,29.460,0.950,33.490
141,25.290,28.770,1.550,3.480
142,25.150,29.770,1.570,0.750
143,25.530,29.670,1.380,4.120
144,25.520,30.790,0.900,11.020
145,25.640,29.830,0.830,5.170
146,25.920,30.040,0.670,1.700
147,25.780,29.980,0.910,20.860
148,25.990,28.900,1.060,9.680
149,25.550,29.570,1.490,1.270
150,25.780,29.990,1.830,3.110
151,25.790,30.060,1.600,1.990
152,25.950,30.510,1.310,0.680
153,25.810,30.410,0.860,1.220
154,26.030,29.940,0.790,1.550
155,26.110,30.640,0.780,0.790
156,25.790,28.450,1.440,1.560
157,25.450,29.490,1.430,0.130
158,25.620,29.250,1.570,0.020
159,26.000,29.500,1.360,6.360
160,25.890,29.370,1.320,6.730
161,25.720,29.410,1.570,3.560
162,25.700,28.480,1.860,2.100
163,25.560,29.190,1.620,0.380
164,25.850,28.810,1.470,3.090
165,25.770,29.400,1.680,1.450
166,25.410,28.750,1.650,3.840
167,25.350,29.750,1.360,0.130
168,25.660,29.290,1.360,4.830
169,25.850,29.340,0.950,2.490
170,25.540,28.100,1.050,5.520
171,25.920,28.250,0.790,20.460
172,25.090,28.300,1.350,7.610
173,24.890,27.810,1.270,12.720
174,25.390,27.510,1.310,17.480
175,24.920,28.650,1.460,7.720
176,25.170,28.190,1.530,6.620
177,24.880,28.370,1.500,2.060
178,25.280,28.390,1.580,1.000
179,25.180,28.460,1.510,1.030
180,25.180,28.470,1.440,3.520
181,25.180,27.770,1.430,1.590
182,24.960,28.380,1.280,18.090
183,24.890,28.150,1.400,7.120
184,24.790,28.810,1.740,0.050
185,24.840,28.870,1.570,37.000
186,25.080,28.500,1.350,18.610
187,25.110,29.040,1.540,0.150
188,25.260,28.600,1.500,0.710
189,25.100,28.680,1.390,0.440
190,25.430,28.240,1.360,0.550
191,25.350,28.750,1.510,2.360
192,24.910,28.370,1.840,4.860
193,24.770,27.930,1.630,0.630
194,24.780,27.780,1.480,0.330
195,25.000,29.110,1.490,0.220
196,25.290,28.520,1.430,0.020
197,25.210,29.310,1.520,2.770
198,25.690,28.040,1.510,2.820
199,25.200,29.230,1.620,0.180
200,25.060,29.760,1.810,0.190
201,24.870,29.940,1.730,0.060
202,24.970,29.030,1.750,4.890
203,24.650,29.140,1.620,11.200
204,24.710,29.640,1.620,7.570
205,24.770,29.400,1.430,2.460
206,25.040,28.060,1.660,18.800
207,24.810,30.000,1.540,6.420
208,24.770,29.680,1.860,0.980
209,24.820,29.850,1.850,0.150
210,24.480,28.820,1.830,0.010
211,24.440,28.470,1.730,0.010
212,24.220,28.920,1.490,0.010
213,24.190,29.240,1.510,1.710
214,24.810,29.270,1.620,1.960
215,24.970,29.590,1.580,0.210
216,25.000,29.250,1.600,0.230
217,25.000,28.790,1.290,15.160
218,24.900,27.880,1.020,13.230
219,24.960,29.710,1.510,0.580
220,24.890,29.130,1.710,0.700
221,25.210,29.060,1.790,1.500
222,25.080,28.070,1.600,2.790
223,24.500,28.440,1.580,5.080
224,24.950,28.800,1.910,3.980
225,24.790,29.420,1.790,0.180
226,24.610,29.170,1.510,7.220
227,25.140,29.950,1.360,4.190
228,24.560,30.000,0.780,0.080
229,25.190,29.380,0.810,3.410
230,24.510,28.890,1.550,2.300
231,24.970,29.340,1.730,1.130
232,25.190,28.240,1.590,5.660
233,24.540,29.720,0.870,7.380
234,25.040,27.800,1.190,11.890
235,24.360,29.620,1.680,2.920
236,24.930,29.250,1.550,0.280
237,25.190,29.350,1.630,0.620
238,25.340,29.150,1.420,5.860
239,24.480,28.220,1.040,2.900
240,24.780,28.780,1.620,0.320
241,24.560,29.550,1.560,12.280
242,24.860,29.080,1.200,5.880
243,24.760,28.970,1.140,1.300
244,24.830,28.700,1.030,0.920
245,25.370,27.260,1.120,1.260
246,24.640,28.710,1.170,1.070
247,24.750,29.660,1.690,0.590
248,24.710,29.440,1.490,2.060
249,24.610,29.220,1.470,12.830
250,24.740,29.430,1.200,18.390
251,24.890,29.800,0.950,3.570
252,25.010,29.980,1.470,0.310
253,24.760,29.590,1.350,0.160
254,24.960,29.790,1.290,19.750
255,25.080,29.950,1.160,7.780
256,25.030,29.240,1.000,0.750
257,25.100,29.560,1.070,0.520
258,25.560,30.040,0.970,0.460
259,25.030,30.500,1.010,0.100
260,24.440,29.890,1.100,2.570
261,24.600,29.280,1.010,2.780
262,24.490,26.520,1.050,10.630
263,23.890,28.140,1.120,8.380
264,23.970,29.810,1.000,0.710
265,25.590,29.930,0.870,2.890
266,24.880,30.490,1.130,1.570
267,25.260,29.590,1.290,0.430
268,24.980,29.320,0.920,0.810
269,24.630,30.570,0.810,3.370
270,24.800,29.130,0.890,1.440
271,24.590,29.800,0.590,4.930
272,24.430,29.660,1.150,1.300
273,24.190,28.570,1.120,1.030
274,24.550,27.960,1.070,3.090
275,24.590,29.170,0.670,0.470
276,24.400,30.130,1.520,0.030
277,24.140,30.510,1.280,1.080
278,24.620,30.190,1.290,3.970
279,24.980,29.420,1.330,8.510
280,24.930,28.510,1.350,7.820
281,24.340,30.400,1.030,1.790
282,24.260,31.150,0.900,4.140
283,24.590,30.910,0.630,5.560
284,24.290,30.970,0.760,9.210
285,24.260,30.850,0.680,3.370
286,25.010,30.200,0.870,2.290
287,25.060,29.130,1.060,3.600
288,24.680,28.790,0.900,5.280
289,24.330,30.020,1.000,9.670
290,24.720,30.060,1.180,9.340
291,24.400,29.540,1.330,3.810
292,24.670,30.120,1.370,9.840
293,23.950,30.700,1.150,3.470
294,24.290,30.410,0.970,1.400
295,25.110,29.670,1.490,13.820
296,24.970,29.630,0.920,7.500
297,25.380,30.420,0.680,9.510
298,24.810,30.180,0.600,6.340
299,24.230,29.270,1.120,0.960
300,24.670,29.950,0.500,2.060
301,25.010,28.830,0.870,8.710
302,25.030,30.390,0.680,2.400
303,24.750,30.330,1.040,0.330
304,24.200,30.290,1.040,1.730
305,24.690,30.060,0.730,1.390
306,24.370,30.370,0.760,4.280
307,24.380,27.940,1.440,56.520
308,23.800,28.440,1.280,9.610
309,24.230,28.790,1.000,6.390
310,23.950,29.040,1.330,0.650
311,24.460,29.630,1.320,9.620
312,24.260,29.190,1.300,17.920
313,24.420,28.400,1.240,43.260
314,24.300,29.310,1.480,14.230
315,24.660,28.170,1.760,18.490
316,24.610,28.870,1.520,7.810
317,24.250,29.020,1.410,15.310
318,24.450,29.550,1.120,5.550
319,24.060,29.900,1.210,1.950
320,24.600,29.780,1.240,11.290
321,24.940,28.640,1.370,12.100
322,24.850,28.070,1.550,4.570
323,24.410,27.770,1.140,6.540
324,24.590,28.940,0.810,12.820
325,24.470,28.650,1.010,15.650
326,24.660,30.660,0.920,9.200
327,24.960,29.230,1.230,8.510
328,24.650,29.500,1.520,10.300
329,24.290,30.080,1.030,6.190
330,24.190,29.270,0.800,5.810
331,24.410,29.570,1.080,14.530
332,24.620,30.410,0.870,7.300
333,24.750,29.180,0.910,21.450
334,24.740,29.580,0.790,3.060
335,24.590,29.300,0.940,53.080
336,24.370,29.200,0.820,10.950
337,23.720,29.640,0.880,12.010
338,24.360,28.760,0.910,7.450
339,24.580,26.630,1.410,12.150
340,23.920,29.220,0.860,9.990
341,24.220,28.140,1.530,4.070
342,24.440,28.080,1.840,20.170
343,24.990,28.100,1.900,8.310
344,25.070,28.210,1.890,1.890
345,24.430,29.520,1.820,0.410
346,23.850,29.170,1.820,0.010
347,23.980,29.490,1.580,3.110
348,24.100,29.690,1.530,3.260
349,23.680,30.290,1.240,0.180
350,24.330,29.760,1.520,0.070
351,23.600,29.830,1.330,0.090
352,24.500,29.430,1.480,2.030
353,24.500,28.050,1.370,4.740
354,23.930,28.870,1.550,5.760
355,23.610,28.020,1.650,10.020
356,24.230,28.270,1.590,3.630
357,23.400,29.290,1.520,1.290
358,23.870,28.960,1.610,0.460
359,23.570,29.790,1.540,0.060
360,23.170,29.720,1.500,0.040
361,23.320,30.260,1.110,0.020
362,23.910,30.560,1.150,0.210
363,24.500,30.120,1.190,4.510
364,24.510,29.340,1.560,4.460
365,23.650,29.660,1.390,0.830
1,23.540,29.960,1.220,2.660
2,23.920,30.240,1.310,4.570
3,23.950,29.590,1.260,1.250
4,23.990,29.670,1.350,2.410
5,23.590,30.070,1.030,0.690
6,23.920,29.960,1.160,3.060
7,24.210,29.260,1.580,11.270
8,23.870,28.650,1.850,13.600
9,23.220,28.930,1.770,0.780
10,23.210,28.180,1.520,3.270
11,23.660,28.590,1.230,7.170
12,24.000,28.880,1.230,5.550
13,24.220,28.770,1.340,6.510
14,24.260,28.460,1.090,2.600
15,23.560,29.690,1.270,1.520
16,23.120,29.140,1.840,0.630
17,22.760,29.510,1.760,0.340
18,23.080,28.900,1.410,3.510
19,23.910,29.320,1.650,2.240
20,23.350,29.790,1.290,11.360
21,23.850,27.360,1.370,31.910
22,23.740,27.660,1.320,5.510
23,23.870,28.800,1.150,3.820
24,23.560,27.890,0.920,12.710
25,24.250,28.340,0.890,8.620
26,23.740,29.300,1.130,4.960
27,23.680,30.420,1.240,2.860
28,24.540,29.210,0.980,4.090
29,23.910,29.560,0.890,7.780
30,23.390,29.760,1.350,1.140
31,23.320,29.550,1.560,0.950
32,23.290,29.700,1.460,1.080
33,23.730,29.330,1.620,14.220
34,23.490,29.100,1.880,12.430
35,23.080,28.910,1.970,4.770
36,23.130,28.070,1.830,7.340
37,23.120,27.740,1.570,5.730
38,23.060,28.380,1.720,3.560
39,23.160,28.710,1.750,3.690
40,22.430,29.080,1.560,0.060
41,22.400,29.730,1.360,0.000
42,22.610,29.760,1.340,2.930
43,22.850,30.060,1.480,1.340
44,23.170,30.400,1.280,0.290
45,23.450,30.180,1.130,1.540
46,23.970,28.890,1.130,2.850
47,24.160,29.570,0.910,5.110
48,24.180,29.830,0.940,3.370
49,24.130,29.510,0.870,3.400
50,23.930,28.580,0.980,8.640
51,23.550,29.350,0.840,1.240
52,23.980,30.030,1.000,1.030
53,23.990,29.440,0.890,3.700
54,24.220,30.250,0.840,9.270
55,24.090,28.850,1.250,9.530
56,23.590,29.500,1.200,6.450
57,23.970,28.880,1.270,6.000
58,23.780,28.400,1.040,4.840
59,23.870,28.160,1.270,16.160
60,23.790,29.900,0.960,4.780
61,23.960,29.910,0.890,6.810
62,23.800,29.840,0.910,3.990
63,23.760,30.110,1.050,1.300
64,24.890,29.750,1.160,0.250
65,24.700,29.810,1.010,2.910
66,24.350,28.260,0.970,12.430
67,23.390,29.170,1.180,3.820
68,23.580,30.700,1.160,1.930
69,23.190,30.130,1.440,0.290
70,23.310,30.960,1.030,0.050
71,23.530,31.300,1.050,0.040
72,24.150,30.230,1.210,1.350
73,25.070,28.910,0.970,2.680
74,23.380,30.510,1.000,8.150
75,23.090,30.600,1.250,1.840
76,23.360,31.080,1.100,0.190
77,24.330,30.800,0.890,11.450
78,24.680,32.110,0.800,13.840
79,25.150,30.130,0.640,34.400
80,24.300,30.420,1.470,8.430
81,24.250,30.360,1.280,4.490
82,24.510,30.820,1.230,2.240
83,25.450,28.390,0.920,8.500
84,24.810,30.940,0.920,3.470
85,25.640,30.220,1.090,0.330
86,25.250,30.490,1.100,11.170
87,25.620,30.600,0.650,9.940
88,25.180,29.980,1.120,6.530
89,24.590,31.360,0.930,0.300
90,25.340,30.090,0.940,1.090
91,25.770,27.820,0.950,1.890
92,25.310,29.170,1.030,11.910
93,25.560,30.000,1.390,7.820
94,25.370,30.930,1.190,1.290
95,24.950,31.470,0.930,4.600
96,24.660,30.890,0.860,5.870
97,25.060,30.250,1.130,2.240
98,25.280,28.380,1.010,5.570
99,24.970,30.020,0.940,4.980
100,24.900,31.290,0.550,1.540
101,24.440,31.330,0.840,2.470
102,25.070,30.320,1.050,16.830
103,25.550,30.180,0.730,13.430
104,25.400,29.340,1.220,23.420
105,25.050,31.390,0.750,3.090
106,25.860,29.460,0.850,11.300
107,25.920,28.860,0.790,1.700
108,25.810,28.560,0.710,1.520
109,25.120,31.160,1.070,1.260
110,25.700,31.300,0.640,3.780
111,25.990,31.520,0.680,8.930
112,25.970,31.270,0.550,24.390
113,25.850,28.090,0.820,20.410
114,25.300,30.050,0.690,6.120
115,25.900,30.650,0.830,4.230
116,25.510,29.890,1.220,3.090
117,25.970,30.340,0.890,9.410
118,25.540,29.590,1.020,6.170
119,25.490,30.520,1.190,3.400
120,25.570,30.090,1.390,1.010
121,25.390,31.170,0.830,14.970
122,25.510,30.440,1.090,11.180
123,25.370,30.740,1.030,3.160
124,25.500,29.760,1.060,15.780
125,25.570,30.480,1.030,20.270
126,25.670,30.880,0.640,4.750
127,25.290,30.560,1.370,3.260
128,25.180,30.950,1.270,1.130
129,25.300,30.770,1.480,8.960
130,25.910,30.880,0.890,14.060
131,25.760,30.990,0.930,34.600
132,25.760,28.850,1.120,17.080
133,25.100,29.570,0.900,1.180
134,25.350,29.370,1.260,0.620
135,25.770,30.070,1.420,0.360
136,26.260,29.540,1.660,0.050
137,25.820,30.470,1.570,0.000
138,26.530,29.610,1.250,1.910
139,26.340,30.360,1.170,0.450
140,26.330,29.570,1.090,7.520
141,26.490,32.980,0.710,2.390
142,26.140,31.530,0.470,2.640
143,26.110,31.480,0.680,1.110
144,26.660,29.890,0.820,0.150
145,26.170,28.910,1.200,8.560
146,25.750,29.480,1.140,2.550
147,25.760,29.930,1.320,5.560
148,26.050,29.140,1.150,1.780
149,26.190,28.790,1.420,16.090
150,25.960,29.300,0.980,7.490
151,25.970,29.300,0.910,0.140
152,26.190,29.720,0.850,1.980
153,25.470,31.330,1.040,2.860
154,26.190,29.330,1.090,1.600
155,25.940,29.930,1.440,2.460
156,26.060,30.420,1.430,5.900
157,26.320,29.870,0.850,41.980
158,25.710,30.460,0.930,12.650
159,26.070,29.870,1.360,0.140
160,25.950,30.760,1.260,0.750
161,26.380,29.890,1.470,0.590
162,26.390,30.040,1.580,0.730
163,26.350,29.620,1.310,2.180
164,26.560,30.240,1.170,0.610
165,26.360,29.690,1.420,2.870
166,26.510,30.060,1.390,3.510
167,26.790,29.870,0.920,16.490
168,25.790,29.020,1.090,8.660
169,26.150,30.320,1.070,0.140
170,26.250,29.110,1.090,0.510
171,26.110,28.750,1.030,5.760
172,26.080,30.090,1.100,0.940
173,25.930,28.870,1.380,6.680
174,25.620,30.890,0.880,1.710
175,26.670,30.760,0.930,1.080
176,26.480,30.580,0.740,0.470
177,26.300,29.530,1.160,0.060
178,26.050,29.380,1.280,2.590
179,25.590,31.100,1.140,6.940
180,26.810,31.430,0.860,13.990
181,25.870,27.930,1.130,10.870
182,25.320,29.610,1.090,1.030
183,26.030,29.280,1.220,0.190
184,25.790,28.340,1.460,18.990
185,25.430,28.660,1.600,8.720
186,24.950,28.710,1.700,10.070
187,25.310,28.550,1.370,29.260
188,24.760,28.470,1.150,7.350
189,26.120,30.260,1.180,1.650
190,26.710,29.930,1.150,1.250
191,26.230,29.770,1.480,0.550
192,25.900,27.870,1.690,26.240
193,25.420,28.490,1.550,6.420
194,25.420,28.310,1.660,0.090
195,25.360,28.780,1.570,0.480
196,25.390,29.760,1.670,0.080
197,25.770,29.490,1.680,3.220
198,25.590,29.160,1.390,2.960
199,25.460,29.790,1.380,0.120
200,25.400,28.720,1.560,1.110
201,24.960,29.390,1.390,59.030
202,24.500,29.310,1.580,2.420
203,24.650,29.190,1.680,0.020
204,25.320,29.460,1.590,0.030
205,25.220,29.190,1.520,0.090
206,25.410,28.250,1.410,38.490
207,25.110,27.780,1.220,11.920
208,24.660,29.960,1.320,0.370
209,25.100,28.840,1.640,7.100
210,24.960,28.360,1.890,11.080
211,24.890,28.730,1.620,0.380
212,25.080,29.000,1.680,0.720
213,24.760,29.580,1.840,0.560
214,25.260,29.730,1.680,0.180
215,25.340,28.180,1.640,2.670
216,24.890,28.160,1.570,6.030
217,25.080,31.350,1.140,3.040
218,25.150,29.500,1.050,5.930
219,25.340,28.860,1.340,5.210
220,25.130,28.510,1.340,17.300
221,24.730,28.730,0.890,9.600
222,25.250,30.440,0.500,9.590
223,24.880,30.370,0.410,3.840
224,25.510,28.950,1.240,12.070
225,25.120,28.090,1.360,12.260
226,24.720,29.080,1.400,3.440
227,24.870,29.200,1.700,4.050
228,24.970,28.630,1.610,3.500
229,24.980,28.800,1.360,5.770
230,24.930,28.280,1.600,2.080
231,24.850,29.300,1.360,1.970
232,25.430,29.500,1.460,3.230
233,25.410,29.400,1.440,6.300
234,25.350,28.560,0.970,27.680
235,25.590,28.000,1.050,16.080
236,25.260,28.350,1.590,3.390
237,25.290,29.910,1.700,0.960
238,25.220,29.350,1.890,0.630
239,25.480,27.970,1.410,47.000
240,25.260,28.210,1.590,39.170
241,25.160,29.560,1.710,17.700
242,24.730,30.210,1.430,5.510
243,25.220,29.030,1.650,4.650
244,24.690,30.130,1.410,1.030
245,25.470,28.070,1.320,10.880
246,25.230,29.110,1.180,7.970
247,25.370,29.580,1.060,0.140
248,26.610,30.200,0.940,36.260
249,25.860,29.130,1.310,13.160
250,25.620,28.440,1.300,13.610
251,25.550,28.260,1.280,7.810
252,25.480,28.810,1.040,0.960
253,25.440,28.780,0.940,0.580
254,24.990,28.780,1.400,1.760
255,25.020,29.070,1.080,3.990
256,25.790,29.530,0.940,14.880
257,25.280,28.940,1.470,0.680
258,25.470,29.240,1.540,1.040
259,25.670,28.530,1.260,21.620
260,25.520,28.200,1.690,14.390
261,25.340,29.470,1.690,0.250
262,25.270,29.840,1.250,15.480
263,25.150,27.520,0.990,14.240
264,24.620,29.310,1.480,3.180
265,25.270,28.510,1.580,2.660
266,25.370,29.180,1.050,4.540
267,25.800,30.810,0.620,14.040
268,25.400,29.500,0.930,1.830
269,25.430,28.960,0.860,1.780
270,25.750,28.860,0.780,0.940
271,24.780,30.860,0.930,31.250
272,25.490,32.140,0.700,39.710
273,25.740,30.990,0.680,38.200
274,25.080,28.480,1.230,19.740
275,25.350,29.650,1.210,4.180
276,25.660,29.760,1.150,2.070
277,26.100,29.920,1.430,0.320
278,25.860,28.950,1.470,0.860
279,25.400,28.830,1.420,7.490
280,25.390,29.110,1.350,9.230
281,25.300,28.340,1.240,1.990
282,25.560,28.140,0.980,1.130
283,24.960,30.220,0.860,2.390
284,25.470,29.740,1.470,2.010
285,25.240,28.870,1.350,1.880
286,25.330,28.360,0.830,0.950
287,25.270,29.370,0.810,3.380
288,25.150,29.740,0.890,4.470
289,25.480,29.060,0.930,7.840
290,25.890,29.340,0.920,24.070
291,25.430,28.860,1.330,5.130
292,25.590,29.790,1.020,3.230
293,25.370,30.150,1.010,0.200
294,25.630,30.110,0.940,6.660
295,25.140,29.690,1.120,19.710
296,25.290,29.110,1.230,16.210
297,25.040,28.600,1.030,2.490
298,25.290,28.420,1.780,9.560
299,25.300,27.900,1.570,8.860
300,25.180,29.280,1.330,1.010
301,25.230,29.600,1.380,0.490
302,25.830,28.500,1.410,1.670
303,25.410,29.270,1.370,0.730
304,25.470,29.480,0.980,3.140
305,25.440,28.100,1.430,2.140
306,25.450,29.360,1.640,9.290
307,25.500,28.100,1.730,4.960
308,24.930,30.240,1.030,26.210
309,25.250,30.330,0.640,30.840
310,25.670,29.410,0.940,29.860
311,25.450,27.450,0.780,19.860
312,25.650,29.220,0.990,6.580
313,25.510,31.310,0.690,2.430
314,25.450,30.640,0.950,12.590
315,24.860,29.800,0.890,36.720
316,24.890,28.990,1.210,8.290
317,25.270,29.670,0.870,3.020
318,25.630,29.400,1.120,1.660
319,25.470,29.690,0.940,4.630
320,24.850,30.200,0.910,3.680
321,25.000,28.400,1.120,6.310
322,24.690,28.350,0.990,15.150
323,24.670,27.790,0.880,28.990
324,24.590,29.200,1.040,17.170
325,24.920,29.150,0.940,5.810
326,24.600,29.940,0.860,1.780
327,24.970,30.570,0.860,4.760
328,25.380,27.360,0.760,3.630
329,24.920,29.370,1.600,0.770
330,25.240,27.180,1.740,3.700
331,24.670,27.580,1.330,2.540
332,24.630,26.630,1.400,3.080
333,24.930,27.710,1.490,10.430
334,25.120,27.750,1.750,8.130
335,25.070,27.300,1.550,8.380
336,24.930,28.200,1.870,2.860
337,25.420,28.160,1.930,2.490
338,25.060,27.530,2.080,12.550
339,24.750,27.710,1.930,20.230
340,24.230,25.950,1.700,19.500
341,23.920,26.240,1.430,2.280
342,23.690,28.040,1.590,0.310
343,23.300,28.270,1.290,2.470
344,23.690,28.120,1.150,3.950
345,23.520,28.000,1.000,6.430
346,23.570,29.060,1.160,2.370
347,23.830,29.780,1.130,0.110
348,24.120,28.620,1.360,2.970
349,24.280,29.460,1.470,3.380
350,24.610,27.670,1.460,2.530
351,24.910,28.680,0.940,1.380
352,24.510,29.380,0.690,0.220
353,24.500,28.180,1.100,0.120
354,23.750,29.640,0.930,1.140
355,24.520,28.550,0.990,2.800
356,24.290,29.770,0.820,11.180
357,24.140,28.890,1.200,30.490
358,23.900,28.440,1.070,56.320
359,23.790,28.870,1.180,26.280
360,23.660,27.570,1.310,6.850
361,23.970,28.250,1.520,2.140
362,24.040,28.310,1.010,16.210
363,24.310,28.530,0.910,14.510
364,24.150,27.510,1.420,5.510
365,23.800,28.420,1.700,2.080
1,23.260,27.740,1.800,1.730
2,22.440,27.700,1.890,0.710
3,21.770,27.450,1.860,0.490
4,21.080,27.790,1.660,0.050
5,21.160,27.700,1.780,0.190
6,20.960,28.060,1.670,0.080
7,21.350,28.140,1.390,0.030
8,22.490,28.670,1.340,0.070
9,22.720,28.840,1.350,2.010
10,22.850,28.630,1.360,2.920
11,22.980,28.810,1.250,9.460
12,22.910,28.780,1.300,12.090
13,23.230,28.920,1.260,7.340
14,23.240,28.890,1.320,2.450
15,22.840,29.040,1.320,0.490
16,22.390,29.210,1.290,0.030
17,22.280,28.860,1.410,0.000
18,22.180,27.670,1.460,0.000
19,22.190,27.450,1.300,1.650
20,22.120,27.930,1.220,0.980
21,22.440,29.010,1.290,3.670
22,23.360,29.340,0.930,3.610
23,23.520,28.650,1.060,3.370
24,23.480,26.440,0.990,2.130
25,23.230,28.430,0.660,2.480
26,24.130,29.120,0.610,1.480
27,24.090,28.420,0.870,1.830
28,23.670,29.470,0.990,3.800
29,24.110,28.530,1.270,1.120
30,23.660,28.280,1.250,2.310
31,23.770,28.080,1.280,13.520
32,23.350,27.980,1.530,4.960
33,23.160,28.040,1.280,2.260
34,23.150,27.630,1.830,2.560
35,22.890,28.670,1.510,6.330
36,23.300,28.950,1.790,1.670
37,23.080,29.240,1.560,2.620
38,23.190,29.520,1.500,3.400
39,23.160,28.020,1.470,3.510
40,22.830,29.440,1.500,1.750
41,22.850,28.600,1.520,3.710
42,22.830,29.340,1.540,0.370
43,22.800,28.930,1.910,0.000
44,22.260,28.940,1.370,0.400
45,22.850,29.780,1.470,1.080
46,22.960,30.250,1.070,3.110
47,23.810,29.940,0.780,4.040
48,24.340,30.650,0.850,9.570
49,24.640,30.490,1.120,4.660
50,24.450,30.720,0.880,2.860
51,23.850,30.730,1.100,3.750
52,23.900,29.230,1.540,12.250
53,23.510,29.350,1.820,1.200
54,23.420,29.100,1.880,0.490
55,22.880,29.010,1.680,0.180
56,23.110,28.990,1.490,2.620
57,22.650,29.450,1.690,6.330
58,22.510,29.680,1.330,2.970
59,22.640,29.810,1.410,1.270
60,22.160,29.720,1.510,1.450
61,21.980,29.410,1.530,1.150
62,22.100,29.550,1.320,0.160
63,21.830,29.660,1.160,0.030
64,22.410,30.110,1.430,0.020
65,22.580,29.570,1.470,0.290
66,21.940,29.510,1.450,0.060
67,21.770,29.890,1.270,0.270
68,22.260,30.080,1.210,0.020
69,22.680,30.550,0.940,0.140
70,23.630,30.550,1.120,0.020
71,23.610,30.210,0.980,3.250
72,23.890,30.530,0.980,3.350
73,22.760,31.110,1.130,1.300
74,23.180,30.460,1.260,0.860
75,22.450,30.510,1.240,0.230
76,23.090,31.110,1.300,0.010
77,23.800,31.690,1.110,0.120
78,24.260,32.050,0.930,1.580
79,24.470,32.320,0.910,5.770
80,24.620,32.050,0.940,1.930
81,25.450,30.200,0.730,34.050
82,25.380,31.960,0.730,5.010
83,24.800,29.960,0.660,43.090
84,24.270,30.880,0.660,10.460
85,24.690,29.820,0.920,8.720
86,24.910,30.580,1.240,1.790
87,24.680,31.010,1.260,1.270
88,24.910,31.000,1.290,4.950
89,24.860,30.140,1.150,6.940
90,24.850,30.340,1.270,16.770
91,24.820,30.870,1.040,14.510
92,25.100,30.900,0.870,9.780
93,25.980,30.650,0.850,23.940
94,25.450,28.940,1.180,41.830
95,24.970,30.900,1.060,6.740
96,26.160,30.560,0.630,12.190
97,25.410,29.770,1.240,13.700
98,24.740,30.840,0.960,5.760
99,24.270,30.810,0.930,3.180
100,24.200,31.280,1.040,2.000
101,24.060,31.410,1.040,4.740
102,24.970,30.050,1.230,2.270
103,25.760,29.480,1.410,0.940
104,25.450,29.420,1.410,1.250
105,25.900,29.810,0.620,6.820
106,25.200,31.180,0.970,3.980
107,24.130,31.570,1.010,1.760
108,25.280,30.890,0.950,10.340
109,25.480,30.850,0.580,5.440
110,25.640,31.170,0.650,2.660
111,26.190,30.780,0.610,1.150
112,25.780,28.440,0.930,6.100
113,25.850,30.240,1.070,1.620
114,26.130,28.310,0.850,12.250
115,26.040,31.040,0.540,9.640
116,25.460,29.970,0.610,3.860
117,25.510,29.160,0.800,2.900
118,25.440,31.870,0.970,5.740
119,25.270,31.160,0.860,7.950
120,25.780,29.990,0.940,13.980
121,25.950,28.900,0.550,10.380
122,25.830,29.740,0.780,9.080
123,25.930,28.620,1.080,7.490
124,25.500,30.900,0.950,18.170
125,25.850,30.210,1.210,1.830
126,25.980,30.160,1.610,4.890
127,25.820,28.420,1.450,4.750
128,25.620,31.080,1.210,1.250
129,26.300,29.610,1.140,1.680
130,25.500,30.340,0.990,2.590
131,25.680,29.700,1.230,3.620
132,26.080,29.770,1.230,5.820
133,25.820,28.690,1.330,8.510
134,25.700,29.750,0.940,3.630
135,26.480,30.200,0.930,0.950
136,26.040,29.080,1.020,4.770
137,25.510,29.400,1.150,4.560
138,25.700,29.490,1.220,1.020
139,25.800,29.390,1.430,0.230
140,25.570,30.010,1.230,0.010
141,26.000,29.870,1.040,0.010
142,26.280,30.890,1.000,0.000
143,26.520,30.560,1.030,0.210
144,26.340,29.590,1.370,3.530
145,25.870,28.510,1.520,2.190
146,25.340,29.510,1.380,0.390
147,25.840,29.460,1.260,0.430
148,25.890,30.290,0.930,1.240
149,26.230,30.360,1.000,5.110
150,26.570,29.920,0.910,1.780
151,25.840,28.820,0.430,1.080
152,25.700,29.690,1.190,0.310
153,25.900,29.590,1.530,2.030
154,25.520,30.110,1.330,3.750
155,25.990,29.590,1.450,2.640
156,25.610,30.110,1.380,4.440
157,26.000,28.480,1.430,11.150
158,25.760,30.380,1.370,7.230
159,25.850,32.260,1.210,9.230
160,25.730,30.220,1.160,20.720
161,25.680,30.130,1.080,11.810
162,26.110,29.520,0.670,19.480
163,25.280,29.650,1.290,9.260
164,25.030,29.630,1.180,38.630
165,25.720,28.980,1.230,12.250
166,25.740,30.190,0.810,1.510
167,26.100,31.600,1.020,5.690
168,25.260,26.490,1.170,6.520
169,24.620,30.610,1.410,0.130
170,25.870,29.520,1.620,6.300
171,25.640,28.630,1.480,1.880
172,25.140,28.320,1.450,0.110
173,25.660,29.810,1.270,0.000
174,25.620,28.930,1.660,0.010
175,25.910,29.080,1.650,1.090
176,25.630,29.810,1.400,0.530
177,26.000,28.930,1.290,0.110
178,26.340,29.180,0.880,2.380
179,25.720,29.410,0.840,1.180
180,25.540,29.330,1.190,0.060
181,25.440,29.440,1.230,5.770
182,25.440,29.740,1.110,13.980
183,25.320,29.700,1.020,3.450
184,25.470,29.360,1.290,3.610
185,25.220,30.560,1.020,8.760
186,25.160,29.430,1.450,6.010
187,25.450,29.260,1.230,3.680
188,25.590,31.070,0.540,5.440
189,25.340,30.720,0.600,22.620
190,25.740,29.570,0.940,9.840
191,25.250,28.250,1.240,10.480
192,24.950,28.670,0.860,7.870
193,25.310,27.650,1.200,5.600
194,24.840,28.610,1.650,8.130
195,25.420,28.210,1.560,7.250
196,25.200,28.500,1.280,1.170
197,25.390,29.390,1.550,0.660
198,25.140,30.500,1.140,5.740
199,25.540,28.330,1.280,35.380
200,24.890,29.170,1.070,8.780
201,25.230,29.660,1.420,0.000
202,25.560,29.620,1.560,0.930
203,25.870,29.600,1.340,0.870
204,25.600,29.710,1.390,3.030
205,25.530,29.060,1.450,2.290
206,25.530,29.710,1.570,0.000
207,25.320,29.760,1.610,0.000
208,25.530,30.280,1.610,1.230
209,25.900,30.260,1.490,1.120
210,25.550,28.930,1.440,14.700
211,25.620,28.430,1.180,7.200
212,25.540,29.990,1.110,0.080
213,25.580,28.700,1.490,0.150
214,25.300,27.960,1.290,28.150
215,25.580,30.380,1.080,8.940
216,25.350,27.800,1.530,0.710
217,24.850,29.250,1.130,4.090
218,24.480,27.670,1.560,1.550
219,24.930,29.250,1.150,0.020
220,25.400,30.160,0.920,11.210
221,25.590,27.640,1.350,14.200
222,25.690,29.080,1.340,3.090
223,25.210,27.820,1.320,1.540
224,24.670,28.190,1.020,1.340
225,25.030,28.170,1.210,7.070
226,24.980,27.750,1.190,10.310
227,24.920,28.260,1.250,15.250
228,25.190,28.680,1.340,5.330
229,25.370,28.790,1.560,3.460
230,25.210,28.290,1.550,5.000
231,25.390,30.100,1.520,1.940
232,24.970,29.420,1.170,16.360
233,24.720,28.810,1.210,35.930
234,24.510,28.310,1.210,5.920
235,25.670,29.780,1.260,1.830
236,24.700,27.900,1.660,4.190
237,24.930,28.860,1.600,7.090
238,24.760,29.870,1.640,1.690
239,25.310,28.690,1.280,2.020
240,25.110,29.170,0.750,1.020
241,24.680,29.110,1.320,11.420
242,24.480,29.390,0.950,29.160
243,24.350,28.850,1.500,13.720
244,24.270,28.360,1.290,3.510
245,24.540,28.260,1.250,10.640
246,24.610,27.990,1.170,6.630
247,24.640,29.400,1.000,4.130
248,24.490,26.530,1.450,3.480
249,24.300,27.290,1.080,11.630
250,24.890,29.160,0.860,3.290
251,25.560,28.810,1.080,0.960
252,25.230,28.400,0.870,12.060
253,25.280,29.320,0.900,7.360
254,25.140,29.080,1.040,4.680
255,24.960,29.140,1.160,0.350
256,25.090,28.370,1.340,3.660
257,24.940,28.330,1.260,1.030
258,25.690,29.310,0.950,1.020
259,25.970,28.890,0.900,1.410
260,25.670,29.300,1.250,7.980
261,25.880,30.220,1.040,5.370
262,26.040,28.560,1.300,0.430
263,25.130,27.770,1.520,9.160
264,25.130,28.170,1.620,5.330
265,24.410,28.740,1.530,0.970
266,24.970,29.900,1.400,0.000
267,25.180,29.750,1.320,3.960
268,25.470,29.540,1.300,2.300
269,25.500,29.930,1.050,1.980
270,26.120,28.890,1.120,4.760
271,25.740,28.960,0.960,0.830
272,25.600,28.600,1.010,3.560
273,25.530,29.510,1.710,1.960
274,25.130,29.070,1.360,0.810
275,25.240,29.360,0.800,9.860
276,25.320,30.550,0.970,16.090
277,25.200,28.700,0.900,1.220
278,24.860,27.190,1.160,24.670
279,24.300,30.530,1.070,2.990
280,25.040,29.850,0.850,0.810
281,25.000,30.160,0.760,4.970
282,25.280,27.760,1.000,2.780
283,24.640,29.330,0.560,2.210
284,23.990,29.670,1.080,7.270
285,24.520,29.220,0.670,8.860
286,24.890,30.410,0.620,24.130
287,25.080,29.250,1.380,20.510
288,25.170,28.920,1.120,28.360
289,25.120,28.570,1.370,41.270
290,25.020,29.700,1.070,6.020
291,25.020,28.190,1.190,9.020
292,24.670,28.980,0.850,15.980
293,24.770,29.830,0.840,5.690
294,25.110,29.500,0.810,1.280
295,25.360,29.400,1.110,5.820
296,24.660,28.800,1.390,7.330
297,24.920,28.210,1.330,11.010
298,24.450,29.390,1.010,17.580
299,25.140,28.530,0.900,0.710
300,25.670,29.180,1.030,11.650
301,25.090,28.960,1.130,7.740
302,25.100,27.990,1.420,11.820
303,24.630,27.320,1.520,10.590
304,24.620,28.600,1.950,2.200
305,25.270,29.150,2.060,1.230
306,24.990,29.330,1.530,1.990
307,24.910,28.470,1.510,0.680
308,24.880,29.980,1.340,0.140
309,25.180,29.290,1.260,0.020
310,25.040,29.750,1.460,0.030
311,25.130,30.330,1.330,0.020
312,25.560,29.560,0.780,0.480
313,25.030,29.270,1.400,10.550
314,24.630,27.060,1.750,4.470
315,24.420,29.340,1.820,0.290
316,24.940,27.490,1.770,0.280
317,24.920,28.450,1.570,0.410
318,24.440,29.040,1.460,0.110
319,25.200,27.810,1.460,4.220
320,24.740,27.900,1.040,5.050
321,24.540,29.730,0.680,5.750
322,24.470,30.120,0.940,3.870
323,25.010,27.870,1.110,6.440
324,24.500,29.070,0.960,4.360
325,25.310,29.850,0.690,6.890
326,24.670,29.320,1.270,3.100
327,24.590,28.910,1.130,8.290
328,24.590,28.050,1.000,7.530
329,24.780,28.860,0.950,4.810
330,25.280,28.490,1.010,6.120
331,25.180,29.490,0.730,7.340
332,24.920,28.670,0.800,3.200
333,25.030,30.330,0.710,24.840
334,24.540,29.320,0.750,11.100
335,24.570,29.910,0.930,4.560
336,25.260,29.490,1.000,9.040
337,25.320,28.650,1.860,6.520
338,24.980,28.720,1.440,0.660
339,25.000,28.370,1.440,4.530
340,24.960,28.880,1.300,14.740
341,24.600,28.980,0.800,12.510
342,24.750,30.190,0.950,11.660
343,24.600,27.880,1.170,2.150
344,24.280,27.510,1.170,4.390
345,24.280,28.150,1.180,2.110
346,24.430,29.270,0.830,2.120
347,24.380,27.300,1.190,6.660
348,23.860,28.690,1.470,10.790
349,23.810,27.240,1.330,11.000
350,23.530,27.610,1.360,2.850
351,24.360,26.900,1.620,0.920
352,24.410,28.560,1.770,0.080
353,23.470,28.490,1.370,1.640
354,23.640,27.590,1.250,13.630
355,23.670,28.460,0.990,6.400
356,23.760,28.720,1.280,1.280
357,24.420,29.010,1.500,1.400
358,24.700,27.800,2.150,0.090
359,24.210,28.200,2.230,5.480
360,24.840,28.630,1.170,4.640
361,24.730,29.170,1.470,3.270
362,24.350,29.360,0.990,1.220
363,23.770,27.160,1.010,1.770
364,23.640,27.200,0.840,1.180
365,23.090,28.790,1.260,2.970
1,22.500,28.070,1.530,2.450
2,22.200,28.160,1.710,0.100
3,22.000,28.700,1.520,0.010
4,22.350,28.440,1.720,0.150
5,21.800,28.120,1.600,0.070
6,21.880,28.970,1.360,0.000
7,21.900,29.090,1.460,0.030
8,22.060,28.800,1.580,0.300
9,22.450,28.720,1.570,1.880
10,22.360,29.020,1.810,0.450
11,22.620,29.300,1.750,0.860
12,22.640,29.130,1.900,0.090
13,22.600,28.470,2.040,0.040
14,22.560,29.330,1.590,0.020
15,22.620,28.620,1.550,0.670
16,22.710,29.070,1.220,13.180
17,22.680,28.060,1.290,31.330
18,22.420,29.130,1.130,3.010
19,23.020,29.060,0.870,0.010
20,23.470,29.600,1.160,3.450
21,23.520,29.270,1.460,18.100
22,23.100,29.740,1.300,5.400
23,23.210,29.520,1.030,6.510
24,22.700,30.110,1.290,1.090
25,23.190,30.300,1.100,0.150
26,23.410,30.420,0.980,0.160
27,24.410,29.640,1.470,7.200
28,23.360,29.040,1.410,2.270
29,23.660,28.660,1.690,0.060
30,23.280,28.970,1.710,0.130
31,22.940,29.040,1.650,0.020
32,22.500,29.640,1.520,0.000
33,22.800,29.970,1.280,0.310
34,23.330,30.720,1.300,1.020
35,23.930,30.060,1.160,0.500
36,23.640,30.560,1.120,3.080
37,24.350,30.350,1.100,11.730
38,24.090,29.900,0.770,0.670
39,23.950,29.280,0.820,4.440
40,24.470,30.520,0.590,4.470
41,25.310,28.870,1.040,3.480
42,24.530,28.680,1.650,1.310
43,24.550,29.020,1.360,1.520
44,24.740,29.470,1.030,0.410
45,25.000,29.820,0.820,1.840
46,24.770,27.670,0.670,3.860
47,23.870,29.790,0.930,2.370
48,24.630,29.420,1.030,4.180
49,23.890,28.990,0.890,3.320
50,24.010,28.950,0.860,5.190
51,24.360,29.370,0.840,5.940
52,23.850,27.400,1.370,2.730
53,23.210,28.410,1.450,3.120
54,23.620,27.470,1.630,0.400
55,23.130,29.370,1.370,1.360
56,23.720,29.430,1.070,7.770
57,24.010,28.740,1.420,7.600
58,23.570,29.490,1.030,0.350
59,24.030,29.310,1.200,1.760
60,23.730,30.710,1.300,0.170
61,23.740,30.650,1.300,0.000
62,23.570,30.740,1.180,0.420
63,23.680,30.560,1.050,0.430
64,24.190,29.830,1.110,1.150
65,23.230,30.070,1.300,2.740
66,22.680,30.160,1.520,2.150
67,23.160,30.450,1.560,0.690
68,23.300,30.320,1.190,0.430
69,23.380,30.660,1.000,2.580
70,23.730,29.810,1.110,3.720
71,23.780,30.250,1.080,10.420
72,24.260,29.690,1.190,12.100
73,23.740,30.880,1.040,2.390
74,24.860,30.380,0.830,0.400
75,24.530,30.390,1.120,0.400
76,24.940,30.800,0.930,1.440
77,25.370,30.830,0.790,5.630
78,25.120,28.810,1.080,17.470
79,24.440,29.360,1.210,8.890
80,24.260,29.790,0.820,5.110
81,24.200,30.540,0.850,4.210
82,25.020,31.320,0.970,1.970
83,25.390,29.810,0.920,4.100
84,25.560,30.600,1.070,1.490
85,25.490,30.290,0.850,0.710
86,25.480,30.430,1.430,0.590
87,25.200,31.220,1.430,1.690
88,24.960,31.470,1.480,0.640
89,23.930,31.650,1.510,0.100
90,24.940,31.540,1.290,5.600
91,24.910,31.420,1.330,0.770
92,24.650,31.130,1.420,2.890
93,25.010,31.010,1.360,5.860
94,24.950,30.130,1.320,7.820
95,24.440,30.340,0.890,11.530
96,24.850,30.400,1.050,3.240
97,25.240,30.190,1.130,43.170
98,25.010,29.860,1.370,14.160
99,25.040,29.600,1.210,12.960
100,24.730,29.650,1.070,6.650
101,25.260,29.230,0.880,4.810
102,25.160,29.560,1.120,5.540
103,24.910,30.360,0.770,13.330
104,25.700,30.650,0.630,4.310
105,24.920,32.200,0.940,4.790
106,25.510,29.060,1.520,2.020
107,25.450,31.090,0.630,4.460
108,25.910,30.710,0.690,7.550
109,25.150,32.550,0.580,11.460
110,25.880,30.300,0.830,15.510
111,25.070,30.090,1.130,2.920
112,25.090,30.920,1.340,0.550
113,24.890,31.410,1.360,0.130
114,25.500,31.680,0.790,0.240
115,25.190,31.370,0.940,0.230
116,24.970,31.980,0.770,0.480
117,25.460,31.400,1.290,9.840
118,25.480,30.990,1.550,22.440
119,25.720,29.300,1.610,18.960
120,25.820,29.740,1.390,2.500
121,26.210,29.950,0.840,11.010
122,25.570,29.560,0.890,16.260
123,25.200,31.130,0.910,7.590
124,25.130,31.240,1.320,8.170
125,25.220,31.970,0.880,4.040
126,25.510,31.670,0.890,2.130
127,25.550,31.980,0.690,0.210
128,26.280,31.860,0.570,3.000
129,26.100,29.060,0.600,2.250
130,26.380,29.940,0.670,1.770
131,26.310,31.680,1.250,0.890
132,25.660,30.820,1.020,7.860
133,26.500,30.780,1.080,10.700
134,26.180,33.180,1.070,5.000
135,25.800,31.670,1.220,10.580
136,25.950,29.190,1.060,7.570
137,26.040,29.270,1.480,4.690
138,25.750,29.610,1.440,6.900
139,25.710,29.840,1.570,4.310
140,26.160,29.700,1.150,0.660
141,25.800,30.520,1.540,0.070
142,25.900,29.940,1.400,0.010
143,26.240,29.610,1.110,0.930
144,26.510,30.010,1.140,0.290
145,25.480,30.410,1.330,0.000
146,26.040,30.300,1.270,0.810
147,26.270,29.890,1.320,5.130
148,26.010,30.160,1.300,1.570
149,26.050,29.520,0.990,19.460
150,26.650,31.050,0.610,7.260
151,25.820,29.770,1.430,1.300
152,25.470,29.440,1.420,0.770
153,25.550,30.370,1.290,0.230
154,26.230,30.850,1.290,0.280
155,26.440,30.760,1.370,19.010
156,26.420,30.420,1.160,16.700
157,26.100,29.630,1.310,1.070
158,25.490,28.020,1.180,2.430
159,24.790,30.310,1.320,1.800
160,25.680,29.970,1.620,0.200
161,25.730,29.280,1.450,5.760
162,25.750,29.800,1.240,3.760
163,25.820,28.620,1.210,6.320
164,26.060,29.860,0.990,2.240
165,25.440,30.030,1.120,52.660
166,25.550,29.410,1.400,15.590
167,25.570,29.260,1.320,2.250
168,25.050,30.730,1.520,0.240
169,25.500,30.760,1.770,0.000
170,25.720,30.770,1.740,0.080
171,25.630,30.240,1.770,0.590
172,26.000,30.060,1.130,0.380
173,26.110,30.390,1.350,0.290
174,26.220,29.500,1.100,0.170
175,26.400,29.290,0.730,0.150
176,26.180,29.810,0.640,0.300
177,26.180,29.670,0.790,0.200
178,26.290,28.100,1.160,1.260
179,25.670,29.800,1.500,0.490
180,25.750,30.130,1.310,0.830
181,25.960,29.630,1.840,6.990
182,25.510,29.520,2.080,1.620
183,25.470,29.820,2.000,0.330
184,25.830,29.140,1.840,1.640
185,25.540,29.580,1.520,1.260
186,25.360,29.920,1.100,4.190
187,25.300,29.780,0.680,1.270
188,25.270,30.590,1.070,1.630
189,25.260,28.840,1.260,0.800
190,25.130,29.220,1.500,14.200
191,25.310,29.250,1.600,6.910
192,25.250,30.130,1.720,0.460
193,25.180,30.100,1.780,0.320
194,24.940,30.580,1.810,0.760
195,25.100,28.910,1.470,17.330
196,25.100,29.640,1.400,7.990
197,25.120,29.790,1.680,0.030
198,25.560,29.580,1.650,0.450
199,25.770,28.910,1.660,0.240
200,25.560,29.440,1.620,0.110
201,25.540,29.490,1.680,0.040
202,25.850,29.290,1.670,0.020
203,25.880,30.020,1.780,1.430
204,25.850,29.740,1.560,14.940
205,25.430,29.390,1.310,15.580
206,25.220,27.670,1.540,13.570
207,25.240,29.860,1.300,2.370
208,25.200,29.300,1.550,0.160
209,25.270,28.000,1.410,1.860
210,25.200,30.370,1.490,0.420
211,25.420,30.650,1.630,0.340
212,25.350,31.150,1.580,0.320
213,25.980,29.890,1.380,0.650
214,25.440,29.950,1.530,0.170
215,25.190,30.790,1.440,0.670
216,25.910,30.410,1.380,0.450
217,25.660,30.570,1.440,0.010
218,25.630,30.440,1.700,0.020
219,25.710,28.910,1.550,0.200
220,25.590,27.470,1.590,15.060
221,24.900,27.260,1.740,8.930
222,24.590,29.580,1.650,2.820
223,25.380,29.500,1.680,0.680
224,25.510,28.970,1.390,1.550
225,25.550,30.280,1.450,1.130
226,25.630,30.160,1.380,1.040
227,25.570,29.740,1.380,0.580
228,25.870,30.270,1.150,5.190
229,25.870,30.520,0.930,3.730
230,25.880,31.240,0.770,1.180
231,25.740,29.540,1.080,0.750
232,25.290,29.520,1.250,0.590
233,25.200,28.790,1.370,0.400
234,25.160,29.150,1.290,10.880
235,25.840,28.130,1.180,9.640
236,25.490,27.580,0.950,1.680
237,24.080,29.490,1.100,0.410
238,25.400,26.370,0.920,30.990
239,24.930,29.850,1.700,8.320
240,25.500,28.540,1.600,0.580
241,25.560,28.430,1.450,0.590
242,25.530,29.400,1.490,0.050
243,25.680,28.680,1.340,0.700
244,25.640,29.150,1.130,3.920
245,25.640,30.150,0.870,2.070
246,25.690,30.650,0.710,2.980
247,25.320,29.020,1.380,0.880
248,25.120,29.820,1.450,0.420
249,24.940,30.840,1.260,2.040
250,25.230,29.610,1.270,1.580
251,25.270,29.800,1.280,0.920
252,24.790,29.820,1.410,0.850
253,25.220,30.710,1.220,6.350
254,25.440,30.440,1.240,4.100
255,24.920,30.280,1.170,4.450
256,24.230,30.630,1.470,2.920
257,24.800,31.090,1.650,0.500
258,24.670,30.240,1.530,5.400
259,25.090,31.020,1.170,5.360
260,25.190,28.770,1.370,0.560
261,24.530,26.580,1.120,0.420
262,24.880,28.220,1.250,0.060
263,25.220,29.340,1.510,2.200
264,24.580,30.260,1.110,1.860
265,25.240,28.760,1.010,1.490
266,24.850,27.770,1.120,0.640
267,24.470,28.890,1.400,0.870
268,24.960,26.650,1.350,0.500
269,24.210,29.580,1.600,0.000
270,24.580,29.260,1.420,0.010
271,24.950,29.270,1.380,0.010
272,25.340,30.660,1.390,0.050
273,25.140,30.460,1.480,0.020
274,25.200,29.910,0.950,10.070
275,24.900,29.670,1.030,24.380
276,24.520,30.460,0.740,24.550
277,25.400,30.910,0.670,2.460
278,24.890,29.840,1.250,1.040
279,25.620,28.540,1.000,0.240
280,25.050,27.470,0.960,0.750
281,24.800,26.610,0.880,0.280
282,24.860,28.820,1.360,2.760
283,24.460,29.890,0.890,5.710
284,24.400,30.460,0.810,15.490
285,25.190,30.020,0.670,27.450
286,24.670,29.940,0.670,1.900
287,24.370,30.160,1.550,0.100
288,23.780,30.090,1.380,0.560
289,24.580,30.910,1.200,3.630
290,24.940,31.630,0.930,1.990
291,25.490,31.160,0.470,3.270
292,25.480,30.750,0.570,4.870
293,25.250,31.170,0.540,4.040
294,25.350,30.600,0.700,0.810
295,25.280,30.310,0.740,0.020
296,25.960,29.130,0.760,9.610
297,25.410,30.650,0.530,12.030
298,25.770,29.590,0.840,4.300
299,25.470,28.790,0.930,0.780
300,25.700,30.180,0.750,0.790
301,26.150,30.390,0.650,2.130
302,25.230,28.590,0.760,1.220
303,24.880,30.210,1.330,4.010
304,25.170,30.380,0.840,13.250
305,25.060,30.210,0.890,8.020
306,24.830,30.570,0.840,11.150
307,25.340,29.740,1.080,2.640
308,25.250,29.080,0.970,4.140
309,24.760,28.680,1.040,3.260
310,25.050,30.580,0.560,2.330
311,25.480,30.580,1.240,3.240
312,25.030,29.790,1.180,5.130
313,24.970,30.700,1.030,4.050
314,24.870,30.470,1.050,3.250
315,24.790,30.230,0.910,4.340
316,24.990,30.110,1.200,7.330
317,25.110,29.920,1.060,6.270
318,24.510,30.130,1.000,38.400
319,25.220,27.450,0.970,16.120
320,24.570,29.650,0.840,4.610
321,24.880,29.970,1.140,16.670
322,24.690,31.200,1.020,8.530
323,24.900,29.330,1.110,8.790
324,25.030,30.270,1.050,32.230
325,24.910,27.840,1.370,11.640
326,24.500,28.030,0.930,21.590
327,24.640,29.630,0.980,4.350
328,24.820,28.340,1.270,29.620
329,24.780,30.510,0.710,26.580
330,24.700,29.920,1.060,12.380
331,24.400,31.000,0.920,3.840
332,24.910,30.660,0.870,3.000
333,24.910,30.920,0.740,0.440
334,25.010,30.670,0.920,20.050
335,24.770,29.300,1.420,12.590
336,24.350,29.740,1.580,1.130
337,24.880,29.380,1.260,3.200
338,25.050,29.570,1.510,2.910
339,24.770,29.490,1.490,13.680
340,25.370,28.840,1.440,6.590
341,25.040,28.410,1.410,2.430
342,25.110,28.600,1.140,19.730
343,24.650,28.540,1.260,26.830
344,24.900,29.100,1.200,5.920
345,25.110,29.650,1.380,0.430
346,24.520,30.060,1.340,2.010
347,24.990,30.080,1.500,1.530
348,24.850,28.690,1.300,5.390
349,25.020,28.290,1.510,4.580
350,24.960,29.090,1.510,4.910
351,25.070,29.320,1.420,1.440
352,25.150,29.060,1.500,9.390
353,25.340,28.900,1.400,6.880
354,25.040,28.880,1.140,1.640
355,24.730,28.500,1.330,12.020
356,25.080,28.440,1.100,8.480
357,24.870,28.600,0.960,14.200
358,25.170,28.360,0.650,3.090
359,25.160,28.010,1.150,2.540
360,24.690,29.050,0.910,1.300
361,24.850,28.180,1.070,18.000
362,24.830,28.800,1.170,4.130
363,24.210,29.380,1.460,7.060
364,23.530,29.600,1.670,0.060
365,23.000,29.970,1.420,0.170
1,24.590,28.810,1.510,3.940
2,24.150,28.900,1.130,3.860
3,24.510,28.550,1.280,12.490
4,24.390,28.420,0.950,13.530
5,24.620,29.590,1.430,9.470
6,24.720,29.470,1.360,6.240
7,24.710,29.050,1.330,2.350
8,24.650,28.730,1.370,4.190
9,24.750,27.970,1.280,3.380
10,24.820,28.690,1.330,13.320
11,24.940,29.510,1.170,15.680
12,24.880,29.560,1.360,12.140
13,24.450,30.300,1.290,2.930
14,24.520,30.530,1.190,2.460
15,24.880,30.300,1.180,1.410
16,24.700,30.310,1.350,0.150
17,24.010,30.550,1.110,0.020
18,24.280,31.120,1.060,0.060
19,25.560,30.890,0.850,0.910
20,25.300,30.550,0.990,0.860
21,26.020,31.330,0.720,0.400
22,25.680,30.870,0.860,0.350
23,24.550,30.500,1.720,2.180
24,23.990,30.450,1.700,0.070
25,23.660,30.510,1.550,0.000
26,24.030,30.730,1.310,0.010
27,24.530,30.860,1.690,0.120
28,24.580,30.850,1.710,0.920
29,24.010,30.740,1.610,0.450
30,24.180,30.920,1.410,1.440
31,24.620,30.640,1.500,3.900
32,24.780,29.440,1.410,13.370
33,24.560,28.930,1.500,14.830
34,24.700,28.970,1.500,3.370
35,24.410,30.630,1.480,2.500
36,24.470,30.540,1.700,6.740
37,24.470,30.450,1.400,0.250
38,24.510,29.780,1.190,5.570
39,24.170,30.040,1.500,5.750
40,24.070,30.720,1.540,4.720
41,23.700,30.650,1.730,0.800
42,23.420,30.780,1.650,0.010
43,22.600,30.800,1.380,0.000
44,23.340,30.860,1.170,0.000
45,24.170,31.280,1.270,0.000
46,24.460,31.640,1.270,0.260
47,24.690,31.540,1.250,0.680
48,25.000,31.490,1.140,1.080
49,24.890,30.680,1.160,1.640
50,24.970,31.430,0.990,5.940
51,25.130,31.800,0.920,2.590
52,24.840,31.870,0.850,0.460
53,24.700,31.790,0.930,1.010
54,25.260,31.000,0.680,3.570
55,25.960,33.460,0.550,2.560
56,25.960,30.600,1.050,3.780
57,25.450,31.760,1.420,0.870
58,24.970,32.070,1.180,0.080
59,25.230,32.550,1.030,0.340
60,24.970,32.170,1.360,2.650
61,24.730,31.830,1.480,3.480
62,24.310,31.540,1.110,0.120
63,24.210,31.420,1.560,0.010
64,24.280,31.140,1.480,0.020
65,24.980,30.170,1.320,7.380
66,25.560,30.790,1.310,1.930
67,24.540,32.360,1.060,0.150
68,24.980,32.620,1.220,0.060
69,25.610,32.270,1.070,2.630
70,26.330,30.990,1.000,1.090
71,26.470,30.830,1.140,1.760
72,26.440,31.300,1.240,0.470
73,26.440,31.700,1.160,0.350
74,26.080,31.190,1.240,4.560
75,26.240,29.120,1.370,11.700
76,25.460,30.360,0.990,3.690
77,25.520,31.250,0.820,9.650
78,25.510,31.740,0.760,8.950
79,25.970,32.570,0.970,1.730
80,25.760,32.230,1.200,0.240
81,25.650,32.860,1.190,5.780
82,25.410,32.690,1.040,1.460
83,25.970,32.630,1.230,0.070
84,25.740,32.510,1.340,4.630
85,24.990,32.520,1.090,0.740
86,25.890,31.630,1.440,3.050
87,25.090,33.170,1.370,1.010
88,25.150,33.010,1.410,1.710
89,25.750,32.610,1.510,4.870
90,26.220,31.660,1.620,1.310
91,25.540,33.050,1.310,0.480
92,25.610,32.630,1.390,2.110
93,25.610,32.290,1.350,1.370
94,25.520,33.440,1.150,0.390
95,26.160,31.720,1.260,3.290
96,25.680,31.520,1.490,1.850
97,25.600,32.740,1.450,1.120
98,24.990,32.980,1.270,1.270
99,25.850,32.740,1.570,0.980
100,25.350,33.680,1.210,0.550
101,25.260,33.880,1.050,0.240
102,25.670,34.100,1.230,0.570
103,26.090,34.090,1.080,0.670
104,26.500,33.470,0.940,16.020
105,26.300,32.500,1.110,9.630
106,26.820,30.780,0.620,0.840
107,26.630,33.320,0.820,4.470
108,26.710,33.170,0.720,2.580
109,27.130,32.060,0.700,1.110
110,26.410,33.560,1.060,3.030
111,25.950,33.090,0.860,2.150
112,25.530,32.990,1.230,0.040
113,25.360,33.170,0.840,0.350
114,25.400,34.420,1.230,0.380
115,27.250,31.970,1.020,10.390
116,26.750,32.290,1.370,4.400
117,26.680,33.040,0.920,3.350
118,26.820,33.980,1.120,0.650
119,25.990,34.280,0.840,0.040
120,26.300,32.530,0.860,1.250
121,27.490,32.570,0.870,2.080
122,27.320,34.040,0.700,0.660
123,27.370,31.000,0.610,1.010
124,26.980,33.060,0.670,2.910
125,26.800,34.020,1.110,1.170
126,26.540,33.360,1.070,2.970
127,26.570,33.150,1.270,3.170
128,26.500,31.560,1.520,20.740
129,26.630,31.300,1.530,8.610
130,26.730,30.230,1.210,5.930
131,26.440,32.600,1.130,4.460
132,26.130,31.570,1.240,2.530
133,26.250,30.520,0.870,25.940
134,26.240,31.330,1.030,23.320
135,26.360,31.040,1.030,32.960
136,26.020,31.560,1.130,29.410
137,26.330,32.390,0.800,15.470
138,27.060,32.240,0.310,5.810
139,27.020,32.020,0.710,16.900
140,26.850,29.940,1.100,0.880
141,26.850,31.980,0.670,1.170
142,26.510,32.050,1.060,2.790
143,26.730,32.060,1.020,6.600
144,26.950,30.780,1.280,3.410
145,27.540,31.360,1.290,2.970
146,27.370,31.120,1.250,12.800
147,26.980,29.310,1.470,17.600
148,26.650,31.350,1.150,0.570
149,26.910,31.110,1.000,0.080
150,27.460,30.840,1.190,0.020
151,27.480,30.530,1.290,21.780
152,27.060,30.170,1.210,14.230
153,27.310,30.370,1.150,3.280
154,27.060,30.520,1.490,1.120
155,27.060,29.970,1.680,1.020
156,26.450,30.910,1.220,0.630
157,26.910,31.300,1.160,5.320
158,26.550,31.740,1.130,5.400
159,26.340,29.360,1.260,11.010
160,26.130,30.890,1.100,6.820
161,26.460,32.000,0.800,7.940
162,25.600,30.020,1.100,1.480
163,26.390,29.230,1.090,3.220
164,26.090,30.420,1.290,1.060
165,26.290,30.280,1.050,0.140
166,26.330,31.020,1.090,0.350
167,26.920,30.370,1.150,0.360
168,27.000,30.450,0.840,1.100
169,26.150,31.680,1.120,29.190
170,25.580,29.940,1.290,9.270
171,26.230,29.480,1.220,13.760
172,26.350,29.110,1.060,4.260
173,26.420,29.870,0.910,3.190
174,26.150,30.460,0.830,3.160
175,25.950,28.320,1.120,4.080
176,25.790,29.760,0.990,0.230
177,26.380,30.310,1.230,2.070
178,26.610,29.520,1.540,6.590
179,26.310,29.270,1.180,3.460
180,26.260,28.310,1.470,1.350
181,26.070,29.610,1.180,0.230
182,26.400,29.860,0.780,0.360
183,26.500,29.590,0.660,0.180
184,26.150,30.350,1.220,0.110
185,26.610,30.850,1.320,0.050
186,26.190,30.730,1.470,0.130
187,26.430,30.210,1.520,1.980
188,26.080,29.880,1.320,0.290
189,26.290,30.260,1.150,28.430
190,25.970,28.630,1.140,13.140
191,25.920,29.970,1.050,1.520
192,26.130,29.450,1.170,8.840
193,25.680,29.110,1.320,11.780
194,25.970,29.830,0.780,5.670
195,26.120,30.560,0.970,3.840
196,25.500,29.210,1.280,3.670
197,25.790,29.580,1.020,0.290
198,25.810,29.540,1.100,0.800
199,25.520,30.010,0.800,3.890
200,26.510,30.220,0.660,6.290
201,26.120,30.090,0.910,4.670
202,25.890,29.990,1.070,5.620
203,25.750,29.000,1.020,16.630
204,25.110,28.510,1.650,11.400
205,25.420,27.820,1.660,13.580
206,24.920,29.130,1.370,2.070
207,25.570,28.510,1.240,3.020
208,26.150,29.680,1.160,1.220
209,25.540,29.140,1.330,1.650
210,25.770,28.760,1.040,12.170
211,25.260,28.390,1.230,9.070
212,24.950,28.170,1.030,2.270
213,26.090,30.680,1.010,0.850
214,25.760,30.890,1.200,2.460
215,25.960,29.390,1.510,7.600
216,25.470,26.840,1.270,4.760
217,24.870,29.420,0.740,17.590
218,25.740,30.080,0.840,2.930
219,25.890,29.310,0.840,2.240
220,25.780,30.520,0.610,0.960
221,26.120,30.500,1.070,0.670
222,25.730,29.760,0.820,1.340
223,25.480,28.050,0.860,30.050
224,25.200,30.660,1.030,29.800
225,25.030,29.100,1.320,4.710
226,25.800,30.600,1.540,1.370
227,26.030,30.650,1.150,1.430
228,25.750,29.120,0.710,12.620
229,25.010,30.460,0.830,10.970
230,25.220,30.700,0.750,25.820
231,25.090,29.920,1.120,12.720
232,25.140,30.480,1.060,17.010
233,25.320,29.190,1.120,28.310
234,25.230,27.520,1.520,15.970
235,24.960,29.050,1.610,10.720
236,25.230,28.280,1.370,19.640
237,25.240,30.070,1.340,7.700
238,25.180,28.280,1.390,10.100
239,25.450,32.270,0.780,13.230
240,24.790,29.470,0.560,13.040
241,24.340,30.150,0.730,17.860
242,25.120,30.560,0.580,11.640
243,25.380,27.770,0.920,14.680
244,25.220,29.340,0.920,26.510
245,25.250,27.680,1.400,16.230
246,24.860,29.280,1.230,8.860
247,25.070,28.000,1.090,12.660
248,25.480,28.910,0.920,1.500
249,25.510,28.280,1.210,5.580
250,25.250,28.870,1.250,0.860
251,25.490,29.500,1.410,0.040
252,25.770,30.250,1.170,3.230
253,25.920,30.520,0.770,5.620
254,25.740,29.800,0.750,11.080
255,25.450,30.840,0.590,0.950
256,25.450,30.290,1.000,1.620
257,26.200,29.920,0.900,10.710
258,25.470,30.510,1.290,9.930
259,25.630,29.550,1.180,7.520
260,25.910,29.280,0.850,5.830
261,26.010,30.830,0.850,20.670
262,25.700,29.160,1.110,18.650
263,26.040,28.810,1.400,0.450
264,25.740,28.760,1.380,87.000
265,25.910,29.060,1.250,55.170
266,25.600,27.550,1.110,5.540
267,25.540,28.960,1.660,0.660
268,25.570,29.340,1.510,0.970
269,25.950,29.010,1.300,1.070
270,25.100,28.600,1.130,6.860
271,25.320,28.280,1.170,6.640
272,25.500,29.500,1.530,0.820
273,25.620,28.770,1.240,1.150
274,25.890,28.970,1.120,2.770
275,25.870,29.100,1.480,2.890
276,25.690,29.030,1.540,1.010
277,25.330,29.610,1.320,0.660
278,26.010,28.840,1.350,3.770
279,25.720,29.590,1.100,4.240
280,26.230,29.070,0.940,1.960
281,26.000,29.080,0.980,4.650
282,25.370,28.970,1.630,2.350
283,25.030,29.420,1.200,1.300
284,26.040,29.820,1.020,2.550
285,26.100,29.430,1.490,1.410
286,25.920,30.410,1.310,0.090
287,26.170,29.540,1.500,0.610
288,26.290,31.050,0.780,1.580
289,25.710,32.430,0.790,10.290
290,26.090,28.750,1.400,12.750
291,25.600,27.390,1.950,2.160
292,25.200,28.740,1.380,0.870
293,25.390,29.450,1.660,0.840
294,25.790,28.890,2.130,1.300
295,25.410,29.480,1.830,1.630
296,25.450,30.270,1.820,1.670
297,25.950,28.980,1.960,3.190
298,25.280,28.330,1.700,6.420
299,25.780,29.610,1.290,2.240
300,26.010,27.730,1.290,13.820
301,25.540,29.430,1.170,27.860
302,25.700,28.650,1.520,5.770
303,25.070,29.100,1.010,5.930
304,24.780,29.060,0.830,13.910
305,25.460,28.670,1.330,16.120
306,25.150,28.500,1.170,11.560
307,25.380,29.730,1.170,13.310
308,25.520,29.790,0.790,15.160
309,25.720,30.010,0.750,6.430
310,25.810,27.740,1.470,3.220
311,25.180,29.350,1.460,14.250
312,25.780,27.790,2.090,12.510
313,25.220,28.420,1.430,50.790
314,25.170,28.620,1.150,42.820
315,24.730,29.660,1.410,1.140
316,25.380,29.940,0.920,0.880
317,25.600,28.410,0.850,3.570
318,25.160,28.400,1.000,6.240
319,25.360,26.940,1.600,3.110
320,25.160,27.310,1.690,0.450
321,25.270,29.720,1.690,0.440
322,25.360,27.650,2.030,4.180
323,24.770,27.670,2.120,3.050
324,25.110,27.780,1.680,1.400
325,24.790,29.350,1.820,1.700
326,25.420,28.070,1.480,5.220
327,25.470,28.260,1.670,7.150
328,25.620,27.830,1.670,11.470
329,25.150,28.190,1.470,1.490
330,24.960,29.470,1.560,0.850
331,25.170,29.120,1.990,0.540
332,25.350,27.790,2.010,1.430
333,25.000,28.360,1.610,0.810
334,24.960,28.110,1.140,0.100
335,25.760,28.970,0.900,0.380
336,25.380,28.710,1.290,0.810
337,25.100,30.350,0.730,0.920
338,25.180,28.630,1.120,2.910
339,25.040,29.310,1.340,5.960
340,25.370,29.730,0.920,5.420
341,24.840,29.400,1.140,1.350
342,24.980,28.770,0.940,10.170
343,24.760,27.950,1.840,4.720
344,25.030,29.050,1.160,0.820
345,24.830,27.670,1.490,1.310
346,24.130,30.630,0.950,0.190
347,24.120,29.840,1.230,5.230
348,25.070,29.110,1.720,1.840
349,24.910,30.040,0.970,14.670
350,24.870,28.920,0.760,2.230
351,25.700,28.820,1.260,0.280
352,25.370,28.970,1.100,0.650
353,25.370,28.960,0.690,0.800
354,24.970,28.430,0.560,3.500
355,24.970,27.350,1.000,2.920
356,24.660,28.360,1.370,5.190
357,24.560,28.060,1.680,1.280
358,24.910,28.280,1.530,0.350
359,24.840,28.210,1.320,3.890
360,24.740,28.010,0.720,4.630
361,24.390,28.670,0.970,3.470
362,24.430,28.660,1.060,7.280
363,24.170,28.220,0.910,12.870
364,24.540,27.210,1.180,17.340
365,24.140,28.020,1.240,11.260
1,23.970,28.170,1.410,20.890
2,24.080,26.740,1.570,11.850
3,24.150,27.890,1.520,4.330
4,24.060,26.860,1.390,8.860
5,23.920,27.650,1.400,5.610
6,24.020,29.260,1.060,5.860
7,24.340,28.670,1.040,3.480
8,24.300,27.690,1.330,3.230
9,23.680,26.490,1.510,2.100
10,23.500,27.970,1.300,1.900
11,23.450,28.380,1.210,1.280
12,24.080,27.240,1.160,7.200
13,23.820,29.170,1.010,3.620
14,24.150,28.580,1.090,1.960
15,24.580,28.940,1.180,0.900
16,24.810,28.200,1.360,1.350
17,24.200,29.410,0.960,2.070
18,24.610,28.120,1.430,14.490
19,24.300,28.590,1.450,4.380
20,24.090,28.760,1.530,10.890
21,24.050,27.980,1.310,7.020
22,24.250,28.920,1.470,5.770
23,24.100,29.670,1.530,3.710
24,24.200,29.580,1.550,0.530
25,24.190,29.520,1.400,1.150
26,24.580,29.540,1.220,9.890
27,24.920,29.730,1.060,20.270
28,25.030,27.120,0.980,6.830
29,24.440,27.770,1.440,1.880
30,24.720,28.550,0.710,0.550
31,24.770,29.240,0.680,1.390
32,24.900,29.730,0.680,1.240
33,25.350,29.170,0.560,0.780
34,25.080,29.600,0.690,0.090
35,25.690,29.250,0.850,0.190
36,25.030,28.300,1.310,3.630
37,23.660,28.420,1.310,14.080
38,23.190,29.070,1.240,8.560
39,23.580,28.980,1.490,1.410
40,23.520,29.000,1.170,7.800
41,24.220,28.570,1.460,2.980
42,23.750,28.760,1.280,0.850
43,24.030,28.700,1.110,1.790
44,23.870,30.240,1.170,2.780
45,24.390,30.630,1.190,2.800
46,25.190,29.180,0.930,2.330
47,24.290,27.200,1.250,3.210
48,24.170,27.680,1.130,1.380
49,24.250,28.420,1.470,1.120
50,23.910,30.180,1.260,0.990
51,23.550,30.260,1.090,1.830
52,24.090,29.660,1.140,1.400
53,23.680,29.610,1.600,0.970
54,23.070,29.640,1.720,0.060
55,22.960,29.280,1.610,0.230
56,23.200,29.880,1.570,0.060
57,23.690,30.210,1.360,2.020
58,24.010,30.200,1.240,2.220
59,24.190,30.030,1.320,2.940
60,24.180,29.240,1.060,8.340
61,24.460,30.140,1.240,6.070
62,23.930,30.370,1.500,5.990
63,24.540,28.470,1.690,11.680
64,23.810,30.260,1.440,2.870
65,24.180,30.010,1.220,1.330
66,24.400,29.130,0.870,2.480
67,24.520,30.230,0.810,8.450
68,25.130,29.600,1.530,10.570
69,24.980,27.910,1.070,0.730
70,24.850,30.000,1.040,2.140
71,24.900,30.620,0.800,3.370
72,25.860,28.970,0.780,9.330
73,25.350,31.910,0.550,5.530
74,25.420,29.190,0.820,15.980
75,25.030,29.760,1.080,22.010
76,24.950,30.810,0.780,4.660
77,24.600,29.510,0.800,2.360
78,24.840,29.770,0.570,1.540
79,24.750,29.760,0.780,4.080
80,25.480,29.870,0.790,3.580
81,25.220,29.770,1.140,6.750
82,25.890,27.120,1.470,6.020
83,25.490,30.480,1.080,2.660
84,25.680,28.520,1.120,5.960
85,25.370,27.820,0.710,10.360
86,25.480,29.410,0.780,2.660
87,25.450,29.540,0.770,2.850
88,24.940,29.330,1.000,2.490
89,25.020,29.850,1.070,1.210
90,25.500,26.870,1.440,2.030
91,25.320,29.600,1.320,20.010
92,25.070,29.570,1.020,5.660
93,25.050,31.860,0.700,17.010
94,25.190,29.010,0.810,15.470
95,25.610,31.230,0.680,1.040
96,25.510,29.880,0.980,27.830
97,25.480,29.950,1.250,16.610
98,25.150,29.630,1.260,2.730
99,25.700,28.590,1.640,4.580
100,25.520,29.310,1.220,11.670
101,25.320,29.240,1.250,7.500
102,25.690,29.410,1.600,1.380
103,25.900,28.940,1.330,1.860
104,25.560,28.760,1.290,3.730
105,25.310,30.150,1.510,0.930
106,25.890,29.720,0.870,0.550
107,25.550,29.070,1.360,0.380
108,25.760,31.050,1.030,6.570
109,25.400,29.290,1.130,3.980
110,25.560,29.880,1.010,3.010
111,25.510,28.950,1.360,3.840
112,25.570,28.870,1.390,1.860
113,25.540,29.010,1.040,0.260
114,25.600,29.900,1.300,0.990
115,25.280,28.300,1.680,1.510
116,25.190,28.490,1.550,0.360
117,25.900,30.730,0.990,0.610
118,26.830,30.920,0.980,0.520
119,25.850,30.900,1.470,0.130
120,25.940,29.820,1.170,0.780
121,25.780,29.090,0.760,0.530
122,26.030,30.520,0.870,1.080
123,25.350,30.660,1.040,2.830
124,25.290,29.160,1.150,2.960
125,25.360,30.320,1.410,1.270
126,25.210,30.650,1.290,4.650
127,25.220,31.350,1.100,29.400
128,25.910,31.520,0.660,12.810
129,25.350,30.310,0.860,6.760
130,25.640,28.520,1.180,3.830
131,25.940,31.970,0.810,22.810
132,25.360,30.030,0.600,0.800
133,25.470,31.120,0.900,3.320
134,24.920,30.080,0.740,6.050
135,25.560,29.120,0.510,22.160
136,24.940,30.940,0.700,10.940
137,25.820,30.680,0.850,4.100
138,25.670,28.720,0.900,2.260
139,25.710,29.350,0.710,1.890
140,25.270,29.280,1.370,1.040
141,25.530,30.070,1.440,13.150
142,25.730,29.060,1.160,6.130
143,25.990,29.110,1.130,28.040
144,25.480,29.710,1.360,11.780
145,25.280,29.220,1.160,3.250
146,25.600,29.010,1.200,3.560
147,25.510,28.030,1.030,3.590
148,25.430,28.980,1.450,1.760
149,24.810,29.290,1.300,0.130
150,24.910,29.440,1.160,0.040
151,26.310,29.060,0.890,0.230
152,26.250,30.510,0.990,0.120
153,26.620,30.030,1.070,0.000
154,26.610,31.060,0.930,0.050
155,26.110,29.750,0.900,2.410
156,25.170,29.800,1.260,8.370
157,25.520,28.520,1.310,9.350
158,25.120,28.930,1.350,3.850
159,24.990,29.960,1.430,0.040
160,25.540,29.370,0.970,0.040
161,26.140,28.610,0.890,0.010
162,25.630,28.970,1.430,0.670
163,25.870,28.200,1.420,0.400
164,25.570,29.340,1.440,0.100
165,26.070,28.580,1.240,14.800
166,25.330,26.640,1.000,11.430
167,24.900,28.780,1.150,5.700
168,25.340,27.900,1.240,11.900
169,25.080,28.930,1.240,5.760
170,25.170,28.070,1.140,2.920
171,25.380,28.580,1.230,0.780
172,25.500,30.050,1.560,0.480
173,25.740,29.150,1.330,1.350
174,25.750,29.010,1.120,1.010
175,26.200,29.330,0.790,1.890
176,25.580,28.910,1.040,6.030
177,25.920,28.680,0.880,5.230
178,25.720,29.570,0.800,0.510
179,25.340,28.520,1.240,15.070
180,25.030,28.600,1.130,5.170
181,25.270,28.680,0.930,0.420
182,25.000,27.540,1.170,6.630
183,24.880,27.460,1.260,4.360
184,24.730,27.820,1.350,0.810
185,24.980,28.710,1.330,0.590
186,25.020,28.500,1.080,12.340
187,25.290,27.540,0.940,17.960
188,25.110,27.540,1.380,8.480
189,24.660,28.170,1.370,1.830
190,24.650,28.060,1.310,47.570
191,24.310,28.790,1.170,35.370
192,25.300,29.370,0.920,6.450
193,25.460,28.130,1.340,19.400
194,25.020,28.560,1.060,31.620
195,24.890,28.760,1.160,4.410
196,25.130,28.150,1.680,2.870
197,24.700,27.690,1.400,8.830
198,25.010,28.590,1.220,10.980
199,24.770,27.980,1.090,16.690
200,24.540,29.950,1.300,2.640
201,25.190,27.800,1.420,0.030
202,24.790,29.120,1.460,0.020
203,25.090,29.420,1.620,0.010
204,25.130,29.330,1.600,0.050
205,25.330,29.000,1.540,14.730
206,25.350,29.410,1.710,8.270
207,25.530,28.480,1.620,0.240
208,25.490,28.930,1.670,0.150
209,24.960,29.400,1.610,1.650
210,25.260,28.780,1.600,3.870
211,25.050,29.350,1.510,0.220
212,25.120,28.500,1.430,0.470
213,25.240,27.870,1.460,2.120
214,24.850,27.790,1.240,1.980
215,25.000,27.360,1.320,3.580
216,24.630,28.920,1.490,1.020
217,24.920,29.010,1.530,0.120
218,25.040,27.770,1.220,0.200
219,24.850,27.290,1.320,0.130
220,24.870,28.010,1.460,2.320
221,24.980,28.940,1.290,3.330
222,24.810,29.130,1.720,1.670
223,24.560,27.460,1.480,0.170
224,24.700,29.110,1.420,0.350
225,25.250,29.060,1.060,5.270
226,25.000,27.950,1.160,4.800
227,24.920,28.060,1.290,5.300
228,24.770,28.980,1.290,0.350
229,24.960,28.070,1.100,3.690
230,25.120,28.750,1.370,2.040
231,24.820,29.310,1.240,1.730
232,25.250,29.430,0.830,1.330
233,25.130,29.340,1.010,1.310
234,25.640,29.410,1.030,5.800
235,25.060,28.820,1.470,31.220
236,25.200,27.720,1.270,41.010
237,25.270,28.820,1.060,36.500
238,25.040,28.390,1.650,11.120
239,25.220,28.610,1.100,0.940
240,24.880,27.140,0.840,27.180
241,24.710,29.810,0.550,7.710
242,25.910,29.260,0.760,4.220
243,25.330,29.750,1.080,2.980
244,25.140,29.980,1.010,4.930
245,24.860,28.760,1.060,1.790
246,25.160,29.300,1.330,1.540
247,24.940,27.990,1.310,0.480
248,25.390,30.450,0.550,3.150
249,25.570,29.260,1.220,11.790
250,25.030,27.650,1.460,29.810
251,24.470,26.620,1.390,10.790
252,24.410,29.550,1.290,0.550
253,24.890,27.340,1.360,0.220
254,24.930,29.450,1.790,5.460
255,25.100,29.260,1.510,14.750
256,24.510,27.950,1.630,12.800
257,24.650,29.120,1.160,1.740
258,24.750,30.510,1.410,0.000
259,25.160,30.850,1.220,0.120
260,25.410,28.400,1.260,14.770
261,24.990,29.210,0.920,3.470
262,25.030,29.690,1.290,0.110
263,25.020,29.400,1.140,8.850
264,25.430,29.310,0.750,8.370
265,25.740,29.590,0.520,11.070
266,25.220,28.840,1.090,6.970
267,25.690,30.260,0.980,0.940
268,25.810,30.160,1.290,0.920
269,25.420,28.900,1.570,4.320
270,25.460,29.710,1.610,2.790
271,25.150,29.410,1.380,12.680
272,25.330,28.380,1.300,15.960
273,24.560,30.640,0.780,8.910
274,24.540,30.270,0.670,8.850
275,24.700,30.320,1.080,14.870
276,25.070,29.470,1.200,3.330
277,25.520,29.850,1.230,0.490
278,25.300,28.410,1.540,11.310
279,25.280,29.240,1.570,16.640
280,25.220,29.080,1.580,8.470
281,24.600,30.360,1.060,5.080
282,24.320,30.380,1.260,20.430
283,25.020,29.420,1.040,22.820
284,25.210,29.850,0.860,33.710
285,25.200,29.610,0.880,10.340
286,25.530,30.720,0.890,12.500
287,24.800,29.900,0.860,17.360
288,24.540,30.080,1.060,16.340
289,25.030,27.420,1.680,11.600
290,24.980,28.270,1.200,1.380
291,25.330,29.240,0.760,0.200
292,25.370,29.080,0.890,4.760
293,25.390,29.730,0.640,4.030
294,25.830,30.450,0.790,10.420
295,25.490,29.390,1.240,10.320
296,25.300,28.610,1.090,4.460
297,25.150,28.140,1.010,1.150
298,24.570,28.510,1.320,1.140
299,24.680,28.090,2.080,5.030
300,24.580,27.420,1.520,2.570
301,24.350,29.840,0.880,0.700
302,25.250,29.700,0.760,5.380
303,24.830,27.570,0.900,8.210
304,24.660,28.540,0.800,5.050
305,24.360,29.610,0.770,9.720
306,24.850,27.770,1.110,5.210
307,24.510,27.670,1.140,0.610
308,24.620,29.280,1.000,0.510
309,24.980,28.260,1.700,1.990
310,25.050,27.950,1.840,0.690
311,24.500,28.740,1.920,3.490
312,24.850,28.940,1.790,1.670
313,25.150,27.860,1.420,0.200
314,25.060,29.960,1.470,2.310
315,25.230,29.190,1.550,0.820
316,25.070,29.460,0.890,2.490
317,25.160,29.980,0.910,2.200
318,25.100,28.860,0.660,20.740
319,24.970,29.490,1.110,21.660
320,25.210,28.040,1.250,6.480
321,24.490,29.220,1.590,3.560
322,25.020,27.700,1.330,8.670
323,24.460,29.560,1.340,7.690
324,24.440,29.560,0.830,34.160
325,24.410,28.800,1.260,13.600
326,24.720,28.750,1.160,15.470
327,24.540,28.210,0.880,11.390
328,24.480,26.770,1.400,4.990
329,24.160,29.890,0.550,4.500
330,24.980,29.650,0.560,7.210
331,25.080,28.680,0.930,26.480
332,24.390,29.550,1.150,9.700
333,24.730,28.820,0.990,5.860
334,24.640,29.020,1.120,23.420
335,24.280,29.460,0.850,35.060
336,24.720,28.640,1.370,17.820
337,24.800,29.400,0.660,13.030
338,24.790,28.770,0.790,6.060
339,24.720,29.320,1.200,5.920
340,25.210,28.340,1.630,10.900
341,25.150,27.500,1.220,4.700
342,24.650,28.650,1.110,37.990
343,24.400,27.360,1.280,20.590
344,24.400,27.460,1.640,3.290
345,24.300,27.380,1.130,3.850
346,24.070,28.340,1.010,1.380
347,24.410,28.740,1.000,0.480
348,24.160,28.340,1.390,4.530
349,24.990,28.300,2.100,0.960
350,24.870,27.720,2.010,0.180
351,24.890,27.070,1.990,0.190
352,24.400,28.550,1.220,0.210
353,24.630,28.980,0.960,0.190
354,24.950,28.060,1.460,9.770
355,24.920,28.150,1.350,14.960
356,24.630,27.300,0.830,7.490
357,24.510,26.550,1.650,9.680
358,24.060,28.430,1.880,2.800
359,23.650,28.430,2.260,7.850
360,23.040,28.170,2.090,2.940
361,22.850,27.850,2.070,0.600
362,22.320,28.630,1.610,0.230
363,22.000,28.300,1.830,0.370
364,22.060,28.940,1.780,0.190
365,22.580,29.330,1.320,0.310
1,23.530,29.420,1.450,0.610
2,24.050,29.430,1.570,0.680
3,23.860,29.910,1.350,0.680
4,23.940,29.670,1.390,3.590
5,23.870,28.950,1.400,13.700
6,23.870,29.200,1.590,5.460
7,24.070,28.820,1.410,4.590
8,24.280,26.320,1.000,48.100
9,23.930,28.230,0.650,6.940
10,23.740,29.390,1.140,2.210
11,23.970,29.600,1.250,3.050
12,23.640,29.730,1.320,0.570
13,23.630,28.500,1.270,0.350
14,23.880,28.830,0.950,0.600
15,24.090,28.350,0.990,12.440
16,24.000,29.170,1.260,8.700
17,24.320,28.640,1.370,0.200
18,23.140,29.850,1.000,0.130
19,23.310,29.550,1.140,3.410
20,23.920,27.920,0.890,35.670
21,23.940,27.620,1.050,10.480
22,23.580,28.690,1.250,1.720
23,23.300,29.030,1.550,1.000
24,22.930,28.350,1.900,0.080
25,21.970,28.780,1.420,0.680
26,22.940,29.250,1.340,0.300
27,23.360,28.820,1.100,23.940
28,24.030,28.380,1.260,32.570
29,23.480,28.710,1.820,6.390
30,22.680,28.340,1.930,0.430
31,22.320,28.790,1.800,0.310
32,23.270,27.980,1.870,1.690
33,23.650,27.100,1.730,1.310
34,23.400,29.230,1.910,0.500
35,23.220,29.160,1.920,0.910
36,23.160,29.160,1.690,0.310
37,22.740,28.940,1.460,0.300
38,22.680,29.770,1.120,0.250
39,22.910,29.900,1.110,0.000
40,22.810,29.450,1.060,0.030
41,24.120,28.830,1.010,0.860
42,24.630,28.530,1.070,3.720
43,23.900,28.990,1.080,5.370
44,23.590,29.290,1.260,1.890
45,23.800,29.700,0.940,0.850
46,23.530,29.280,1.030,1.820
47,23.090,29.930,0.810,5.040
48,24.440,29.730,0.850,17.740
49,24.380,26.540,1.190,15.600
50,24.130,29.100,1.440,4.200
51,24.220,29.580,1.140,27.960
52,24.710,28.770,0.550,10.480
53,24.450,28.240,0.850,8.340
54,24.150,30.290,0.680,2.470
55,24.320,29.870,0.600,1.660
56,24.690,29.130,1.090,10.120
57,24.810,29.180,1.400,5.370
58,24.360,30.270,0.810,4.990
59,24.270,27.020,0.700,3.550
60,23.860,29.310,0.990,2.530
61,23.950,27.130,1.440,4.740
62,23.990,29.220,1.170,1.190
63,24.420,27.940,1.100,0.450
64,24.450,29.090,1.070,0.840
65,24.670,29.390,0.980,0.330
66,24.210,29.980,1.130,0.060
67,24.300,30.230,1.110,0.000
68,24.740,29.490,0.760,0.200
69,24.760,29.160,0.890,0.730
70,25.340,30.520,0.700,4.160
71,25.650,30.120,1.070,1.980
72,24.580,29.850,1.080,0.960
73,25.040,29.550,0.970,4.840
74,25.230,29.860,1.000,1.440
75,24.230,27.050,1.740,0.750
76,23.540,29.620,1.620,8.810
77,24.970,29.310,1.200,2.800
78,25.150,29.430,1.070,4.910
79,25.410,28.430,1.660,3.650
80,25.400,29.000,1.270,2.050
81,24.860,28.160,1.310,2.370
82,24.900,28.590,1.270,15.260
83,24.600,30.280,0.790,10.030
84,24.560,30.490,0.670,3.460
85,24.460,29.990,1.180,4.610
86,24.110,27.240,1.080,13.600
87,23.630,30.400,1.090,12.720
88,24.150,28.460,0.860,24.610
89,24.050,27.860,1.230,29.180
90,24.120,28.870,0.920,4.210
91,24.460,28.890,0.870,7.550
92,24.510,29.040,0.950,3.460
93,24.260,29.670,1.010,5.310
94,24.200,30.530,1.040,2.300
95,24.980,29.460,0.720,3.730
96,25.330,28.880,1.360,2.670
97,24.710,28.340,1.560,1.770
98,24.240,29.610,1.220,0.360
99,25.540,29.290,1.100,1.590
100,25.470,29.170,1.180,1.920
101,25.240,29.310,0.950,1.900
102,25.020,27.810,1.160,6.240
103,24.570,29.950,1.220,2.620
104,25.370,27.340,1.210,8.450
105,24.720,29.280,1.120,2.580
106,25.400,30.150,0.760,0.490
107,25.570,29.700,1.130,0.860
108,25.550,29.670,1.400,2.180
109,25.960,29.350,1.260,4.170
110,26.190,32.190,0.860,9.130
111,25.790,30.640,1.030,19.390
112,25.660,28.470,0.600,8.720
113,25.140,29.540,1.200,7.470
114,25.710,30.170,1.330,1.540
115,25.590,31.250,0.910,8.070
116,25.930,29.280,0.860,4.610
117,26.210,30.370,0.760,13.600
118,25.810,30.390,1.150,7.280
119,26.020,29.960,1.340,9.590
120,25.660,30.670,1.120,14.160
121,25.910,30.760,0.850,6.590
122,25.900,31.220,0.840,7.220
123,25.960,27.940,1.020,6.910
124,25.680,30.390,0.870,22.240
125,25.150,28.420,1.050,6.090
126,25.630,29.580,1.170,7.230
127,25.080,29.990,1.360,5.050
128,25.870,27.830,1.210,1.410
129,25.390,28.430,1.370,1.140
130,25.060,30.500,0.890,0.500
131,26.190,30.410,0.790,0.480
132,25.880,29.470,1.150,0.150
133,25.770,29.580,1.290,0.000
134,25.660,29.690,1.220,0.180
135,25.810,29.810,1.340,1.530
136,25.380,29.760,1.200,0.500
137,26.580,29.350,1.110,0.140
138,26.230,29.940,1.250,0.460
139,26.850,29.760,1.210,6.220
140,26.680,31.220,1.110,6.650
141,26.640,30.090,0.960,0.030
142,26.870,29.450,1.020,4.030
143,26.670,29.930,0.970,2.050
144,26.320,29.260,1.270,10.830
145,26.150,30.080,1.040,4.130
146,26.350,30.500,1.290,0.020
147,26.080,30.240,1.570,7.930
148,25.990,30.580,1.230,5.950
149,26.040,30.630,1.140,4.140
150,25.880,30.060,0.820,5.350
151,25.640,30.510,0.660,2.070
152,26.040,30.530,0.860,0.650
153,25.840,29.990,1.030,0.320
154,25.700,29.200,1.520,2.450
155,25.630,28.850,1.150,0.730
156,25.730,29.330,0.970,3.920
157,25.960,28.020,1.190,2.560
158,25.760,30.300,0.700,2.220
159,25.030,30.660,1.030,7.600
160,25.590,29.040,1.290,4.700
161,25.590,30.970,1.120,34.900
162,25.510,29.010,0.920,4.570
163,25.520,28.160,0.890,1.210
164,25.490,28.620,1.170,0.150
165,24.710,30.050,1.270,7.060
166,25.990,30.030,0.990,23.950
167,26.290,29.700,1.000,2.790
168,26.130,29.860,0.750,3.010
169,25.500,29.030,1.020,0.580
170,25.620,29.070,1.350,2.600
171,25.410,28.890,1.180,1.960
172,25.790,28.070,1.250,3.480
173,25.090,27.830,1.100,3.400
174,24.910,28.610,1.470,2.000
175,25.790,29.860,1.150,2.920
176,25.150,29.090,1.300,1.960
177,24.910,29.390,1.360,0.040
178,25.210,28.590,1.110,0.010
179,25.020,28.890,1.300,0.010
180,25.320,28.470,1.400,14.780
181,24.830,28.510,1.450,6.620
182,25.180,29.310,0.970,2.580
183,25.920,29.820,0.850,1.190
184,25.220,26.820,1.470,1.400
185,24.630,29.570,1.280,0.290
186,25.150,28.910,1.090,0.990
187,25.290,28.940,1.430,0.510
188,25.280,28.940,1.440,0.240
189,25.580,28.220,1.300,1.030
190,25.290,29.300,1.190,0.830
191,25.440,29.460,1.620,0.720
192,25.570,28.940,1.390,1.540
193,25.430,29.140,1.400,0.140
194,25.210,29.170,1.190,0.010
195,25.360,28.650,1.370,0.030
196,25.650,28.320,1.330,0.070
197,25.490,29.680,1.360,1.230
198,25.500,29.270,1.180,0.690
199,25.290,29.750,1.480,11.510
200,25.400,28.680,1.550,10.070
201,25.250,29.130,1.490,0.530
202,25.530,29.270,1.350,1.090
203,25.650,28.500,1.220,0.470
204,25.390,28.650,1.380,0.600
205,25.290,29.510,1.460,1.240
206,25.240,29.140,1.520,5.750
207,25.290,30.400,1.040,6.610
208,25.980,29.730,0.540,5.710
209,25.460,27.710,0.950,8.650
210,25.130,28.270,0.700,3.800
211,24.810,27.310,0.990,8.870
212,25.110,30.150,0.720,1.670
213,25.170,29.030,0.860,36.720
214,24.950,27.850,1.320,34.540
215,24.940,29.040,1.270,5.570
216,25.310,29.350,1.100,52.350
217,24.470,26.000,1.120,27.930
218,24.430,29.180,1.460,11.240
219,24.400,28.750,1.560,1.970
220,24.120,29.100,1.340,7.520
221,24.590,28.350,1.460,5.150
222,24.820,28.820,1.420,0.290
223,24.760,29.240,1.130,0.400
224,24.920,28.520,1.070,4.910
225,25.080,29.610,0.780,1.190
226,25.470,30.220,0.720,12.220
227,25.280,30.230,0.970,25.810
228,24.910,28.870,1.210,14.410
229,25.140,27.390,1.170,13.500
230,24.630,29.340,1.520,6.490
231,24.470,25.950,1.200,60.340
232,23.900,28.230,1.260,4.380
233,24.530,28.210,1.330,0.280
234,24.640,29.810,1.220,0.170
235,25.670,28.450,1.070,2.700
236,25.210,28.730,1.260,2.530
237,24.910,27.860,1.730,0.840
238,24.850,29.500,1.650,0.130
239,25.060,28.480,1.510,0.120
240,24.830,28.700,1.390,0.060
241,25.200,28.740,1.470,0.120
242,25.820,30.940,1.050,21.300
243,25.920,28.670,1.110,14.750
244,25.170,28.760,1.570,0.530
245,25.270,29.850,1.180,1.670
246,25.960,29.050,0.820,1.180
247,25.950,28.690,0.780,2.030
248,25.780,30.460,0.930,1.210
249,25.500,28.510,1.510,3.190
250,25.420,28.350,1.370,14.240
251,25.520,31.400,1.050,11.280
252,24.410,29.910,1.160,0.100
253,25.290,29.770,1.300,0.210
254,24.880,29.990,1.660,0.060
255,25.530,28.740,1.500,1.800
256,25.200,29.260,1.540,5.050
257,25.200,28.940,1.220,6.960
258,25.040,29.390,1.310,0.140
259,25.260,30.210,1.700,0.070
260,25.400,29.570,1.820,2.210
261,24.770,30.500,1.460,1.760
262,24.870,29.420,1.400,0.720
263,24.950,29.260,1.360,0.070
264,24.870,28.920,1.510,7.250
265,25.010,29.390,1.090,7.230
266,24.520,29.520,1.180,22.280
267,24.510,30.120,0.780,33.960
268,24.740,29.590,0.850,24.920
269,25.080,29.280,0.950,7.180
270,25.000,29.830,1.180,2.210
271,24.490,29.750,1.370,3.650
272,24.860,29.410,1.190,19.960
273,24.410,30.360,1.240,8.740
274,24.790,30.290,1.330,4.050
275,25.270,29.650,1.100,1.010
276,25.150,28.820,1.330,2.600
277,24.980,30.410,1.110,13.660
278,25.010,28.720,0.770,20.380
279,24.210,29.120,1.230,15.760
280,24.350,30.450,0.950,1.800
281,24.740,29.740,0.920,7.060
282,25.270,28.250,0.850,4.370
283,25.820,29.030,0.840,3.160
284,24.850,29.270,0.930,4.160
285,25.310,28.590,1.280,3.570
286,25.100,29.440,1.460,3.520
287,25.460,29.460,1.550,3.070
288,25.390,29.270,1.330,0.930
289,25.240,29.030,1.100,7.460
290,25.390,29.380,0.950,9.080
291,25.260,28.310,1.400,6.370
292,24.840,30.330,1.220,1.340
293,26.460,29.880,0.740,8.780
294,25.790,29.910,1.310,13.730
295,25.560,29.170,1.920,3.180
296,25.330,28.370,1.700,6.000
297,25.300,28.790,1.530,8.710
298,25.280,28.370,1.580,5.060
299,25.580,28.190,1.040,4.500
300,24.990,29.260,1.060,3.570
301,25.260,29.890,0.830,3.880
302,25.820,30.910,0.960,3.440
303,25.020,29.020,0.870,4.030
304,25.680,28.670,1.010,52.880
305,25.480,28.170,1.730,17.270
306,25.030,28.650,2.070,2.730
307,25.200,28.820,1.610,0.380
308,25.300,29.780,1.640,0.510
309,25.160,29.460,1.540,2.130
310,25.370,30.400,1.020,0.920
311,25.460,29.800,0.640,2.100
312,25.390,31.990,0.810,13.720
313,25.100,29.350,1.100,7.760
314,25.430,29.810,0.950,4.710
315,25.470,29.760,0.670,4.770
316,25.680,32.280,0.540,11.560
317,25.280,28.280,1.150,14.410
318,24.340,29.230,1.390,8.600
319,24.690,29.760,1.290,11.720
320,24.700,29.940,0.980,6.620
321,24.620,30.550,0.970,3.460
322,25.220,30.400,1.000,4.960
323,25.500,28.400,1.210,20.520
324,24.880,30.700,1.110,23.940
325,25.050,30.080,0.950,8.270
326,25.030,30.160,0.930,12.420
327,24.990,30.890,0.990,10.490
328,25.510,29.580,0.720,4.710
329,25.200,28.930,0.760,4.240
330,24.520,27.740,0.860,7.980
331,24.380,28.560,0.810,28.260
332,25.120,28.430,1.270,11.990
333,25.510,27.770,1.090,0.430
334,26.030,30.160,0.900,0.600
335,25.300,28.710,1.630,8.570
336,25.350,28.450,1.540,7.460
337,24.880,29.030,0.830,4.190
338,24.860,29.000,1.580,19.880
339,25.480,28.300,1.930,8.290
340,24.670,28.290,1.580,1.420
341,24.680,28.720,1.180,0.640
342,24.580,28.820,1.070,1.330
343,25.170,28.420,1.410,3.110
344,25.400,29.190,1.350,22.810
345,25.250,29.150,1.520,8.370
346,25.810,29.260,1.820,0.590
347,25.090,29.190,1.680,0.180
348,25.030,29.210,1.550,0.020
349,25.200,27.250,1.460,4.120
350,25.050,28.300,1.460,1.710
351,25.170,28.980,1.220,1.630
352,25.670,28.490,1.470,7.020
353,24.940,27.210,0.920,19.870
354,24.650,28.850,1.040,13.650
355,24.730,28.820,1.240,17.520
356,24.610,29.690,1.060,15.340
357,24.520,29.450,1.240,26.700
358,24.890,28.230,1.370,9.660
359,24.650,29.720,1.180,26.840
360,24.620,28.750,1.500,20.390
361,24.200,28.890,1.400,3.930
362,23.990,29.620,1.300,1.900
363,24.130,29.310,1.320,2.170
364,23.940,29.650,0.880,3.650
365,24.550,29.490,0.880,11.160
1,24.950,30.300,0.920,5.380
2,25.050,29.140,1.450,13.610
3,25.140,28.230,0.910,23.110
4,25.100,28.610,0.800,17.570
5,24.250,28.230,1.620,0.880
6,23.780,28.840,1.130,0.970
7,23.890,28.440,1.000,26.560
8,22.900,28.530,1.280,6.340
9,23.140,28.600,1.060,0.050
10,24.000,29.540,1.140,0.850
11,24.190,29.930,0.800,1.600
12,24.280,29.770,0.850,2.780
13,24.460,28.330,1.250,10.240
14,24.090,28.780,1.250,16.980
15,24.030,28.360,1.660,13.300
16,24.210,29.080,0.970,6.220
17,24.180,28.190,1.020,9.040
18,24.410,28.690,0.830,29.850
19,24.290,27.490,0.970,25.430
20,24.090,26.990,1.210,12.990
21,23.790,26.950,1.440,7.010
22,24.700,28.220,1.350,2.290
23,24.360,28.640,1.110,2.680
24,24.440,26.670,1.070,4.910
25,24.230,27.850,0.680,2.710
26,24.740,29.030,1.410,2.650
27,24.310,28.820,0.690,6.200
28,24.540,28.750,0.980,10.410
29,24.350,29.840,0.940,18.810
30,24.720,30.640,0.930,17.300
31,24.980,29.980,0.720,5.400
32,24.520,29.290,1.000,2.630
33,24.010,28.820,1.250,5.780
34,23.990,27.420,1.470,4.010
35,23.770,25.840,1.320,0.610
36,23.690,27.650,0.890,0.030
37,23.840,28.770,1.150,1.570
38,24.430,27.780,0.920,1.460
39,23.980,28.890,0.560,5.830
40,24.380,28.470,0.900,5.270
41,24.230,28.450,1.330,38.040
42,24.220,28.930,0.920,11.730
43,24.240,29.120,0.870,1.140
44,23.920,26.710,0.870,19.430
45,24.040,28.390,1.100,9.080
46,23.930,29.280,1.130,2.550
47,24.150,29.240,1.140,1.930
48,24.260,28.710,1.110,1.280
49,24.380,28.680,1.510,7.180
50,23.910,29.400,1.550,2.450
51,23.710,29.430,1.630,1.150
52,22.760,29.150,1.480,1.280
53,23.050,29.330,1.030,11.700
54,23.750,27.720,1.300,8.030
55,24.150,29.180,1.250,1.220
56,24.460,29.510,1.090,2.090
57,24.710,30.100,0.820,3.210
58,24.110,29.570,0.960,1.820
59,24.520,28.760,1.140,19.120
60,22.800,25.360,1.390,7.980
61,22.510,30.000,0.880,2.020
62,23.330,30.320,1.170,1.690
63,23.530,30.210,1.290,0.570
64,22.810,29.870,1.440,0.070
65,23.310,30.530,1.220,1.910
66,24.370,29.840,1.250,7.780
67,24.570,30.520,1.600,1.280
68,24.380,29.070,1.560,12.830
69,24.410,29.530,1.430,1.770
70,25.280,29.460,1.070,9.320
71,24.760,29.910,1.120,25.700
72,25.260,29.700,0.980,4.180
73,25.060,29.460,0.900,3.610
74,25.110,29.380,0.540,5.140
75,25.200,28.200,1.000,5.290
76,24.410,30.000,0.940,0.710
77,24.990,29.330,1.000,0.130
78,24.970,29.980,0.940,0.590
79,24.530,29.820,1.570,1.640
80,24.750,29.960,1.460,2.640
81,25.320,28.790,1.620,4.130
82,25.370,29.870,1.770,2.760
83,25.280,28.990,1.580,1.710
84,25.030,29.010,1.240,5.250
85,25.240,29.860,1.010,9.140
86,24.830,28.990,1.240,11.930
87,25.050,29.000,1.330,9.630
88,25.300,28.060,1.520,3.190
89,25.000,29.330,1.190,6.710
90,24.800,28.770,1.330,12.210
91,25.040,28.910,1.290,5.250
92,25.140,29.520,1.190,0.740
93,25.510,29.880,1.090,1.910
94,25.810,28.260,0.830,1.400
95,25.520,29.620,0.940,1.840
96,25.110,31.140,1.040,26.320
97,25.460,30.110,1.180,36.140
98,25.310,28.980,0.980,10.860
99,25.420,30.080,0.630,10.830
100,25.070,31.310,0.530,6.720
101,25.330,30.710,0.910,1.880
102,25.560,30.650,0.860,38.510
103,26.000,30.260,0.770,36.630
104,26.560,30.600,0.870,6.160
105,25.600,29.770,1.340,13.150
106,25.370,29.660,1.280,6.020
107,25.000,28.570,0.940,25.230
108,24.580,30.550,0.820,2.880
109,24.610,31.280,0.960,2.110
110,25.110,30.920,0.800,3.940
111,25.490,31.230,0.770,10.830
112,25.740,30.900,0.950,8.750
113,25.800,30.750,1.050,3.070
114,26.180,29.570,1.550,0.690
115,26.460,29.460,1.250,3.180
116,25.860,30.600,0.750,1.930
117,25.630,27.470,0.950,0.740
118,25.320,28.630,0.970,2.150
119,25.790,30.790,0.530,9.210
120,25.720,32.090,1.020,17.950
121,26.080,28.740,1.490,13.660
122,26.060,28.180,1.420,17.060
123,25.690,29.130,1.380,12.080
124,25.650,29.050,0.820,2.480
125,26.330,30.170,0.810,0.900
126,26.130,29.680,0.980,0.460
127,26.030,29.750,0.910,1.000
128,26.030,30.370,1.220,0.500
129,26.280,30.440,1.010,0.780
130,26.050,30.210,1.130,2.810
131,26.300,31.080,1.100,6.370
132,26.050,29.960,1.110,2.670
133,25.660,30.610,1.170,1.480
134,26.310,28.190,0.880,1.980
135,25.560,30.060,0.830,2.400
136,26.470,29.770,1.000,7.780
137,26.080,29.660,1.010,0.420
138,26.710,31.540,0.770,0.100
139,26.590,29.240,1.480,7.550
140,26.590,29.200,1.340,11.950
141,26.440,29.280,1.550,2.920
142,26.050,29.260,1.460,3.860
143,25.780,30.020,1.380,1.120
144,26.060,30.200,1.300,0.010
145,25.980,29.540,1.290,39.030
146,26.210,29.300,1.070,18.300
147,26.090,30.310,1.060,4.930
148,26.470,30.690,1.100,4.270
149,26.250,29.930,1.170,6.800
150,26.180,30.100,1.190,3.840
151,25.920,28.890,1.450,1.310
152,25.710,29.230,1.150,11.080
153,25.320,29.510,0.990,0.950
154,26.010,30.080,1.140,6.890
155,25.960,29.240,1.280,4.830
156,26.010,30.040,1.420,1.560
157,25.640,30.270,1.060,4.900
158,25.410,30.020,0.950,6.430
159,26.030,30.640,1.140,2.340
160,25.680,30.430,1.230,2.220
161,25.810,29.660,1.090,13.910
162,25.560,28.710,1.150,26.270
163,25.060,29.270,1.170,5.540
164,26.390,31.220,1.030,0.020
165,26.340,30.190,1.180,0.660
166,26.040,29.460,1.230,0.590
167,25.690,30.270,0.920,8.060
168,25.500,29.470,1.130,2.820
169,25.250,31.310,0.970,5.500
170,26.140,28.620,1.240,6.640
171,25.390,28.330,1.550,2.350
172,24.830,28.710,1.200,3.400
173,25.500,27.150,1.000,24.280
174,25.300,28.710,0.900,7.130
175,25.280,27.590,1.200,3.760
176,25.220,28.580,1.300,0.030
177,25.450,27.690,1.230,13.590
178,25.120,29.300,1.240,6.130
179,25.500,27.960,1.420,0.100
180,25.310,29.030,1.360,6.560
181,24.560,27.000,1.850,5.930
182,24.860,29.230,1.410,2.390
183,25.440,28.380,1.710,7.540
184,24.720,28.730,1.830,1.200
185,25.170,29.450,1.370,0.130
186,25.560,29.520,1.390,5.120
187,25.560,28.960,1.720,2.540
188,25.130,29.550,1.520,0.220
189,24.740,29.290,1.640,0.020
190,25.110,29.670,1.690,0.000
191,24.820,29.710,1.630,0.000
192,25.340,29.500,1.670,0.000
193,25.250,29.910,1.510,0.000
194,25.250,30.290,1.440,0.040
195,25.330,30.590,1.310,0.060
196,25.530,28.250,1.170,0.680
197,25.750,29.370,0.780,0.510
198,25.610,29.720,0.920,5.090
199,25.810,28.770,0.990,47.680
200,25.950,28.590,1.030,43.880
201,25.260,29.320,1.000,14.190
202,25.600,29.810,1.120,6.480
203,25.940,29.240,0.950,1.420
204,25.730,29.270,0.880,3.820
205,26.360,29.110,0.810,2.950
206,25.550,28.650,1.140,10.430
207,25.270,28.940,0.810,2.060
208,25.710,29.360,0.960,7.920
209,25.260,30.490,1.040,6.660
210,25.340,27.880,1.520,2.350
211,24.890,28.090,1.430,0.770
212,25.210,28.790,1.410,10.940
213,25.440,28.310,1.530,9.050
214,25.090,28.540,1.280,2.520
215,25.170,28.450,1.340,2.280
216,24.930,27.890,1.250,3.210
217,24.530,28.830,0.970,1.160
218,25.150,28.110,1.290,3.540
219,24.930,28.790,0.800,0.330
220,25.540,29.770,1.100,9.200
221,25.290,28.640,1.300,17.340
222,25.530,27.870,1.390,2.860
223,25.320,28.870,1.140,16.040
224,25.470,28.250,1.290,17.050
225,25.170,28.160,1.260,4.590
226,25.220,28.000,1.350,9.550
227,25.280,28.030,1.300,2.160
228,25.170,28.960,1.220,0.500
229,25.430,29.090,1.270,0.060
230,25.810,29.480,0.950,2.020
231,26.140,28.530,1.170,0.830
232,25.670,27.990,1.240,3.890
233,25.450,28.210,1.320,9.080
234,25.510,28.450,1.020,4.000
235,25.690,29.480,0.830,5.670
236,24.880,26.290,1.360,22.870
237,24.470,28.110,1.010,9.780
238,25.030,28.150,1.360,2.700
239,25.320,28.590,1.470,0.170
240,25.770,28.780,1.200,0.110
241,26.640,29.230,1.010,1.220
242,25.860,29.260,1.360,15.180
243,25.600,27.630,1.410,20.820
244,25.130,29.290,1.020,1.770
245,25.290,29.430,1.210,27.230
246,25.280,27.140,1.060,17.550
247,24.870,29.350,1.160,0.100
248,25.440,29.060,1.400,2.940
249,25.800,29.440,1.050,8.370
250,25.320,29.950,0.920,15.030
251,25.660,28.620,1.000,9.380
252,25.250,29.060,0.860,4.970
253,25.260,27.960,1.140,3.000
254,24.720,27.360,1.490,4.310
255,24.590,28.680,1.550,1.830
256,24.870,29.200,1.590,0.340
257,25.180,30.130,1.280,0.340
258,25.170,28.930,1.430,0.110
259,25.290,29.370,1.720,0.220
260,25.030,29.120,1.500,0.390
261,24.850,29.610,1.390,3.600
262,25.470,29.590,1.440,3.800
263,25.240,29.400,1.260,9.960
264,25.550,28.560,0.940,5.380
265,24.970,28.330,0.890,0.410
266,25.820,29.360,0.480,6.060
267,25.290,29.120,1.050,1.040
268,25.100,28.540,1.360,0.530
269,25.560,28.340,0.990,19.150
270,25.420,28.810,1.140,6.510
271,25.110,28.860,1.470,1.040
272,25.190,29.560,0.990,2.780
273,25.040,28.690,1.140,10.730
274,25.040,30.150,0.680,9.550
275,25.150,30.150,0.920,14.860
276,24.940,27.390,1.070,5.510
277,24.860,29.810,0.980,0.670
278,24.560,29.080,1.770,7.560
279,24.980,28.220,1.100,21.430
280,24.880,28.410,0.980,7.580
281,25.210,29.170,0.920,36.130
282,24.800,29.090,1.080,21.090
283,25.070,29.020,0.860,1.970
284,24.950,27.900,1.080,9.690
285,24.870,27.720,1.330,6.050
286,24.880,29.950,1.250,0.880
287,25.590,29.960,1.190,1.700
288,25.830,30.140,1.720,1.040
289,25.630,29.400,1.860,0.310
290,25.010,29.710,1.870,0.190
291,25.230,30.340,1.850,1.210
292,25.590,29.840,1.790,9.370
293,25.270,27.740,1.550,5.210
294,25.010,29.060,1.570,2.610
295,25.380,28.310,1.250,10.360
296,24.900,28.360,1.150,6.490
297,25.270,29.280,1.070,1.360
298,25.410,29.190,0.970,6.390
299,25.170,28.750,1.430,4.480
300,25.130,29.300,0.960,6.440
301,25.890,30.240,0.700,7.120
302,25.580,28.880,0.990,25.220
303,25.150,30.340,0.860,17.580
304,25.480,30.080,0.880,18.060
305,25.540,30.420,0.900,15.690
306,25.490,29.050,0.740,16.500
307,25.400,27.640,1.060,5.660
308,24.800,29.510,0.940,2.230
309,25.950,31.140,0.750,10.230
310,25.740,28.650,0.820,3.820
311,25.190,29.380,0.940,0.520
312,25.090,29.940,1.200,2.160
313,25.470,28.260,1.320,17.340
314,25.090,27.690,0.730,4.600
315,24.670,30.620,0.940,3.500
316,25.640,30.540,0.680,17.290
317,25.460,28.180,0.720,15.950
318,25.130,28.280,0.750,0.170
319,25.650,30.260,0.510,0.050
320,25.340,28.280,0.790,1.230
321,25.480,29.310,0.620,18.410
322,25.740,28.310,0.710,11.330
323,24.930,26.510,1.090,3.180
324,24.620,27.850,1.250,28.590
325,24.740,27.030,1.420,24.800
326,24.620,26.740,1.360,9.980
327,24.360,26.670,1.270,4.990
328,24.310,27.900,1.040,0.920
329,24.320,29.760,1.300,0.850
330,24.540,27.280,1.220,2.630
331,24.470,28.370,1.240,8.570
332,24.530,28.840,1.140,5.340
333,24.160,27.230,1.250,1.850
334,23.790,26.480,1.740,3.520
335,23.310,28.210,1.550,1.280
336,23.560,28.030,1.210,0.120
337,24.450,28.490,0.800,1.440
338,24.880,27.700,0.610,3.220
339,24.570,31.040,0.790,36.440
340,24.460,27.950,0.970,16.880
341,23.520,28.530,1.180,5.930
342,24.090,29.530,1.060,4.580
343,24.640,28.630,1.420,2.790
344,25.010,28.150,1.540,0.550
345,24.750,28.460,1.230,6.090
346,24.920,29.760,1.320,2.120
347,25.340,28.730,1.530,0.970
348,25.130,27.610,1.550,1.700
349,25.060,28.940,1.330,1.800
350,24.180,29.820,1.110,1.770
351,24.240,29.160,1.210,8.580
352,24.510,29.200,0.990,6.570
353,25.250,28.770,1.280,1.640
354,25.280,27.800,1.030,0.770
355,25.130,29.750,0.720,3.460
356,24.810,29.990,0.890,9.890
357,24.510,28.490,1.550,7.770
358,23.940,29.100,1.670,0.620
359,24.110,28.670,1.430,8.810
360,24.470,27.010,1.410,15.670
361,24.140,27.040,1.370,3.340
362,23.950,28.640,1.540,0.840
363,23.830,29.260,1.580,0.640
364,23.600,29.150,1.460,1.190
365,24.220,27.560,1.700,21.340
1,24.530,26.280,1.480,25.790
2,24.180,27.210,1.450,5.640
3,23.560,28.350,1.890,0.420
4,22.440,28.860,1.370,0.820
5,22.710,28.550,1.630,0.710
6,22.370,28.990,1.700,0.000
7,22.100,28.670,1.950,0.010
8,22.080,29.270,1.500,0.010
9,23.130,29.590,1.290,0.140
10,23.530,29.580,1.350,1.020
11,23.430,29.230,1.540,0.450
12,23.270,29.110,1.700,0.160
13,23.350,29.090,1.520,0.640
14,23.290,29.260,1.630,0.420
15,22.920,29.690,1.380,0.440
16,23.540,29.820,1.340,6.760
17,23.520,29.770,1.260,2.950
18,23.590,28.360,1.170,3.430
19,23.440,29.510,1.130,1.140
20,22.600,29.740,1.110,3.410
21,23.190,30.040,1.040,4.760
22,23.790,29.920,1.110,1.700
23,23.640,30.040,1.030,0.820
24,23.690,29.210,1.230,7.900
25,23.750,29.510,1.220,2.160
26,24.110,28.680,1.420,11.410
27,23.650,28.650,1.530,5.460
28,23.660,28.300,1.330,7.850
29,23.710,28.810,1.400,7.290
30,23.870,29.900,1.120,1.250
31,23.520,28.840,1.280,1.130
32,23.150,29.300,1.550,0.740
33,23.270,29.230,1.750,1.060
34,22.830,29.190,1.750,0.220
35,22.740,29.250,1.700,0.170
36,21.910,29.280,1.400,0.010
37,22.140,29.740,1.250,0.000
38,22.730,29.430,1.430,9.720
39,22.420,29.720,1.500,2.610
40,22.890,29.740,1.270,3.720
41,22.800,28.060,1.280,1.650
42,22.740,29.840,1.060,0.010
43,23.080,29.870,1.070,0.000
44,23.090,28.650,0.790,0.000
45,22.780,28.610,1.110,0.000
46,22.820,29.370,1.140,0.010
47,23.310,29.740,1.410,0.650
48,23.210,28.380,1.550,2.180
49,22.790,29.830,1.520,0.030
50,22.790,30.150,1.570,0.240
51,22.820,30.070,1.410,0.070
52,22.800,29.950,1.320,0.200
53,23.090,29.800,1.370,1.980
54,23.270,30.020,1.380,4.530
55,23.360,29.370,1.250,4.680
56,23.940,27.540,1.140,2.620
57,23.670,28.900,1.280,0.380
58,23.770,29.020,1.240,0.280
59,23.810,29.580,1.000,0.210
60,23.980,30.430,1.130,0.280
61,24.030,29.530,1.260,12.950
62,24.560,29.470,1.120,11.030
63,24.400,30.560,1.010,1.170
64,24.260,31.170,0.850,2.100
65,24.440,30.420,0.960,1.860
66,23.870,30.910,1.180,0.670
67,22.120,30.210,1.200,3.290
68,22.680,30.910,1.130,1.650
69,23.490,30.890,0.890,1.910
70,23.330,30.790,1.240,0.150
71,23.380,31.060,1.630,0.100
72,22.930,31.120,1.590,0.250
73,23.420,31.550,1.270,0.000
74,23.310,31.430,1.280,0.000
75,23.640,31.670,1.360,0.010
76,23.480,31.840,1.090,0.060
77,23.940,31.760,0.920,0.290
78,24.730,30.150,0.730,18.590
79,24.910,31.210,0.600,6.760
80,24.310,31.340,0.980,1.900
81,24.000,31.470,1.390,6.160
82,23.920,30.730,1.510,7.570
83,24.890,30.050,1.330,15.020
84,24.560,30.450,1.070,2.630
85,25.270,31.360,0.750,3.610
86,24.820,30.440,0.830,33.090
87,25.700,30.410,1.020,13.940
88,25.760,31.200,0.910,23.030
89,24.930,30.860,0.830,8.230
90,23.910,31.690,0.800,0.930
91,24.270,31.980,0.910,0.530
92,25.170,30.510,0.950,19.500
93,25.520,29.390,0.970,7.580
94,25.160,27.070,1.240,19.210
95,24.800,30.600,1.290,4.330
96,23.720,31.430,1.170,0.060
97,23.910,30.590,1.120,0.450
98,25.030,30.890,0.740,0.510
99,25.780,31.490,0.970,20.470
100,25.800,31.180,0.740,24.420
101,26.120,29.340,1.160,9.210
102,25.490,29.450,1.260,11.030
103,25.240,29.230,0.990,8.710
104,25.250,30.100,0.970,7.060
105,26.050,31.210,0.540,2.410
106,24.940,31.400,1.440,2.550
107,24.370,31.590,1.160,0.060
108,25.460,29.010,0.950,3.600
109,25.090,31.430,0.600,0.390
110,25.210,30.730,1.000,30.040
111,25.370,31.790,0.800,9.780
112,25.220,31.180,0.940,10.980
113,25.220,31.070,1.260,5.310
114,24.830,31.530,1.190,3.270
115,25.510,30.890,1.100,9.150
116,26.010,30.590,0.880,28.860
117,25.930,30.680,0.650,13.990
118,25.460,31.380,1.030,8.710
119,26.190,30.320,0.900,2.430
120,25.760,30.260,1.320,8.320
121,25.890,30.430,1.200,33.150
122,25.350,31.730,1.040,12.800
123,26.130,30.390,1.040,25.330
124,26.110,31.270,0.830,19.820
125,25.560,29.840,0.810,13.380
126,25.620,30.500,1.030,8.940
127,25.840,31.070,1.140,19.370
128,26.150,29.560,1.300,10.770
129,25.800,30.070,0.830,3.550
130,26.030,30.690,0.640,13.520
131,26.410,29.840,1.020,4.370
132,26.470,28.700,1.180,3.610
133,26.360,29.800,1.270,0.770
134,26.250,30.420,1.250,0.190
135,26.340,30.840,1.360,0.120
136,26.960,30.810,0.910,0.360
137,26.530,30.660,0.990,0.000
138,26.470,30.460,1.140,0.050
139,25.940,31.040,1.100,0.050
140,26.350,31.060,1.140,0.010
141,26.270,29.680,1.320,7.200
142,26.390,30.380,1.150,4.380
143,26.440,30.630,1.630,0.150
144,26.350,30.150,1.500,7.110
145,26.350,28.650,1.100,4.850
146,26.150,29.550,1.210,1.930
147,26.070,29.640,0.880,3.680
148,26.780,30.750,0.550,1.550
149,26.590,29.960,0.570,2.530
150,25.580,27.460,1.290,14.510
151,25.300,29.510,0.850,27.990
152,25.540,30.480,1.100,0.200
153,25.520,29.650,1.230,0.300
154,25.750,29.470,1.400,0.220
155,26.030,29.380,1.420,1.080
156,25.680,29.240,1.390,0.270
157,26.120,29.170,1.190,3.220
158,26.250,30.820,0.910,5.790
159,26.320,29.540,0.740,0.160
160,25.880,29.840,1.230,2.200
161,26.140,29.390,1.070,9.670
162,26.100,30.580,0.840,0.810
163,26.180,29.870,1.060,0.430
164,25.810,29.510,1.550,0.250
165,26.160,28.500,1.450,14.010
166,25.780,28.400,1.130,17.820
167,25.290,30.120,1.090,4.280
168,25.280,29.200,0.950,2.430
169,25.480,28.370,1.000,1.780
170,25.730,28.750,0.900,0.280
171,25.900,29.240,0.980,7.810
172,25.690,29.400,1.240,2.230
173,25.380,28.810,1.480,0.010
174,25.540,29.500,1.250,0.000
175,25.580,29.550,1.300,0.030
176,25.890,30.120,1.440,0.380
177,25.620,29.950,1.260,0.500
178,25.910,29.740,0.970,0.030
179,26.460,29.820,1.140,0.030
180,25.900,28.620,1.140,0.250
181,25.850,30.050,1.280,0.360
182,26.360,29.130,1.350,7.110
183,26.660,30.210,1.010,6.690
184,26.510,29.880,0.990,3.200
185,25.990,29.450,1.090,15.110
186,25.530,27.690,1.320,12.270
187,25.330,29.170,1.220,18.270
188,25.820,28.780,1.310,38.970
189,25.690,29.470,1.130,32.340
190,25.860,29.660,1.050,0.020
191,25.760,29.500,1.180,0.000
192,25.940,30.400,1.170,0.040
193,26.250,30.140,1.360,0.270
194,26.010,30.380,1.330,41.160
195,26.200,28.700,1.310,28.210
196,26.040,28.640,1.160,24.750
197,25.780,28.800,1.360,18.940
198,25.890,29.940,1.350,9.410
199,25.670,28.770,1.480,2.280
200,25.870,29.010,1.760,0.010
201,25.880,29.100,1.700,0.140
202,25.790,28.830,1.510,2.650
203,25.900,28.530,0.990,1.840
204,26.020,30.670,0.650,0.080
205,25.320,29.370,0.930,0.070
206,25.770,29.520,0.830,16.230
207,26.010,29.400,0.850,12.050
208,25.240,27.550,1.040,5.280
209,25.230,30.530,0.840,1.990
210,25.900,30.760,0.890,33.560
211,25.520,28.780,0.770,9.550
212,25.420,28.990,1.320,2.130
213,25.630,28.860,1.600,13.930
214,24.730,28.800,1.090,11.440
215,24.860,30.000,1.130,0.840
216,25.290,28.400,1.430,2.600
217,25.350,28.970,1.520,10.580
218,25.820,28.690,1.080,34.660
219,25.740,30.570,1.000,22.850
220,25.490,28.470,1.330,17.830
221,25.570,28.320,1.360,15.130
222,25.500,28.480,1.320,5.340
223,25.510,27.640,1.350,2.340
224,25.950,28.640,0.900,4.440
225,25.200,28.480,0.590,1.000
226,25.680,29.270,0.920,0.870
227,25.630,28.000,1.120,3.230
228,26.030,29.410,0.810,1.360
229,26.080,28.280,0.960,0.130
230,25.870,28.500,1.200,10.080
231,25.820,29.180,1.160,7.690
232,25.260,29.990,1.170,0.000
233,25.230,29.890,1.170,0.020
234,25.590,29.160,1.500,0.040
235,25.430,29.820,1.380,1.630
236,25.250,29.770,1.300,1.620
237,25.160,29.740,1.280,0.460
238,25.620,30.930,1.000,10.580
239,25.240,29.320,0.940,11.840
240,25.750,30.390,0.700,7.190
241,25.690,30.120,0.550,24.130
242,25.680,30.280,1.070,17.050
243,25.080,28.670,0.910,1.590
244,25.560,29.180,1.040,2.420
245,25.480,28.320,0.890,1.920
246,25.220,29.700,0.860,19.100
247,24.830,29.890,0.970,8.690
248,25.160,29.130,0.900,10.170
249,25.830,28.540,1.120,4.640
250,25.440,29.390,0.700,5.700
251,25.510,29.120,1.040,11.790
252,25.190,29.330,1.010,2.350
253,26.420,30.500,0.550,9.810
254,25.800,30.080,0.880,27.160
255,25.330,28.060,1.290,11.390
256,24.910,28.180,1.320,10.090
257,24.620,26.980,1.240,14.870
258,24.270,27.970,1.230,7.500
259,24.860,28.160,1.180,0.050
260,25.870,29.740,0.940,1.670
261,26.020,29.780,0.940,0.130
262,25.590,28.800,1.070,0.820
263,25.520,28.620,1.150,1.510
264,25.120,29.000,0.840,5.410
265,25.100,28.630,0.970,11.440
266,25.060,28.500,1.370,3.930
267,24.890,29.080,1.370,0.190
268,25.480,28.800,1.430,14.230
269,24.960,29.060,0.890,12.660
270,25.910,28.390,0.710,2.370
271,24.970,28.350,1.370,0.480
272,24.980,28.490,1.320,8.870
273,24.950,29.310,1.080,13.980
274,24.860,30.310,1.090,13.810
275,25.410,32.900,0.650,6.160
276,24.750,28.900,0.800,1.550
277,25.110,30.170,0.870,2.850
278,24.460,30.420,1.520,3.280
279,24.540,30.040,1.460,1.480
280,24.910,30.570,1.270,5.190
281,25.180,30.460,1.070,2.340
282,25.500,29.490,0.950,2.390
283,25.880,29.510,0.760,15.750
284,25.920,30.740,0.440,7.600
285,25.100,29.950,0.880,4.770
286,25.320,29.930,1.130,14.840
287,24.850,30.600,1.380,1.430
288,24.930,30.120,1.090,8.680
289,25.220,26.890,1.090,4.990
290,24.290,30.890,0.870,0.390
291,25.590,29.790,0.650,0.200
292,25.670,29.760,1.030,0.100
293,25.150,29.570,1.240,1.680
294,25.710,28.970,1.090,1.420
295,25.330,28.290,1.190,0.220
296,26.060,30.880,1.390,0.130
297,25.190,30.040,1.340,0.460
298,25.370,29.140,1.350,2.500
299,25.330,30.860,0.660,0.110
300,25.520,30.670,0.800,0.040
301,24.850,30.660,1.290,7.460
302,25.220,29.630,0.920,15.260
303,25.670,29.210,0.830,7.790
304,25.690,29.920,1.050,2.470
305,24.900,29.780,1.080,1.560
306,24.460,31.330,0.920,2.350
307,25.020,30.880,0.960,5.210
308,25.460,30.430,0.810,1.430
309,25.680,30.030,1.040,10.810
310,25.480,30.220,1.040,31.720
311,24.880,29.590,1.260,17.470
312,24.720,29.350,1.190,2.820
313,24.530,30.290,1.170,7.780
314,24.640,29.720,1.080,7.060
315,24.870,30.050,0.760,4.090
316,25.090,29.740,1.110,0.660
317,24.870,30.320,1.270,10.110
318,25.070,30.090,0.930,24.460
319,25.420,30.560,0.730,7.480
320,25.240,29.420,1.230,5.860
321,25.500,30.980,0.760,6.540
322,25.420,30.920,0.810,3.250
323,25.220,30.240,0.930,4.060
324,25.610,30.790,0.900,2.480
325,25.480,30.860,0.750,4.830
326,25.180,29.380,1.080,13.790
327,25.140,29.000,0.630,20.190
328,25.390,29.060,0.750,23.260
329,25.460,29.300,1.020,11.570
330,24.780,28.990,1.230,4.130
331,25.520,29.300,0.970,2.820
332,25.650,28.580,1.080,26.920
333,24.850,28.110,1.270,7.210
334,24.340,29.160,0.760,5.770
335,24.310,29.470,0.920,0.600
336,24.840,29.200,0.890,1.080
337,26.010,30.330,0.540,4.840
338,25.150,29.810,1.270,0.760
339,25.190,29.300,1.240,1.130
340,24.740,30.330,0.940,0.970
341,25.390,30.360,0.980,8.360
342,24.380,30.740,0.950,11.330
343,24.760,30.520,0.870,9.140
344,24.630,30.160,1.150,22.620
345,24.900,28.600,0.930,12.310
346,25.170,30.490,1.090,5.710
347,24.930,28.320,1.670,4.630
348,24.660,28.800,1.500,3.570
349,24.450,29.430,1.360,6.510
350,24.670,28.450,1.370,6.060
351,24.670,28.420,1.380,5.800
352,24.620,28.600,1.680,8.460
353,24.590,27.830,1.370,5.290
354,24.840,28.390,1.480,5.800
355,25.240,28.770,1.340,15.920
356,25.160,30.440,1.100,3.350
357,25.180,30.240,1.080,13.220
358,25.250,29.900,1.090,11.880
359,25.170,29.560,1.110,16.520
360,25.090,30.300,1.100,9.570
361,24.920,29.160,1.100,7.360
362,24.890,28.700,1.330,6.220
363,24.810,29.160,1.090,1.610
364,25.010,28.300,1.100,10.800
365,24.670,27.790,1.160,15.450
1,24.700,29.540,1.090,1.470
2,25.610,29.210,1.070,0.530
3,25.120,28.440,0.920,0.610
4,25.200,28.610,0.780,0.560
5,24.640,29.210,1.160,2.370
6,24.990,28.440,1.210,5.760
7,24.880,27.420,1.310,6.820
8,24.350,27.630,1.320,5.840
9,23.650,29.430,1.080,3.300
10,24.740,29.560,1.210,0.690
11,24.710,30.150,1.170,0.800
12,24.430,29.060,1.320,5.670
13,24.060,27.590,1.180,13.220
14,23.640,27.840,1.100,4.310
15,23.850,27.360,0.960,25.910
16,23.870,29.130,1.320,0.120
17,23.950,29.730,1.310,0.600
18,23.740,28.550,1.380,3.170
19,23.390,29.860,1.400,3.840
20,24.140,29.570,1.580,4.530
21,23.950,29.400,1.570,4.480
22,24.080,27.930,1.560,26.000
23,24.150,27.470,1.480,17.800
24,24.170,27.880,1.420,10.650
25,23.950,29.950,1.090,2.270
26,23.940,30.010,0.990,1.100
27,24.720,29.210,0.760,6.050
28,23.600,29.530,1.230,2.400
29,23.860,29.200,1.490,9.160
30,23.640,30.090,1.160,2.220
31,23.070,29.680,1.350,0.140
32,23.610,29.760,1.600,0.090
33,23.980,29.170,1.820,3.310
34,24.080,29.250,1.480,4.350
35,24.340,26.880,1.440,17.010
36,24.170,26.980,1.210,14.090
37,24.530,28.320,1.670,9.680
38,23.980,29.570,1.510,5.470
39,23.440,29.810,1.770,2.130
40,23.190,28.990,1.730,0.800
41,23.120,29.770,1.700,0.680
42,23.130,29.800,1.370,0.130
43,23.220,30.320,1.310,0.040
44,23.810,30.570,1.140,0.500
45,24.310,29.470,1.290,2.810
46,24.680,29.930,1.050,7.440
47,24.840,29.730,1.030,4.880
48,24.360,30.160,1.270,3.310
49,23.590,30.200,1.190,1.690
50,24.310,28.670,1.130,21.700
51,23.970,29.000,0.820,29.450
52,24.500,27.800,0.760,23.200
53,24.480,28.690,0.920,9.270
54,23.940,29.420,0.930,3.530
55,24.610,28.780,0.720,3.400
56,23.800,27.990,1.360,13.790
57,22.950,29.840,0.880,0.060
58,23.910,30.160,0.880,0.130
59,24.030,30.760,1.140,6.970
60,23.690,30.580,1.180,6.550
61,24.180,30.870,1.150,0.020
62,24.640,30.290,1.100,6.690
63,23.450,30.030,0.940,1.160
64,23.500,30.430,0.800,0.150
65,23.850,30.390,0.730,0.710
66,24.580,30.220,0.850,2.660
67,25.270,30.860,1.200,0.280
68,25.570,30.890,1.390,0.000
69,25.410,31.190,1.260,0.060
70,26.110,30.730,0.940,0.100
71,25.630,29.670,0.820,11.780
72,24.870,30.780,0.990,1.000
73,23.740,30.270,1.250,1.280
74,25.070,29.240,1.390,3.710
75,24.980,28.530,1.530,1.860
76,24.580,29.380,1.410,12.040
77,24.420,29.040,1.290,26.020
78,23.770,30.370,1.160,2.860
79,24.480,31.150,0.980,0.300
80,24.080,31.100,0.910,12.910
81,24.370,30.440,1.170,3.760
82,24.820,29.830,0.730,5.630
83,25.070,29.350,1.100,50.970
84,24.790,30.200,0.850,11.870
85,24.170,31.590,1.250,1.020
86,24.970,30.630,1.290,1.870
87,24.920,30.550,1.300,6.930
88,25.320,29.750,1.100,6.200
89,25.310,29.590,1.020,10.900
90,24.840,28.770,1.160,30.320
91,24.400,30.980,0.710,16.740
92,25.340,30.010,0.750,6.050
93,25.680,30.870,0.950,0.430
94,25.780,30.020,1.230,6.530
95,25.990,29.040,0.980,7.080
96,25.370,30.830,1.250,1.260
97,26.230,29.310,1.280,6.910
98,25.900,29.810,1.350,18.160
99,26.170,30.650,1.220,6.500
100,26.710,30.890,0.670,3.670
101,25.870,31.370,0.800,13.420
102,25.960,29.760,0.960,40.500
103,25.640,31.050,0.750,17.690
104,25.580,28.930,0.820,8.050
105,25.250,30.600,1.070,8.300
106,25.320,30.270,0.780,7.310
107,25.510,30.690,0.740,6.620
108,25.220,31.000,0.760,19.820
109,24.740,31.580,0.980,5.560
110,25.630,30.800,0.800,8.420
111,25.350,30.480,0.900,41.650
112,25.330,30.450,0.830,24.970
113,25.570,30.490,1.020,19.560
114,25.650,28.820,0.640,4.900
115,25.530,28.370,0.770,1.500
116,25.340,30.300,0.870,1.230
117,24.960,30.570,0.940,1.660
118,25.040,31.790,0.710,0.940
119,25.390,31.300,0.750,2.390
120,25.130,31.880,1.020,1.580
121,25.440,31.410,1.080,3.180
122,24.980,31.360,1.190,11.030
123,25.460,31.280,0.980,15.040
124,25.430,31.550,0.890,22.450
125,25.890,30.360,0.890,8.190
126,26.280,29.330,0.930,3.600
127,26.400,29.130,0.950,21.220
128,25.940,30.370,1.090,4.050
129,26.280,29.500,1.230,2.590
130,26.230,30.660,1.230,16.640
131,26.760,32.240,0.900,20.960
132,26.580,31.360,1.200,5.650
133,26.430,29.920,1.300,14.070
134,25.600,30.090,1.010,4.240
135,26.560,29.710,1.010,0.500
136,26.730,30.880,0.810,0.740
137,26.510,28.390,0.850,3.500
138,25.810,28.780,0.750,1.460
139,26.090,28.950,0.960,0.110
140,26.340,30.440,1.340,0.070
141,26.660,30.750,1.260,0.000
142,26.420,29.760,1.440,0.000
143,26.320,31.480,1.100,0.030
144,27.730,32.740,0.980,0.020
145,27.500,31.240,0.670,0.000
146,26.810,30.380,1.050,0.100
147,26.390,30.810,1.180,0.500
148,26.360,30.630,1.400,0.160
149,26.210,30.540,1.220,0.000
150,26.210,29.970,1.220,0.000
151,26.640,30.160,1.100,3.760
152,26.320,30.280,1.360,8.270
153,25.850,30.320,1.460,1.750
154,26.340,29.900,1.310,1.200
155,26.150,29.930,1.370,0.790
156,25.920,30.370,1.540,0.020
157,25.880,30.380,1.470,0.000
158,25.850,31.050,1.660,0.030
159,26.310,29.500,1.670,2.690
160,25.760,30.950,1.740,0.170
161,25.930,29.730,1.680,0.040
162,26.000,29.580,1.510,0.410
163,25.770,30.320,1.710,0.270
164,25.650,30.870,1.640,0.080
165,25.900,30.250,1.410,0.390
166,25.810,29.960,1.330,7.170
167,25.600,28.790,1.440,4.370
168,25.640,29.150,1.500,0.510
169,25.910,28.970,1.310,3.160
170,25.930,29.860,0.870,1.090
171,26.030,28.360,1.060,4.650
172,25.660,28.630,1.410,5.790
173,25.420,30.360,1.500,0.160
174,25.490,30.540,1.530,0.250
175,25.470,30.850,1.190,2.770
176,25.520,28.940,1.380,11.570
177,25.480,29.420,1.260,4.730
178,25.420,29.410,1.090,4.930
179,25.280,29.520,1.380,5.330
180,25.290,28.300,1.400,2.690
181,24.920,29.160,1.060,5.880
182,25.760,30.530,0.760,1.380
183,25.200,29.520,1.030,4.450
184,25.390,29.560,0.850,8.500
185,25.460,29.960,0.620,0.880
186,25.060,29.460,1.020,6.730
187,25.270,30.300,0.960,4.930
188,24.800,30.470,0.800,4.180
189,25.080,27.880,1.320,6.060
190,24.700,29.630,1.100,1.380
191,25.340,29.310,1.150,13.470
192,25.170,30.160,1.350,22.970
193,25.240,28.090,1.690,5.910
194,25.190,29.440,1.680,0.560
195,25.600,28.330,1.390,0.490
196,25.320,28.570,1.130,3.900
197,25.100,27.870,1.100,11.330
198,24.800,29.960,0.870,0.230
199,25.230,29.540,0.760,0.020
200,25.020,29.770,0.760,6.370
201,25.440,29.590,1.010,18.260
202,25.080,30.470,1.000,17.740
203,24.860,29.470,0.920,6.470
204,25.710,28.970,0.830,9.360
205,25.510,28.920,0.780,3.520
206,25.390,28.320,1.630,6.700
207,25.140,29.060,1.950,2.600
208,24.860,29.360,1.820,0.790
209,25.110,29.970,1.790,0.170
210,25.360,28.470,1.550,3.890
211,25.230,29.670,1.660,1.660
212,25.310,29.280,1.620,3.260
213,25.580,28.050,1.370,11.110
214,25.500,29.460,1.570,4.680
215,25.100,29.620,1.420,0.060
216,24.630,30.330,1.850,0.010
217,24.720,30.670,1.450,0.660
218,25.370,29.200,0.910,11.840
219,25.610,29.940,0.770,4.810
220,25.480,28.740,0.940,4.610
221,25.540,28.060,1.300,6.810
222,25.350,28.500,1.460,2.340
223,25.280,28.950,1.670,0.130
224,25.400,29.990,1.570,0.090
225,25.660,29.760,1.660,0.170
226,25.590,29.270,1.410,0.080
227,25.600,30.390,0.910,1.410
228,25.820,30.170,0.790,0.760
229,25.660,29.390,0.860,23.460
230,25.600,29.930,0.700,14.190
231,25.590,29.750,0.790,2.510
232,25.220,29.170,1.160,8.300
233,25.110,28.530,1.610,1.530
234,25.030,29.050,1.360,0.100
235,25.200,29.010,1.190,0.050
236,25.670,29.000,1.140,0.250
237,25.440,28.470,1.560,0.270
238,25.390,29.420,1.690,0.140
239,25.520,29.200,1.330,3.470
240,25.240,30.310,0.890,0.680
241,25.510,28.530,1.240,0.710
242,25.150,28.990,1.360,0.720
243,25.890,28.620,1.200,15.280
244,25.270,27.770,0.730,6.490
245,24.740,28.640,1.010,7.640
246,25.210,28.990,1.540,8.170
247,24.630,29.120,1.300,3.500
248,25.060,28.560,0.730,14.740
249,25.310,27.950,1.250,30.760
250,24.820,30.590,1.120,2.430
251,25.530,29.550,1.500,0.320
252,25.170,28.910,1.460,0.090
253,25.150,29.070,1.350,0.040
254,25.620,30.220,0.700,2.950
255,25.920,29.310,1.220,4.240
256,25.270,28.300,1.380,3.840
257,24.820,28.740,1.620,5.000
258,25.130,30.130,1.110,5.020
259,25.310,28.180,1.290,1.960
260,25.020,28.280,1.240,3.780
261,25.050,27.720,1.200,10.910
262,24.830,28.820,1.090,12.830
263,24.880,29.150,1.310,0.880
264,25.750,28.630,0.830,0.250
265,26.000,29.920,0.820,5.950
266,25.570,29.370,1.140,2.880
267,25.420,28.250,1.090,1.000
268,25.020,29.740,1.160,0.520
269,24.930,29.980,1.280,4.800
270,25.330,30.040,0.870,4.980
271,25.700,29.510,0.940,10.530
272,25.280,27.400,1.270,13.590
273,24.920,29.480,1.360,1.850
274,25.380,29.470,1.140,13.190
275,25.710,29.810,0.570,5.730
276,26.020,30.440,0.790,4.010
277,25.530,29.910,1.340,5.140
278,25.230,30.710,1.620,2.000
279,25.590,29.150,1.210,1.990
280,25.130,31.010,1.790,2.020
281,25.600,28.900,1.880,5.270
282,25.130,29.900,1.980,1.260
283,25.440,28.790,1.850,4.980
284,25.160,29.040,1.850,2.950
285,25.050,28.420,1.580,1.070
286,25.380,29.300,1.290,10.740
287,25.260,27.600,1.590,11.830
288,24.780,28.790,1.210,20.310
289,24.970,28.510,1.140,22.300
290,24.590,28.230,1.270,8.560
291,24.690,28.660,1.250,1.980
292,24.810,28.430,1.200,3.800
293,25.250,28.660,1.190,1.520
294,25.310,28.740,1.230,4.820
295,24.950,29.210,1.580,3.910
296,24.870,29.520,1.530,3.050
297,24.850,27.960,1.210,8.410
298,25.020,28.730,1.210,4.630
299,25.200,29.370,0.970,0.220
300,25.440,28.990,0.870,13.100
301,25.720,28.000,0.950,41.200
302,25.400,28.370,0.690,5.800
303,24.910,29.820,0.750,0.200
304,25.330,27.760,1.560,20.460
305,24.410,29.720,1.210,15.740
306,24.510,30.600,1.060,4.960
307,25.170,29.320,0.780,12.040
308,24.720,29.370,0.790,6.350
309,25.030,28.360,1.060,22.070
310,24.740,30.150,1.130,11.930
311,25.010,29.830,0.990,16.200
312,25.070,30.650,0.920,3.190
313,24.970,29.690,1.270,5.050
314,24.550,30.630,1.480,0.710
315,24.820,30.220,1.250,14.030
316,24.830,30.410,0.890,24.370
317,24.820,31.060,0.790,7.450
318,25.040,29.290,0.820,6.440
319,24.870,30.440,1.050,5.040
320,24.760,29.370,0.950,6.070
321,25.630,29.150,0.810,1.780
322,25.480,30.820,0.570,0.940
323,25.350,28.890,0.900,10.740
324,24.780,29.620,0.860,14.730
325,25.370,30.700,0.500,11.350
326,25.200,30.200,0.680,16.640
327,25.370,28.050,1.090,5.240
328,24.830,29.180,1.040,12.900
329,25.330,28.000,1.360,8.850
330,25.010,28.090,0.830,3.290
331,24.540,30.720,0.710,6.450
332,24.880,28.880,0.850,9.000
333,24.620,27.980,1.050,4.540
334,24.240,27.780,1.090,2.560
335,24.060,28.370,1.220,1.850
336,24.630,28.170,0.930,3.620
337,24.470,26.840,1.330,2.060
338,24.060,28.060,1.020,3.580
339,24.760,27.340,0.870,31.060
340,24.620,26.560,0.770,43.960
341,24.120,28.960,1.270,11.710
342,24.130,29.760,1.480,12.440
343,23.900,29.720,1.310,1.570
344,24.130,29.540,1.500,4.960
345,24.440,28.990,1.160,10.890
346,24.540,28.190,1.220,10.960
347,24.520,27.530,0.910,6.570
348,24.660,28.280,0.810,2.720
349,24.460,27.810,1.060,8.580
350,24.530,27.500,1.030,18.810
351,24.190,26.770,1.330,10.050
352,23.750,28.620,1.390,0.500
353,23.860,29.030,1.270,0.210
354,24.290,28.440,0.760,12.310
355,24.310,28.940,0.750,7.110
356,24.180,29.060,1.210,2.510
357,24.160,29.290,1.420,2.490
358,23.710,29.150,1.500,5.350
359,23.490,28.470,1.420,4.480
360,23.340,29.470,1.440,5.270
361,23.460,30.170,1.340,3.060
362,23.470,30.210,1.160,1.050
363,24.000,29.940,1.240,2.900
364,24.110,27.900,1.520,2.580
365,23.170,29.030,1.860,1.300
1,23.320,28.170,1.610,0.880
2,23.190,29.690,1.480,0.430
3,23.740,29.760,1.500,0.510
4,23.430,29.830,1.320,0.780
5,23.490,29.480,1.320,0.460
6,23.150,29.970,1.180,0.200
7,23.940,30.160,1.380,2.900
8,23.720,29.220,1.370,2.220
9,24.030,28.910,1.210,5.540
10,24.140,29.130,1.440,6.740
11,23.100,29.890,1.100,0.530
12,23.850,30.100,1.350,0.330
13,24.050,29.780,1.160,2.180
14,24.320,29.660,1.220,5.250
15,24.230,29.460,1.410,6.100
16,23.990,29.720,1.190,1.840
17,24.170,28.250,1.220,2.730
18,23.700,29.110,1.000,2.000
19,23.780,29.420,1.030,4.850
20,23.960,29.890,1.120,2.040
21,24.250,30.210,1.050,0.220
22,23.670,30.580,1.080,4.210
23,24.430,29.620,1.060,17.990
24,24.490,29.620,1.260,17.760
25,23.670,30.230,1.390,6.690
26,23.570,29.970,1.780,0.150
27,23.370,29.200,1.530,2.440
28,23.510,28.780,1.620,9.670
29,23.370,28.650,1.840,1.330
30,23.430,29.590,1.590,3.520
31,23.560,29.390,1.330,4.300
32,24.140,27.640,1.370,14.380
33,24.230,27.830,1.270,8.800
34,24.330,28.500,1.390,0.780
35,24.550,28.290,1.240,1.600
36,24.260,29.630,0.760,10.570
37,24.360,29.150,0.880,17.120
38,24.350,29.470,0.680,0.530
39,24.950,29.410,0.670,0.160
40,24.920,28.090,0.940,4.490
41,23.850,29.500,0.970,6.040
42,24.250,29.290,0.920,1.890
43,23.930,28.060,1.320,7.380
44,23.700,28.260,1.200,3.280
45,23.800,29.960,1.310,0.760
46,23.770,30.190,1.280,0.450
47,23.510,29.900,1.570,0.050
48,23.690,28.940,1.670,0.150
49,23.510,29.490,1.640,0.020
50,23.200,29.930,1.470,0.260
51,23.140,29.850,1.410,0.290
52,23.080,29.740,1.230,1.430
53,23.630,28.190,1.330,11.600
54,23.610,29.090,1.220,7.050
55,23.750,29.320,1.060,23.820
56,23.440,29.410,1.240,9.190
57,22.950,30.510,1.090,0.620
58,23.040,30.640,1.040,0.970
59,23.390,30.570,1.080,1.820
60,23.660,30.570,1.040,3.880
61,24.170,29.520,0.890,3.630
62,23.790,29.860,1.050,2.630
63,23.310,30.140,1.050,0.210
64,24.000,30.650,0.880,1.090
65,24.140,30.590,0.700,0.860
66,24.860,30.310,0.620,0.360
67,25.230,29.350,0.730,0.970
68,25.210,32.980,0.730,25.610
69,24.780,30.100,0.910,22.820
70,24.300,28.250,1.330,9.370
71,23.980,29.200,1.770,1.800
72,24.130,27.960,1.310,37.930
73,24.370,27.670,1.470,32.490
74,24.150,29.120,1.030,1.390
75,24.620,28.120,0.820,4.610
76,24.660,29.240,1.240,3.400
77,25.380,27.160,1.430,7.770
78,25.100,28.880,1.050,6.610
79,24.350,30.740,0.700,6.240
80,24.920,27.050,0.550,15.130
81,24.480,29.380,0.970,2.660
82,24.910,29.710,0.860,0.200
83,25.070,29.810,0.660,4.430
84,24.910,29.410,0.650,1.250
85,24.880,29.930,0.820,0.300
86,25.020,29.290,0.930,8.520
87,24.960,30.250,0.850,3.250
88,25.320,29.980,1.220,0.890
89,25.190,30.780,0.690,3.170
90,25.720,30.960,0.770,5.060
91,25.850,31.980,0.550,4.210
92,25.630,31.070,0.550,7.010
93,25.630,30.540,1.140,7.740
94,25.690,29.130,0.990,7.530
95,25.390,29.130,1.000,19.740
96,24.950,30.530,0.870,2.760
97,25.130,30.310,0.970,8.980
98,24.940,30.930,1.140,14.080
99,25.110,31.030,0.810,26.670
100,25.220,30.930,0.680,5.980
101,24.850,30.110,0.960,6.350
102,24.910,30.650,0.800,7.000
103,25.630,31.540,0.580,1.230
104,25.510,31.050,0.690,0.410
105,25.250,30.890,1.140,5.370
106,24.950,32.190,0.830,15.120
107,24.690,31.940,1.080,1.570
108,25.170,31.360,1.370,3.080
109,25.880,30.440,1.210,4.470
110,26.130,30.650,1.430,8.960
111,26.110,31.240,1.390,3.610
112,25.930,31.260,1.370,0.190
113,26.190,30.140,1.510,9.220
114,26.070,31.450,1.230,2.280
115,25.040,32.490,1.040,1.630
116,24.750,31.710,0.620,0.110
117,25.590,31.720,0.760,8.700
118,25.820,32.070,0.650,15.640
119,25.930,30.430,0.750,5.420
120,25.770,30.790,1.210,4.180
121,25.600,30.940,1.070,21.620
122,25.710,30.650,1.160,7.740
123,25.610,31.030,0.860,3.560
124,25.810,30.750,0.760,13.850
125,26.060,31.130,0.800,5.320
126,25.900,31.020,0.860,3.920
127,26.530,30.930,0.790,2.160
128,26.520,30.700,1.090,3.060
129,26.680,29.830,0.860,2.840
130,26.340,30.250,0.670,8.790
131,26.360,30.200,0.980,16.240
132,26.040,29.300,1.190,8.350
133,26.050,30.500,1.490,0.290
134,26.300,31.450,1.290,0.000
135,26.670,30.950,1.200,5.300
136,26.980,30.470,1.060,3.770
137,27.110,30.510,1.130,0.510
138,26.610,30.810,1.300,0.080
139,26.560,31.610,0.710,0.000
140,27.140,31.990,0.400,0.260
141,26.900,32.730,0.830,1.330
142,27.270,32.090,0.840,0.510
143,27.010,32.510,0.690,0.040
144,26.690,30.470,1.180,10.050
145,26.620,29.440,1.310,8.950
146,26.760,29.410,1.150,5.070
147,26.930,31.790,0.850,10.650
148,26.800,32.230,0.810,9.330
149,25.750,28.780,1.340,4.470
150,25.690,29.940,0.790,22.720
151,25.660,29.150,0.780,6.950
152,25.720,30.900,0.750,12.430
153,25.280,30.680,0.820,2.060
154,26.170,31.280,0.780,1.740
155,25.510,29.400,1.320,0.690
156,25.400,29.130,1.800,0.460
157,25.460,28.560,1.470,1.280
158,25.580,29.330,1.760,0.880
159,25.480,28.670,1.490,0.510
160,25.610,29.240,1.230,1.560
161,25.330,29.170,1.040,10.720
162,25.910,29.220,0.860,17.420
163,25.800,28.090,0.890,6.130
164,25.820,29.400,0.850,0.980
165,26.170,31.660,1.020,8.970
166,25.420,29.230,1.360,2.790
167,25.940,29.690,1.300,0.080
168,25.940,30.010,1.540,0.030
169,25.970,29.970,1.660,0.010
170,25.900,29.510,1.460,0.110
171,25.750,30.150,1.540,0.410
172,26.170,29.910,1.710,0.330
173,26.120,28.980,1.520,0.090
174,26.050,29.520,1.210,9.490
175,25.960,29.890,1.400,0.930
176,25.840,29.420,1.450,0.000
177,26.070,28.750,1.270,0.170
178,26.020,28.760,1.060,0.970
179,25.610,28.460,1.440,0.290
180,25.170,28.940,1.340,0.090
181,25.550,28.720,0.810,1.680
182,25.360,28.810,1.230,1.690
183,24.650,29.010,1.410,0.820
184,25.220,29.750,1.080,12.790
185,25.350,29.400,1.190,6.740
186,25.820,29.350,1.340,2.300
187,25.240,28.790,1.020,2.340
188,25.430,31.930,1.230,10.040
189,25.640,30.280,1.000,12.380
190,25.930,30.090,0.700,4.460
191,26.040,30.950,0.590,7.230
192,25.310,30.610,0.800,8.900
193,24.680,29.370,0.940,13.240
194,24.360,28.240,0.990,4.760
195,23.850,28.800,0.930,0.200
196,24.580,27.600,0.910,2.290
197,24.470,28.980,1.140,0.150
198,25.290,28.770,1.250,3.400
199,24.620,30.260,0.660,3.220
200,24.820,28.870,0.590,5.080
201,25.360,30.160,0.750,7.140
202,25.050,28.720,1.120,45.500
203,24.710,28.350,1.060,18.870
204,25.430,30.500,0.720,0.010
205,25.640,28.680,1.520,4.150
206,25.400,28.470,1.370,3.000
207,25.270,27.600,1.680,6.160
208,24.840,28.450,1.500,2.620
209,25.370,28.680,1.540,11.350
210,25.080,28.960,1.120,6.720
211,25.050,27.880,1.690,0.810
212,24.770,28.420,1.320,0.530
213,24.710,28.050,1.290,0.540
214,24.580,28.610,1.560,1.530
215,25.050,28.510,1.130,1.870
216,24.950,28.110,1.120,4.220
217,25.010,28.700,0.930,1.440
218,24.780,28.240,1.420,14.580
219,24.630,28.190,1.620,3.160
220,24.510,29.770,1.790,0.040
221,24.960,30.150,1.820,0.000
222,24.240,30.070,1.810,0.000
223,24.430,30.100,1.780,0.000
224,24.560,30.170,1.740,0.000
225,24.640,30.610,1.490,0.280
226,25.160,29.440,1.450,0.200
227,25.020,29.700,1.650,0.000
228,25.190,29.370,1.300,0.210
229,24.880,27.930,1.350,4.840
230,24.850,29.400,1.260,1.780
231,25.380,29.050,0.880,10.910
232,25.390,27.950,0.900,7.680
233,25.270,29.930,0.960,7.070
234,24.280,30.220,1.140,6.400
235,24.850,29.690,0.990,0.420
236,24.970,28.580,1.120,0.220
237,25.040,28.120,1.240,17.440
238,25.220,29.810,1.470,6.680
239,25.430,29.880,1.370,11.670
240,25.490,28.060,1.200,27.040
241,25.680,29.830,0.710,31.300
242,25.170,27.220,1.330,29.780
243,24.760,29.810,1.060,2.810
244,25.450,28.880,1.320,0.710
245,24.980,29.250,1.300,7.880
246,25.300,30.130,1.340,2.040
247,25.190,30.220,1.600,3.050
248,25.550,29.810,1.550,5.470
249,25.390,29.460,1.540,9.410
250,25.450,29.780,1.570,5.130
251,25.530,28.120,1.440,1.350
252,25.220,29.070,1.280,0.840
253,25.240,28.940,1.730,0.910
254,24.660,28.220,1.570,0.990
255,24.390,29.840,1.490,0.050
256,24.690,29.640,1.460,0.090
257,24.890,29.570,1.690,0.380
258,25.220,29.490,1.740,0.600
259,24.730,30.640,1.430,1.190
260,24.900,28.860,1.360,5.730
261,25.140,28.530,1.910,1.240
262,24.930,29.420,1.340,2.070
263,25.100,28.810,1.090,2.200
264,24.990,28.690,0.950,1.020
265,24.770,29.190,1.150,0.370
266,24.900,29.540,1.140,0.740
267,25.330,28.900,1.340,12.580
268,25.160,29.620,1.070,1.380
269,24.780,29.550,1.390,9.990
270,24.140,30.430,1.260,9.720
271,24.370,30.700,0.970,20.160
272,25.280,30.370,0.800,2.860
273,25.400,28.420,0.840,5.270
274,24.740,29.420,0.910,1.780
275,25.240,29.790,0.870,4.200
276,25.440,27.990,1.040,7.940
277,25.100,28.910,1.040,36.270
278,24.980,28.020,1.090,7.910
279,25.100,29.230,0.920,1.670
280,25.120,30.420,0.840,3.610
281,24.950,29.150,1.810,16.660
282,24.730,28.290,1.700,0.990
283,24.670,29.200,1.120,0.000
284,25.710,30.130,1.230,0.130
285,25.310,28.900,1.080,19.020
286,25.380,30.320,0.560,43.200
287,25.170,28.340,0.930,12.990
288,25.170,30.420,0.690,7.470
289,25.210,29.700,1.070,7.130
290,25.000,28.590,1.280,5.050
291,24.830,30.490,1.190,1.800
292,25.010,29.980,0.970,0.760
293,24.920,30.590,1.050,0.240
294,24.860,30.510,0.710,6.430
295,24.920,30.060,0.920,15.400
296,25.690,29.080,0.680,12.210
297,25.040,28.490,0.820,20.240
298,24.560,30.390,0.730,0.430
299,25.490,28.600,1.210,20.300
300,24.770,28.530,1.170,29.520
301,24.790,28.210,1.180,8.640
302,24.260,30.380,1.160,4.180
303,24.440,28.790,1.340,4.720
304,25.230,28.850,1.450,12.610
305,25.200,27.930,1.170,7.010
306,25.080,28.160,1.270,13.430
307,25.020,28.860,0.920,3.030
308,25.260,29.280,0.800,16.550
309,25.180,29.300,0.800,11.270
310,24.970,28.640,1.060,12.540
311,24.850,30.040,0.820,4.370
312,24.770,30.300,1.090,10.930
313,24.970,29.500,0.980,11.420
314,25.050,28.370,1.040,29.650
315,24.790,28.730,1.140,11.660
316,24.590,28.860,0.920,1.880
317,25.070,28.730,1.030,1.430
318,24.950,29.740,1.220,3.710
319,24.680,30.940,0.760,1.300
320,25.330,30.050,1.050,0.470
321,25.290,29.950,1.100,10.190
322,25.300,28.560,1.170,9.060
323,25.460,29.520,0.780,13.010
324,25.240,30.150,0.850,9.670
325,24.780,28.980,1.270,32.940
326,24.690,29.160,1.340,11.170
327,23.070,29.930,1.480,0.810
328,23.760,30.340,1.280,1.410
329,24.510,29.300,1.510,2.120
330,24.370,30.320,1.210,0.860
331,24.300,29.340,1.410,2.300
332,23.850,29.930,1.300,3.360
333,24.240,29.800,1.130,8.270
334,25.250,30.590,0.700,4.720
335,25.060,28.960,1.280,6.560
336,24.680,29.660,1.280,3.480
337,24.790,28.170,1.200,7.980
338,24.550,28.040,1.090,3.560
339,24.860,28.670,1.340,2.070
340,24.450,29.020,1.280,6.630
341,24.230,28.440,1.290,2.450
342,24.940,29.890,1.300,0.580
343,25.440,28.670,1.090,4.020
344,24.880,29.300,1.170,6.350
345,24.580,27.740,1.220,5.730
346,24.670,27.220,1.360,3.660
347,24.380,27.560,1.550,0.850
348,24.140,28.230,1.070,5.690
349,24.650,27.960,1.190,4.440
350,24.470,28.350,1.420,9.490
351,24.530,28.920,1.670,4.180
352,24.160,29.500,1.690,1.730
353,23.500,29.650,1.590,0.210
354,23.590,29.500,1.340,0.850
355,23.820,30.250,1.290,2.570
356,24.630,29.620,1.380,1.000
357,24.270,28.740,1.300,1.490
358,23.800,28.890,1.310,6.530
359,23.960,28.010,1.410,5.000
360,23.620,29.330,1.540,0.330
361,23.400,28.740,1.370,1.650
362,23.160,29.470,1.250,5.110
363,23.220,28.830,1.560,1.350
364,23.050,29.750,1.290,1.050
365,23.690,29.680,1.250,2.180
1,23.410,28.710,1.480,0.920
2,23.600,28.930,1.390,3.100
3,23.720,26.030,1.370,3.170
4,23.850,27.890,1.260,6.710
5,24.230,27.380,1.600,6.350
6,24.060,27.710,1.690,2.690
7,23.710,28.010,1.870,5.900
8,23.280,29.400,1.460,0.630
9,23.340,29.530,1.400,2.850
10,23.530,28.860,1.630,4.410
11,23.640,28.960,1.520,0.660
12,23.060,29.880,1.060,5.180
13,24.020,27.830,1.450,14.920
14,23.730,29.120,1.290,2.620
15,23.670,28.360,1.330,2.280
16,23.340,29.990,1.340,0.400
17,23.930,30.240,1.370,0.320
18,23.960,28.760,1.270,0.630
19,23.530,29.620,1.500,0.520
20,23.140,29.290,1.630,1.190
21,22.910,29.230,1.650,0.020
22,23.100,28.550,1.740,0.380
23,22.500,29.320,1.490,0.130
24,22.320,29.700,1.380,0.170
25,21.960,29.170,1.530,0.040
26,21.710,29.220,1.520,0.060
27,23.050,29.450,1.470,0.190
28,22.880,29.550,1.610,0.020
29,22.280,29.430,1.340,0.020
30,21.720,30.050,1.140,0.000
31,21.740,30.010,0.890,0.140
32,22.380,30.010,0.890,0.140
33,22.990,29.700,1.140,0.120
34,23.740,29.170,1.030,0.490
35,23.010,29.960,1.040,0.770
36,22.720,30.030,0.760,3.540
37,22.900,30.190,1.200,1.450
38,22.600,30.210,1.000,0.070
39,23.640,28.870,1.170,11.350
40,24.470,29.080,1.090,3.420
41,24.180,30.250,1.070,6.990
42,23.060,30.440,1.360,0.100
43,22.270,30.480,1.460,0.020
44,23.490,30.880,1.250,0.020
45,23.030,30.850,1.060,0.000
46,23.900,31.010,1.340,0.160
47,24.290,30.930,1.480,0.640
48,23.870,30.200,1.250,6.710
49,23.600,30.530,1.350,7.490
50,23.260,30.750,1.050,0.020
51,24.280,31.220,1.120,0.290
52,24.230,31.870,1.000,0.260
53,24.790,31.230,0.900,12.070
54,24.570,31.540,1.020,7.190
55,23.720,31.840,0.960,0.010
56,23.830,32.090,1.490,0.020
57,23.860,31.240,1.840,0.060
58,23.180,31.630,1.520,0.040
59,23.420,31.650,1.080,0.070
60,23.830,32.400,0.950,0.050
61,24.720,32.240,0.990,0.150
62,25.960,30.830,0.650,15.160
63,25.710,28.210,0.890,11.850
64,24.820,30.320,0.910,7.870
65,24.430,30.990,1.360,1.310
66,25.150,30.190,1.010,1.450
67,25.490,28.550,0.770,27.680
68,24.650,30.900,1.710,2.610
69,23.800,31.010,1.950,0.530
70,24.210,30.300,1.990,1.950
71,23.620,30.500,1.910,0.150
72,23.010,30.270,1.540,0.000
73,22.790,31.210,1.280,0.010
74,23.400,31.210,1.050,0.070
75,24.500,30.440,1.060,0.570
76,25.180,31.890,0.440,0.040
77,25.100,31.630,0.810,6.180
78,24.320,30.860,1.040,18.480
79,24.960,30.420,1.360,9.370
80,24.180,30.980,1.380,0.090
81,24.490,31.650,1.350,0.290
82,24.590,31.510,1.460,1.380
83,23.970,31.100,1.520,0.360
84,23.790,32.250,1.010,0.180
85,24.830,31.360,1.080,3.040
86,24.660,31.460,1.100,3.860
87,25.470,30.070,0.770,0.310
88,25.700,30.530,0.650,1.160
89,24.670,32.270,0.970,9.690
90,25.330,30.040,0.920,31.170
91,25.560,27.790,0.350,24.760
92,25.420,31.740,0.610,10.060
93,26.010,31.180,0.810,2.710
94,26.050,29.770,0.860,3.150
95,25.700,28.870,0.910,0.800
96,26.090,31.370,0.530,1.730
97,25.430,28.690,0.840,1.600
98,25.900,29.450,0.950,30.950
99,25.060,29.610,0.720,14.580
100,25.320,28.640,1.280,3.330
101,25.070,30.180,1.090,0.790
102,25.110,28.760,1.150,0.560
103,25.600,31.290,0.490,8.290
104,25.070,30.320,1.460,2.190
105,25.620,31.170,0.950,2.530
106,25.570,30.820,1.160,3.690
107,25.510,31.130,0.880,2.170
108,25.420,31.100,0.770,1.260
109,24.890,31.030,0.800,2.530
110,25.360,30.450,0.890,11.300
111,25.240,30.340,0.840,13.120
112,24.970,31.020,0.760,14.220
113,24.880,31.310,0.980,14.470
114,24.350,31.910,1.030,1.010
115,24.430,31.670,1.020,0.330
116,24.650,31.690,1.140,0.210
117,25.170,31.670,0.970,0.270
118,25.890,30.660,1.060,1.430
119,26.090,30.740,0.880,8.190
120,26.150,30.110,0.680,5.460
121,25.990,30.440,0.970,7.630
122,26.460,28.070,0.970,11.110
123,26.150,31.220,0.880,3.960
124,25.730,31.180,1.170,0.840
125,25.920,31.730,1.340,1.270
126,25.340,32.440,1.220,1.290
127,25.600,32.020,0.750,6.080
128,25.850,32.870,0.670,5.550
129,25.620,32.970,0.570,4.170
130,25.580,32.210,0.920,0.850
131,26.400,32.730,1.220,27.610
132,26.620,29.940,1.150,27.470
133,26.270,29.280,0.990,15.760
134,25.930,29.770,0.780,0.960
135,26.180,28.490,1.340,4.470
136,25.400,30.210,1.110,2.460
137,26.170,28.680,1.400,1.910
138,26.050,29.830,1.180,0.850
139,26.360,29.590,1.110,5.070
140,26.080,30.360,1.050,3.670
141,26.140,29.490,0.730,0.810
142,26.140,29.960,0.810,1.290
143,25.990,29.400,1.460,0.240
144,26.150,29.670,1.340,9.760
145,25.860,30.270,1.180,3.270
146,26.380,29.580,1.030,7.840
147,25.890,30.760,1.250,0.440
148,25.910,30.600,1.250,0.930
149,26.350,28.870,0.890,11.020
150,25.910,30.570,0.680,13.420
151,25.810,30.150,1.020,8.340
152,25.690,30.390,1.070,4.820
153,25.720,30.290,1.130,4.120
154,26.130,31.320,0.900,15.900
155,26.060,29.900,0.840,5.850
156,26.250,30.440,0.810,22.150
157,25.950,30.070,0.890,0.080
158,25.900,30.710,1.180,3.480
159,26.160,29.870,1.300,1.080
160,26.450,29.720,1.210,2.430
161,26.340,29.660,0.800,1.260
162,26.760,29.880,0.490,0.080
163,26.210,30.190,1.120,1.700
164,26.050,29.340,1.340,0.630
165,26.300,28.930,1.590,0.760
166,26.540,29.390,1.450,5.240
167,26.410,31.150,1.130,6.570
168,26.260,29.430,1.270,1.720
169,25.840,29.100,1.520,3.310
170,26.220,30.890,0.890,9.290
171,26.240,28.270,1.250,4.700
172,26.120,30.030,1.160,0.170
173,26.200,32.120,0.940,2.630
174,26.470,30.280,0.830,1.290
175,27.270,30.780,0.570,0.780
176,25.730,29.270,1.500,1.260
177,25.400,28.840,1.450,0.330
178,25.680,29.140,1.110,0.140
179,26.570,30.300,1.260,0.110
180,26.130,29.660,1.670,0.310
181,26.080,28.880,1.470,1.830
182,25.760,29.330,1.230,1.510
183,25.780,29.180,1.270,1.300
184,25.440,28.470,1.480,5.090
185,25.360,28.880,1.210,8.740
186,25.260,28.740,1.660,0.440
187,25.560,29.730,1.460,0.840
188,25.770,28.680,1.140,0.960
189,25.660,29.140,0.830,1.500
190,25.800,28.900,1.180,1.110
191,25.730,29.580,1.220,0.050
192,25.810,29.310,1.280,0.300
193,25.980,28.560,1.180,0.220
194,26.370,29.100,1.110,0.500
195,26.140,30.760,0.880,9.220
196,25.150,31.890,0.890,21.770
197,25.500,30.190,0.990,1.430
198,25.800,29.910,1.070,1.510
199,25.380,29.250,1.410,0.810
200,25.400,30.020,1.070,6.330
201,25.500,31.790,0.670,18.660
202,25.170,28.480,1.280,4.530
203,24.810,28.480,1.020,6.010
204,25.160,29.730,0.960,10.240
205,25.180,27.640,1.180,18.610
206,24.740,29.190,1.320,20.380
207,24.890,28.950,1.260,13.040
208,25.090,29.160,1.020,7.110
209,24.970,27.890,1.390,17.220
210,24.720,29.370,0.810,7.650
211,25.380,29.180,1.140,22.150
212,24.520,27.160,1.510,12.970
213,24.270,30.200,1.340,0.010
214,25.460,29.170,1.310,5.010
215,25.760,29.130,1.200,12.700
216,25.970,29.490,1.140,11.960
217,25.450,29.500,1.400,0.180
218,25.880,29.770,1.130,1.130
219,26.390,28.670,1.010,1.920
220,25.810,28.330,1.240,3.470
221,25.640,28.300,1.230,5.890
222,26.120,29.890,1.070,0.040
223,26.120,29.440,1.340,4.720
224,25.730,29.460,1.280,1.270
225,26.080,29.110,1.190,0.120
226,25.730,28.770,1.230,0.420
227,25.700,27.990,1.400,14.620
228,25.640,28.350,1.380,37.110
229,25.220,28.700,1.500,11.890
230,25.090,28.080,1.620,8.090
231,25.470,28.690,1.510,15.890
232,25.490,28.660,1.400,1.390
233,25.650,29.910,1.080,4.420
234,25.250,30.060,0.910,14.650
235,24.840,27.550,1.350,17.130
236,24.640,29.500,1.530,0.540
237,25.120,28.730,1.040,19.850
238,25.450,28.590,0.960,19.180
239,24.870,27.900,1.150,6.550
240,25.160,27.910,0.730,16.310
241,24.770,29.300,1.220,7.130
242,24.740,29.390,1.280,3.370
243,24.880,28.560,1.120,12.330
244,24.500,28.990,1.170,9.670
245,24.850,28.570,0.960,0.250
246,25.350,29.090,0.690,27.860
247,25.340,29.220,1.120,37.410
248,25.160,29.880,1.610,2.990
249,25.170,30.250,1.670,3.530
250,25.280,29.090,1.430,1.500
251,25.550,28.870,1.270,4.840
252,25.690,29.110,1.490,8.690
253,25.430,30.600,1.430,1.250
254,25.640,29.360,1.600,8.620
255,25.870,28.210,1.490,12.290
256,25.000,29.200,0.870,7.030
257,25.110,30.100,1.120,0.170
258,25.940,29.920,1.000,0.510
259,26.380,29.570,0.860,0.090
260,26.320,30.080,1.240,2.190
261,25.540,30.240,1.340,1.280
262,25.880,30.600,0.940,1.120
263,26.950,30.600,0.720,0.940
264,25.690,29.820,1.240,5.300
265,25.620,28.740,1.670,3.690
266,25.680,28.500,1.320,3.280
267,25.820,28.240,1.400,21.960
268,25.770,30.360,0.740,1.110
269,25.180,29.320,1.250,2.570
270,25.350,29.280,0.990,2.860
271,25.740,29.540,0.910,10.220
272,25.050,29.500,1.490,3.360
273,25.300,29.130,1.480,0.950
274,25.360,29.240,1.110,0.560
275,25.070,29.590,1.600,0.430
276,25.320,30.050,1.080,9.510
277,25.200,29.700,1.130,3.810
278,25.270,30.760,0.600,8.470
279,25.810,29.720,0.830,2.700
280,25.380,28.980,1.140,1.430
281,25.430,28.630,1.310,15.220
282,25.030,28.450,1.060,10.910
283,24.990,28.690,0.760,4.780
284,25.600,30.220,0.700,1.220
285,25.630,29.390,1.020,1.580
286,25.730,28.590,1.370,15.000
287,25.500,29.720,1.540,4.870
288,25.740,29.500,1.610,1.420
289,25.870,29.440,1.680,5.270
290,25.580,29.780,1.340,5.180
291,25.630,28.850,1.340,15.620
292,25.410,28.670,1.030,8.170
293,25.340,28.360,1.100,3.400
294,24.940,29.200,0.770,21.010
295,24.600,30.870,0.570,1.020
296,24.440,30.270,1.140,1.740
297,25.180,28.350,1.650,15.250
298,24.660,28.230,1.740,28.030
299,25.080,28.300,1.510,4.320
300,24.790,28.750,1.350,8.330
301,25.010,28.840,1.150,2.160
302,25.630,30.160,0.730,2.980
303,25.460,28.700,1.330,18.190
304,25.120,27.940,0.800,31.660
305,24.980,27.820,1.170,6.220
306,24.740,29.400,0.800,2.180
307,25.110,29.620,1.440,0.110
308,25.140,28.480,1.290,16.370
309,25.120,28.830,1.360,11.760
310,25.000,29.030,1.540,5.750
311,25.290,28.300,1.640,24.630
312,25.230,27.760,1.210,7.620
313,24.740,28.220,0.950,2.730
314,24.840,29.700,1.080,1.760
315,25.610,29.950,0.720,3.820
316,25.150,28.830,1.210,0.650
317,24.910,29.240,1.190,13.440
318,24.900,30.120,0.960,3.590
319,25.280,27.180,0.800,7.740
320,25.290,29.180,1.170,2.780
321,25.020,28.910,1.210,3.350
322,25.200,29.740,1.280,1.160
323,25.610,28.890,1.180,3.630
324,25.480,28.600,0.750,4.250
325,25.580,29.610,1.030,33.950
326,25.540,29.550,0.820,34.780
327,25.370,29.170,1.170,4.990
328,24.910,28.980,1.080,10.110
329,24.360,28.680,1.320,5.480
330,24.840,27.330,1.580,5.210
331,24.890,26.840,1.720,12.880
332,24.770,27.210,1.580,13.700
333,25.200,28.940,1.090,2.820
334,24.790,29.760,1.050,1.280
335,25.100,30.030,0.700,7.130
336,24.830,28.030,0.910,13.070
337,25.070,26.840,1.140,1.370
338,24.600,27.750,1.850,8.380
339,25.070,26.920,2.200,5.490
340,24.820,26.970,1.980,5.500
341,24.810,27.200,1.590,7.540
342,24.300,28.960,1.370,2.680
343,24.750,29.130,1.380,6.720
344,25.090,27.800,1.620,4.240
345,24.790,29.340,1.080,7.050
346,24.910,29.520,0.840,6.560
347,25.470,27.900,0.770,3.110
348,24.890,28.460,0.910,6.460
349,24.820,29.440,0.900,14.750
350,24.990,29.030,0.540,13.400
351,25.520,28.780,0.660,5.250
352,25.430,27.070,1.130,14.340
353,24.930,27.940,1.640,9.950
354,24.890,27.930,1.870,1.220
355,25.170,28.890,1.760,2.490
356,24.250,27.070,1.750,19.150
357,23.590,27.000,1.820,4.220
358,24.320,29.480,1.190,0.360
359,24.390,28.610,0.960,0.840
360,25.260,28.740,0.650,7.210
361,25.120,29.350,1.000,10.080
362,24.420,27.530,1.310,4.590
363,24.690,27.740,1.110,10.740
364,24.390,28.780,1.060,12.920
365,24.460,29.060,0.870,2.650
1,24.850,27.480,1.360,3.800
2,24.830,28.210,1.150,4.240
3,24.760,27.740,1.000,4.460
4,24.480,28.410,0.460,1.730
5,24.220,29.640,1.000,6.770
6,24.210,29.830,0.660,17.840
7,24.280,27.330,1.060,11.660
8,23.700,27.000,1.010,0.900
9,24.760,28.070,1.120,28.570
10,24.670,28.010,0.770,12.370
11,24.430,27.800,1.330,17.750
12,24.150,26.360,1.610,14.490
13,23.980,27.380,1.770,15.190
14,23.660,28.450,1.700,16.870
15,23.730,27.990,1.820,5.430
16,23.560,28.740,1.540,2.570
17,23.730,28.720,1.280,10.850
18,23.700,30.100,1.210,1.630
19,23.970,29.690,1.180,5.030
20,24.010,29.180,0.940,4.100
21,23.950,29.820,0.780,6.230
22,24.710,29.700,0.940,5.120
23,24.770,28.690,1.040,2.080
24,24.990,28.730,1.360,0.370
25,24.860,29.090,1.480,0.130
26,24.970,29.560,1.570,5.820
27,25.170,29.340,1.280,3.250
28,24.430,28.370,1.340,4.540
29,23.850,28.450,1.270,12.820
30,23.310,28.110,1.540,4.620
31,22.900,29.270,1.440,0.070
32,23.110,29.570,1.310,0.210
33,23.480,29.750,1.110,0.000
34,24.300,29.970,1.140,0.000
35,24.230,30.220,1.020,0.000
36,23.860,30.060,1.200,0.050
37,23.750,28.980,1.190,0.600
38,23.940,29.770,1.110,2.040
39,23.870,29.680,1.500,2.000
40,23.730,29.780,1.560,6.140
41,23.660,29.740,1.510,5.100
42,23.370,29.830,1.400,2.670
43,23.560,29.660,1.620,1.000
44,23.660,29.820,1.680,0.040
45,23.840,28.970,1.230,1.830
46,24.200,27.690,1.370,42.190
47,24.610,26.870,1.180,17.600
48,24.010,27.180,0.580,4.800
49,24.770,29.390,1.050,3.900
50,24.820,29.050,1.010,2.310
51,24.340,30.470,1.020,10.200
52,23.930,30.370,0.920,10.620
53,24.280,30.130,1.170,6.600
54,24.040,30.820,1.030,3.100
55,24.150,30.350,1.110,5.270
56,24.610,29.130,1.410,2.900
57,24.480,30.140,1.470,5.740
58,23.540,30.630,1.210,5.160
59,24.460,29.640,1.250,4.940
60,24.190,29.630,1.480,2.490
61,24.180,29.900,1.190,20.820
62,24.160,28.100,0.960,17.850
63,25.050,30.080,0.700,0.240
64,25.320,30.530,0.680,0.300
65,25.120,30.730,0.900,3.790
66,24.140,29.420,1.630,1.540
67,24.140,30.310,1.680,4.460
68,24.020,30.500,1.500,4.740
69,23.690,30.560,1.270,3.940
70,24.060,32.400,0.680,10.410
71,24.210,30.960,0.940,1.990
72,24.370,31.050,1.060,0.040
73,23.590,30.310,1.170,1.450
74,23.970,31.510,0.920,0.830
75,24.590,31.060,0.900,0.280
76,25.290,29.650,0.940,1.630
77,25.050,31.090,0.940,0.280
78,24.100,31.270,0.660,1.730
79,24.020,29.870,1.240,1.840
80,24.030,30.720,1.220,5.040
81,24.000,31.120,0.870,2.900
82,23.910,31.450,0.750,3.780
83,24.420,30.840,0.920,12.070
84,25.380,30.610,0.600,8.380
85,24.980,29.760,0.980,10.480
86,25.080,33.080,0.940,36.950
87,25.230,29.890,1.180,7.770
88,25.570,28.630,1.440,1.490
89,25.280,32.130,0.720,7.080
90,25.550,29.100,0.990,12.610
91,25.360,29.260,0.900,2.440
92,25.310,29.120,0.930,0.690
93,25.230,30.460,0.890,2.750
94,25.720,29.640,1.140,3.520
95,25.350,29.350,1.260,2.960
96,25.290,29.550,1.130,2.430
97,25.470,28.860,1.390,5.730
98,25.480,28.970,1.340,3.110
99,25.390,29.750,1.250,1.100
100,25.800,29.340,1.340,4.570
101,25.870,30.620,0.960,7.390
102,25.580,28.590,0.650,4.330
103,25.100,30.230,0.960,9.540
104,25.450,27.660,1.050,2.890
105,25.570,30.170,0.740,0.220
106,26.020,30.550,0.790,0.490
107,25.280,29.670,1.000,0.510
108,25.830,30.080,1.170,3.010
109,25.400,29.450,1.350,24.750
110,25.570,30.250,0.940,17.330
111,24.980,30.440,0.920,8.300
112,25.430,30.640,0.630,3.700
113,25.100,30.820,0.900,15.200
114,25.130,30.230,0.810,10.460
115,25.050,30.180,0.880,8.890
116,25.320,29.320,1.020,3.020
117,25.620,30.450,0.970,0.430
118,26.100,29.930,1.230,2.300
119,25.570,31.470,1.080,12.140
120,25.700,29.670,0.700,5.530
121,26.190,32.290,0.550,7.630
122,26.010,27.860,1.000,1.450
123,25.730,28.780,1.100,14.090
124,25.710,30.420,0.810,7.220
125,26.170,30.450,0.840,0.500
126,26.280,30.210,0.610,3.670
127,25.990,28.480,1.080,1.590
128,25.400,29.310,1.130,1.830
129,25.690,30.840,0.940,5.110
130,25.970,28.900,1.210,3.270
131,25.650,27.740,1.480,13.020
132,25.080,29.780,0.960,4.030
133,25.990,31.200,0.510,4.590
134,25.950,31.500,0.730,4.350
135,26.290,31.720,0.820,3.610
136,25.690,29.950,0.810,4.490
137,26.020,30.970,0.710,1.290
138,26.200,28.690,0.650,2.700
139,25.280,29.860,1.070,3.330
140,25.790,28.810,1.560,1.810
141,25.950,29.430,0.920,13.060
142,25.950,30.260,1.300,27.080
143,25.290,29.740,1.120,7.380
144,26.420,30.700,1.240,1.440
145,25.990,28.940,1.430,0.970
146,25.810,28.530,1.280,0.570
147,25.190,28.990,0.950,2.740
148,25.530,30.730,0.900,0.820
149,25.660,28.890,1.120,2.180
150,25.480,30.720,0.650,5.760
151,25.790,27.890,0.630,10.920
152,25.450,27.940,1.230,36.160
153,25.100,29.420,1.070,25.850
154,25.790,30.020,1.020,1.740
155,26.300,29.470,1.100,0.370
156,26.010,29.310,1.160,0.190
157,26.020,29.630,1.340,2.080
158,25.290,29.660,1.190,1.270
159,25.460,29.420,1.500,0.410
160,25.610,28.400,1.350,0.340
161,25.150,28.310,1.450,1.400
162,25.430,29.780,1.020,9.850
163,25.440,32.550,0.720,2.440
164,25.510,28.340,1.380,16.260
165,25.140,27.880,1.260,9.870
166,25.020,28.910,1.040,2.130
167,25.630,29.520,0.850,2.710
168,25.660,29.420,1.020,2.010
169,26.000,29.990,0.690,3.280
170,25.900,30.810,0.650,6.510
171,26.420,31.470,0.820,3.170
172,26.260,28.850,0.980,2.550
173,25.940,29.120,0.900,3.880
174,25.840,28.820,1.090,18.310
175,25.820,28.080,1.170,29.770
176,25.670,29.520,0.880,12.130
177,25.960,29.520,0.610,4.980
178,25.430,29.510,1.460,8.180
179,25.880,27.980,1.440,7.870
180,25.630,28.090,1.510,4.490
181,25.270,29.390,1.140,0.510
182,25.590,29.640,1.430,0.030
183,25.390,29.980,1.580,0.000
184,25.710,29.310,1.480,0.020
185,25.570,29.250,1.220,0.050
186,25.540,29.550,1.480,0.020
187,25.670,29.180,1.590,0.030
188,25.700,28.760,1.490,6.860
189,25.820,29.290,1.370,3.300
190,25.810,30.020,1.570,0.360
191,25.890,29.800,1.580,1.270
192,25.980,29.100,1.470,1.410
193,25.980,29.560,1.460,8.470
194,26.160,27.490,1.430,10.270
195,25.920,27.830,1.210,24.430
196,25.380,27.700,1.120,5.170
197,25.440,27.650,1.370,34.230
198,25.410,28.740,1.380,10.030
199,25.450,28.580,1.420,8.500
200,25.540,27.770,1.260,2.750
201,25.740,29.520,1.470,0.560
202,25.740,28.680,1.420,1.760
203,25.890,28.660,1.300,2.940
204,25.760,28.860,1.450,0.760
205,25.660,29.180,1.360,1.460
206,25.330,29.220,1.070,2.460
207,26.150,29.590,1.010,2.290
208,25.740,28.130,1.230,3.340
209,25.430,29.040,1.160,1.280
210,25.470,28.490,1.420,0.420
211,25.470,29.030,1.380,3.020
212,25.410,28.330,1.510,4.300
213,25.350,29.370,1.000,4.640
214,25.700,28.700,0.760,0.930
215,25.190,28.230,1.070,0.880
216,25.130,28.180,1.330,18.780
217,25.110,28.110,0.860,16.200
218,24.880,29.460,1.050,6.070
219,25.560,29.330,0.990,13.960
220,25.180,29.200,1.720,8.890
221,25.040,28.450,1.780,3.870
222,24.970,29.380,1.810,0.900
223,25.270,29.190,1.610,0.410
224,24.920,27.400,1.590,5.380
225,24.890,28.350,1.670,2.690
226,24.880,29.400,1.520,6.540
227,24.680,28.850,1.530,9.170
228,25.110,28.970,1.280,16.650
229,25.340,29.670,0.900,14.110
230,25.480,29.010,0.820,10.900
231,25.440,28.790,1.070,7.120
232,25.570,28.520,1.290,3.610
233,25.290,28.770,1.650,0.520
234,25.460,30.510,1.040,0.160
235,26.100,31.120,0.870,9.660
236,25.620,29.410,1.020,4.910
237,25.720,29.690,1.200,0.380
238,25.150,30.780,1.290,0.010
239,25.630,29.770,1.510,2.130
240,25.460,29.520,1.510,0.590
241,25.500,29.910,1.660,4.100
242,25.640,30.020,1.550,8.160
243,26.260,30.620,0.670,16.570
244,25.440,27.230,1.120,5.800
245,25.040,29.200,0.910,2.010
246,25.340,28.710,1.090,6.580
247,25.380,28.290,0.990,13.180
248,24.890,27.360,0.840,37.900
249,24.610,28.660,1.280,4.470
250,24.680,29.270,1.360,1.700
251,25.040,29.560,1.420,0.510
252,25.430,27.850,1.140,3.900
253,25.610,29.260,1.010,13.380
254,25.430,28.850,0.620,2.680
255,25.670,29.810,0.860,4.520
256,25.810,30.120,0.480,7.310
257,25.700,29.530,0.720,30.470
258,25.940,30.500,0.860,8.390
259,25.020,29.970,1.560,0.900
260,25.210,29.420,1.500,0.660
261,25.140,29.840,1.060,1.850
262,25.750,28.470,0.590,2.360
263,24.830,26.320,1.260,14.750
264,24.210,27.820,1.200,9.770
265,24.510,29.020,1.180,11.990
266,24.740,27.710,1.180,4.680
267,24.990,28.550,1.500,1.610
268,24.580,30.700,1.500,0.100
269,25.370,29.930,1.320,6.240
270,25.420,26.500,1.200,3.990
271,25.210,28.140,1.120,6.680
272,24.930,27.660,1.340,4.930
273,24.440,29.340,1.410,1.210
274,25.270,26.750,1.120,1.850
275,24.910,28.090,1.210,5.160
276,25.110,28.540,1.290,4.790
277,25.470,28.770,1.020,4.110
278,25.260,27.290,1.440,13.460
279,24.710,28.850,1.320,11.110
280,24.700,29.300,1.330,18.140
281,25.260,28.770,1.510,14.990
282,25.240,27.880,1.420,2.860
283,25.630,27.830,1.220,0.320
284,25.250,28.240,1.120,0.600
285,25.010,29.450,0.870,0.060
286,25.650,29.720,1.110,0.140
287,25.800,28.980,0.990,0.240
288,25.510,28.290,0.920,20.220
289,25.920,29.970,0.850,7.400
290,25.620,29.390,0.910,0.710
291,24.930,29.540,1.100,0.960
292,25.660,29.100,0.990,0.700
293,24.640,29.270,1.040,1.380
294,25.200,29.650,1.400,1.120
295,24.830,29.940,1.370,0.980
296,25.200,30.210,1.190,1.270
297,25.440,29.100,1.210,0.970
298,25.150,29.610,1.210,23.980
299,25.030,30.190,1.310,15.470
300,25.280,30.340,1.200,1.730
301,24.830,30.100,1.070,11.290
302,25.080,29.380,1.170,19.920
303,24.850,28.540,1.350,25.960
304,24.260,30.320,0.810,24.620
305,24.630,30.560,0.750,7.480
306,25.230,30.110,0.640,1.170
307,25.190,29.510,0.610,8.820
308,25.230,31.220,0.640,5.410
309,24.500,29.610,1.050,5.060
310,24.860,30.650,0.600,3.930
311,24.930,29.200,0.910,1.440
312,24.400,29.440,1.430,3.600
313,25.030,29.070,1.220,15.870
314,24.790,30.270,0.720,4.440
315,25.010,29.400,0.890,2.340
316,24.700,29.770,0.900,4.370
317,24.830,29.170,0.810,5.030
318,24.900,28.810,1.070,9.360
319,24.900,29.020,1.110,6.050
320,24.550,28.230,1.110,10.330
321,24.280,30.060,0.740,9.010
322,24.440,29.550,1.050,45.730
323,25.010,30.150,0.720,9.050
324,25.090,27.770,1.120,9.840
325,24.370,29.610,1.310,3.130
326,24.930,28.950,1.260,4.020
327,25.170,29.070,1.100,26.990
328,25.080,29.850,1.130,46.960
329,24.910,29.760,0.930,26.740
330,24.450,30.080,0.750,3.910
331,24.940,30.030,0.980,6.780
332,25.100,30.790,0.700,3.660
333,25.180,28.910,1.140,11.780
334,24.690,29.840,0.940,3.110
335,24.660,30.360,0.950,0.530
336,24.910,30.030,0.860,4.590
337,25.010,28.730,0.900,3.460
338,24.660,29.890,0.950,6.810
339,25.330,28.750,1.280,6.900
340,24.640,29.970,1.250,8.480
341,25.020,28.550,1.390,4.940
342,24.860,28.510,1.210,0.490
343,24.280,29.260,1.300,0.570
344,24.300,30.730,0.840,0.290
345,24.240,30.530,1.080,2.820
346,24.880,29.750,0.780,20.590
347,24.710,30.120,0.950,28.570
348,24.340,29.110,1.030,10.820
349,24.770,29.860,0.730,20.830
350,24.770,29.880,1.170,16.390
351,25.510,27.220,0.770,6.410
352,25.300,28.190,0.990,6.000
353,25.030,28.390,1.160,16.610
354,24.910,29.000,1.230,7.340
355,25.310,28.490,1.240,3.370
356,25.530,28.170,1.740,13.530
357,25.050,28.710,1.480,40.290
358,24.850,28.080,1.200,58.080
359,24.970,27.600,1.200,31.680
360,24.800,28.270,1.750,15.410
361,24.310,28.540,1.850,17.730
362,24.010,29.060,1.560,3.180
363,23.610,29.710,1.490,0.870
364,23.870,29.820,1.280,3.540
365,24.500,29.290,1.210,12.580
1,24.620,29.250,1.510,8.200
2,24.030,28.630,1.450,9.220
3,23.790,28.640,1.310,2.180
4,23.550,28.770,1.060,2.370
5,24.200,28.830,1.170,1.570
6,24.740,26.790,0.860,9.190
7,24.520,26.800,1.580,5.520
8,24.860,27.870,1.830,5.730
9,24.440,28.530,1.410,1.160
10,24.200,29.520,0.800,1.880
11,24.820,27.630,1.340,4.510
12,24.850,28.260,1.810,3.290
13,24.940,28.580,1.520,9.530
14,24.570,26.940,1.480,19.880
15,24.320,28.730,1.560,4.180
16,24.150,28.730,1.380,10.380
17,24.120,28.010,1.130,16.580
18,24.260,27.620,1.170,13.670
19,24.020,28.230,1.140,18.770
20,23.760,29.060,0.960,7.370
21,24.300,30.170,0.950,0.250
22,24.430,28.860,1.330,9.100
23,24.800,29.550,1.030,23.130
24,25.060,29.790,0.890,6.970
25,25.280,28.160,0.800,10.710
26,24.780,29.220,1.070,34.620
27,24.260,29.840,1.280,21.240
28,23.460,29.750,1.230,1.570
29,24.480,29.410,1.450,0.790
30,23.950,28.880,1.490,2.100
31,23.820,28.280,1.550,3.480
32,23.690,29.280,1.610,2.180
33,23.310,28.660,1.940,0.460
34,22.170,28.120,2.040,0.010
35,21.960,28.590,1.900,0.010
36,21.320,28.280,1.630,0.010
37,21.620,27.740,1.820,0.010
38,21.920,28.140,1.790,0.010
39,22.370,28.170,1.500,0.020
40,22.600,27.910,1.370,0.030
41,22.840,28.630,1.410,2.740
42,22.730,29.750,1.330,1.620
43,23.210,29.770,1.440,0.030
44,22.800,29.840,1.320,0.110
45,23.290,30.010,1.220,2.480
46,23.140,29.870,1.460,2.130
47,22.990,30.300,1.210,0.000
48,23.440,30.590,1.160,0.220
49,23.980,30.570,1.110,3.660
50,24.050,30.700,1.080,8.340
51,23.950,30.370,1.020,6.620
52,24.020,30.320,1.040,8.240
53,24.710,29.000,0.850,12.810
54,24.580,30.740,0.740,7.890
55,24.710,28.050,0.810,6.510
56,24.820,30.520,0.730,1.030
57,24.290,30.630,1.160,3.370
58,23.480,31.350,0.720,2.170
59,24.300,30.790,0.570,5.920
60,24.320,29.150,1.040,4.510
61,24.240,30.060,1.010,1.580
62,24.500,28.580,0.950,8.230
63,24.430,29.690,0.970,3.490
64,23.760,29.930,0.950,2.830
65,24.440,28.860,0.860,5.950
66,24.640,27.560,0.710,3.450
67,24.180,28.860,0.630,1.790
68,24.740,29.710,0.870,1.960
69,24.930,30.810,0.800,0.610
70,24.630,30.200,1.060,1.310
71,24.790,30.150,0.940,1.300
72,24.200,31.490,0.990,0.170
73,23.650,30.800,0.920,0.330
74,23.800,30.760,1.210,0.170
75,24.090,30.980,1.170,0.040
76,24.580,30.460,1.250,1.760
77,24.870,28.800,1.270,11.490
78,24.720,29.580,0.970,13.050
79,24.890,30.590,1.060,17.100
80,25.510,29.660,1.160,8.530
81,24.910,27.870,1.170,4.190
82,25.730,29.640,1.070,4.170
83,25.580,29.680,0.860,5.520
84,24.550,31.550,1.400,19.920
85,25.130,27.830,1.080,28.330
86,24.450,30.190,1.160,5.900
87,25.060,28.640,0.860,2.940
88,24.910,29.750,0.690,1.710
89,25.420,29.460,1.290,0.850
90,24.780,29.400,1.290,0.170
91,24.880,29.940,1.000,0.170
92,25.940,30.240,0.890,3.300
93,25.650,30.210,0.930,9.290
94,24.950,29.910,0.950,10.820
95,24.960,29.280,0.960,9.580
96,24.980,31.350,0.820,25.070
97,25.710,30.530,0.840,7.580
98,25.340,29.460,1.110,10.930
99,25.500,29.510,1.210,4.110
100,24.610,30.460,1.350,0.130
101,24.270,31.190,1.140,1.110
102,24.330,31.120,0.910,4.320
103,25.350,30.730,1.010,7.140
104,25.360,30.450,1.030,5.630
105,25.380,30.050,0.920,6.240
106,25.540,30.360,0.740,3.330
107,25.550,31.070,0.970,6.060
108,25.330,29.330,1.020,14.450
109,25.480,31.040,0.880,14.310
110,25.600,30.210,0.850,5.030
111,26.100,29.460,0.750,16.580
112,25.620,29.750,1.020,0.770
113,25.760,29.750,1.070,4.530
114,26.240,32.870,0.480,8.850
115,26.190,31.330,0.640,9.780
116,25.970,31.170,0.550,9.620
117,26.010,31.400,0.620,5.360
118,25.970,30.670,0.620,5.770
119,25.450,29.950,0.780,17.880
120,25.390,30.760,0.990,19.690
121,25.450,31.030,0.860,9.070
122,25.360,30.500,1.060,23.580
123,25.860,29.090,0.990,12.820
124,25.740,28.270,0.990,16.940
125,25.550,28.450,1.010,7.820
126,25.880,29.300,1.210,4.660
127,25.770,27.780,1.660,20.620
128,25.580,29.550,1.250,11.900
129,25.820,29.580,1.060,6.040
130,26.060,28.930,1.360,1.030
131,25.700,29.700,1.500,3.770
132,25.780,30.710,1.360,4.850
133,26.420,29.730,1.410,3.680
134,26.360,27.890,1.120,42.160
135,25.780,29.550,0.970,7.890
136,26.190,29.830,0.820,2.050
137,26.140,31.300,1.070,0.670
138,25.820,29.500,1.210,2.400
139,25.990,30.320,1.160,8.750
140,25.890,29.320,0.870,5.180
141,25.810,28.640,0.700,2.200
142,25.860,30.580,0.910,2.670
143,25.880,28.330,0.850,1.560
144,25.670,30.750,0.720,0.240
145,25.630,30.270,0.890,10.220
146,25.870,29.480,1.300,4.830
147,25.700,29.200,1.280,1.130
148,25.940,29.560,1.330,0.640
149,26.050,29.100,1.390,0.180
150,25.970,29.360,1.270,3.120
151,26.170,29.380,1.270,0.910
152,26.100,29.790,1.110,0.970
153,26.330,30.060,0.950,3.410
154,25.970,29.030,0.940,2.910
155,26.040,30.120,0.840,1.270
156,25.810,29.520,1.200,0.570
157,25.720,29.220,1.050,5.580
158,25.700,31.190,1.110,3.280
159,25.900,30.120,1.040,8.520
160,25.980,30.770,0.890,15.430
161,26.430,31.220,0.870,24.930
162,25.880,30.900,0.950,14.810
163,25.830,30.950,0.630,2.400
164,25.770,29.630,1.190,1.340
165,25.740,30.370,1.050,1.560
166,26.220,31.790,0.790,9.560
167,25.670,27.750,1.050,9.210
168,26.040,28.850,1.360,8.890
169,25.630,28.990,1.160,5.300
170,25.860,30.140,1.370,3.140
171,26.300,28.500,1.200,0.990
172,25.510,30.490,0.820,4.470
173,25.960,28.800,1.960,2.510
174,25.390,29.970,1.140,0.020
175,26.030,28.550,1.420,3.940
176,25.150,29.990,0.890,0.660
177,26.530,31.570,0.550,3.010
178,25.900,30.580,0.900,1.100
179,26.340,29.640,0.750,2.240
180,26.150,29.820,1.030,5.980
181,26.280,29.040,1.200,28.270
182,25.740,29.640,1.200,4.340
183,25.730,28.920,1.280,0.190
184,25.770,29.720,1.170,0.210
185,25.850,28.510,1.010,0.600
186,25.720,30.380,0.970,0.010
187,26.140,29.510,1.010,0.000
188,25.950,29.510,1.010,0.000
189,25.980,29.490,1.120,0.070
190,25.640,29.810,1.300,3.430
191,25.940,29.560,1.340,2.330
192,25.850,29.120,1.430,6.960
193,25.680,28.440,1.240,2.510
194,25.350,29.470,0.950,2.430
195,25.390,27.990,1.430,1.000
196,25.030,29.290,1.320,0.660
197,25.700,28.650,1.230,1.570
198,25.410,28.700,1.160,8.100
199,25.730,28.200,1.280,15.950
200,25.310,29.770,1.630,2.670
201,25.660,29.000,1.320,6.460
202,25.600,29.790,1.290,4.740
203,26.060,29.560,1.280,1.210
204,25.790,28.060,1.330,5.160
205,25.360,28.930,1.250,2.180
206,25.370,29.660,0.850,1.390
207,25.350,29.860,0.750,14.670
208,25.320,29.920,0.540,19.590
209,24.660,26.820,1.010,24.720
210,24.920,28.600,0.650,3.560
211,24.330,28.880,0.810,0.200
212,24.750,29.440,1.060,0.610
213,24.860,27.930,1.180,10.420
214,24.550,28.110,0.950,15.370
215,25.060,28.830,0.840,11.570
216,25.350,27.350,0.990,6.990
217,24.880,28.110,1.220,5.820
218,24.900,29.260,1.030,3.550
219,25.100,28.500,1.120,0.910
220,25.290,28.830,0.860,5.290
221,25.440,29.350,0.810,1.770
222,24.980,29.680,1.170,0.040
223,25.130,30.080,1.590,0.140
224,24.990,30.300,1.340,0.020
225,25.300,29.900,1.240,1.780
226,25.480,29.440,1.470,5.800
227,25.150,28.430,1.500,7.010
228,25.320,28.360,1.580,0.050
229,25.620,27.790,1.370,4.030
230,25.240,31.370,0.850,0.740
231,25.580,28.220,1.110,0.530
232,25.500,27.510,1.000,5.890
233,24.910,28.820,1.170,11.040
234,25.110,28.510,1.210,19.910
235,24.760,28.870,1.190,5.060
236,25.250,29.020,1.230,4.290
237,25.030,30.690,1.170,9.430
238,24.870,28.020,1.250,25.480
239,24.810,28.330,1.190,19.560
240,24.710,28.300,1.300,11.730
241,24.760,28.940,1.440,3.080
242,25.120,29.080,1.060,10.510
243,25.020,29.570,0.680,4.930
244,25.480,30.250,0.680,5.110
245,25.290,28.660,0.820,13.550
246,24.650,28.690,1.310,1.850
247,25.090,29.120,1.660,5.760
248,24.610,28.800,1.690,0.840
249,25.100,29.500,1.680,2.120
250,25.250,29.350,1.390,3.350
251,24.600,27.430,1.370,11.560
252,24.390,28.340,1.230,3.050
253,24.450,30.210,1.170,0.000
254,24.840,29.070,1.700,0.950
255,25.280,29.970,1.240,33.910
256,24.630,27.000,1.180,18.000
257,25.260,29.500,0.680,2.720
258,25.350,28.370,1.090,5.230
259,24.990,28.470,1.340,13.570
260,24.970,28.740,1.050,8.120
261,25.220,29.240,0.840,2.880
262,25.470,29.860,0.640,4.810
263,25.320,28.800,1.200,9.060
264,25.010,27.590,1.010,4.680
265,25.030,27.720,1.430,1.240
266,24.770,29.220,1.360,0.070
267,25.090,29.040,1.310,0.330
268,25.350,28.520,1.500,0.380
269,24.840,28.080,1.500,0.010
270,25.060,29.520,1.190,0.640
271,24.960,29.590,0.910,2.460
272,25.190,30.260,0.900,2.290
273,25.270,29.160,1.110,6.890
274,25.300,28.710,0.950,10.350
275,25.330,28.850,0.970,2.150
276,24.760,30.190,1.570,0.260
277,24.980,30.300,1.150,0.000
278,25.690,30.100,0.710,16.380
279,25.280,27.530,1.180,21.580
280,24.890,29.860,1.110,0.260
281,25.240,30.070,1.550,0.290
282,24.980,30.230,1.520,4.990
283,25.640,30.070,1.550,4.490
284,25.650,29.860,1.320,6.490
285,25.750,29.870,0.860,10.630
286,25.300,31.970,0.600,15.880
287,25.000,29.560,0.510,4.320
288,25.560,31.050,0.690,7.160
289,25.170,30.330,0.860,6.340
290,25.150,29.690,0.700,5.700
291,25.220,30.530,0.760,18.680
292,25.270,29.650,0.910,8.270
293,25.310,29.750,0.680,13.550
294,24.660,30.510,0.780,5.090
295,24.920,29.740,0.790,2.230
296,24.870,30.670,0.640,1.520
297,25.050,27.850,0.920,9.200
298,25.350,29.820,0.690,17.330
299,25.370,27.700,0.680,29.160
300,24.920,27.010,1.390,61.600
301,24.950,28.100,1.420,31.110
302,24.910,26.920,1.180,14.480
303,24.330,28.560,0.810,2.960
304,24.590,29.360,0.860,19.910
305,24.950,29.280,0.900,7.060
306,25.360,28.050,1.230,8.180
307,24.950,27.670,1.280,6.100
308,24.620,28.820,0.970,8.930
309,24.770,28.510,0.870,9.420
310,25.620,28.680,0.790,1.040
311,25.130,29.390,0.970,2.820
312,24.830,28.320,1.460,6.000
313,24.820,27.750,1.810,5.740
314,25.150,27.250,1.410,4.680
315,24.760,27.680,1.330,4.610
316,24.730,28.640,1.090,8.720
317,25.150,28.130,0.880,18.040
318,24.720,27.760,1.090,14.850
319,24.610,28.690,0.930,3.540
320,24.740,29.180,1.170,7.450
321,24.870,27.970,1.170,11.780
322,24.800,30.060,1.070,3.090
323,24.720,30.410,1.100,6.170
324,24.860,30.180,1.110,28.330
325,25.060,29.250,0.840,20.420
326,25.210,28.920,0.510,0.820
327,25.770,30.110,0.500,3.550
328,24.820,29.080,1.150,10.330
329,24.980,27.370,1.500,7.810
330,24.740,26.810,1.300,5.940
331,24.250,27.920,1.300,1.350
332,24.920,28.320,1.570,0.010
333,25.240,28.460,1.520,0.000
334,25.330,29.700,1.240,1.710
335,25.080,29.670,0.890,2.240
336,25.200,28.390,1.200,3.550
337,24.680,30.070,0.980,10.360
338,24.310,27.990,1.650,6.460
339,23.720,28.670,2.070,1.100
340,22.900,28.470,1.920,0.020
341,22.170,28.830,1.710,0.040
342,22.240,28.950,1.870,0.020
343,22.440,29.270,1.700,0.060
344,23.050,28.840,1.320,12.070
345,24.410,26.660,1.390,28.340
346,24.250,27.630,1.100,9.570
347,24.510,27.970,1.460,5.270
348,24.580,27.640,1.330,14.220
349,24.500,27.360,1.240,33.560
350,24.170,28.590,1.010,9.500
351,24.660,28.280,1.200,3.730
352,24.470,28.290,0.980,1.290
353,24.320,29.060,0.970,19.930
354,24.690,27.220,1.030,6.290
355,24.760,28.220,0.850,3.050
356,24.490,27.110,1.480,5.480
357,24.190,28.260,1.210,1.920
358,24.280,28.630,1.210,0.360
359,23.900,29.180,1.220,12.200
360,23.850,28.410,1.120,3.480
361,24.060,28.500,1.090,1.100
362,24.380,28.900,0.810,4.490
363,24.840,29.020,1.140,7.290
364,23.740,29.720,1.150,3.440
365,24.310,26.940,0.650,8.320
1,23.850,28.480,0.990,6.890
2,24.590,28.550,1.510,2.560
3,24.510,28.320,1.300,1.830
4,24.010,29.060,1.020,2.360
5,23.510,29.840,1.170,0.380
6,24.490,28.590,1.420,0.450
7,23.770,28.330,1.360,11.630
8,23.860,27.730,1.480,6.140
9,23.970,27.100,1.370,1.150
10,23.820,28.750,1.300,22.170
11,23.600,29.060,1.090,13.350
12,23.830,28.250,1.130,7.860
13,24.020,28.620,1.130,6.110
14,24.130,28.530,0.970,3.330
15,24.310,29.330,0.750,10.750
16,24.090,29.270,1.290,5.410
17,24.190,29.150,0.880,1.650
18,24.830,29.230,0.780,2.520
19,24.620,29.120,0.750,1.230
20,24.460,29.330,0.890,5.500
21,22.530,29.930,1.230,1.300
22,23.850,29.640,1.270,6.600
23,24.280,28.880,1.450,6.310
24,23.790,29.020,1.160,1.010
25,23.900,29.000,1.140,0.190
26,23.810,29.600,1.270,11.240
27,24.140,29.860,1.400,3.230
28,23.710,30.210,1.440,0.980
29,23.980,30.450,1.220,0.940
30,24.100,30.590,1.240,6.300
31,24.270,30.110,1.330,2.640
32,24.050,29.680,1.270,4.540
33,24.490,29.790,1.280,6.930
34,23.980,30.390,1.180,2.860
35,24.590,27.970,1.200,17.670
36,24.120,30.370,1.210,9.300
37,24.210,29.000,1.210,6.430
38,24.650,27.740,1.090,14.320
39,24.370,29.060,0.850,12.830
40,24.220,28.120,1.260,2.140
41,24.240,28.240,1.310,0.330
42,23.950,30.310,1.310,0.080
43,23.360,29.760,1.500,0.070
44,23.430,29.880,1.230,0.390
45,23.580,29.200,1.510,0.160
46,23.010,29.200,1.500,0.020
47,22.420,29.200,1.600,0.000
48,22.720,29.260,1.450,0.000
49,22.690,29.080,1.520,0.000
50,23.330,29.480,1.500,0.350
51,23.490,28.630,1.760,0.050
52,22.890,29.510,1.260,2.710
53,23.040,29.160,1.380,2.270
54,22.880,29.420,1.630,0.000
55,22.660,29.510,1.540,0.000
56,22.950,29.540,1.460,0.340
57,22.750,29.660,1.240,0.860
58,23.420,29.310,1.150,0.530
59,22.750,30.050,1.240,0.000
60,23.820,29.220,0.640,0.090
61,24.750,29.230,0.840,21.480
62,24.900,29.090,0.860,18.140
63,24.490,29.450,1.060,12.710
64,23.650,28.920,1.330,17.980
65,24.380,27.580,0.890,7.050
66,24.120,26.540,0.850,21.180
67,23.990,28.860,1.290,13.030
68,23.960,27.420,1.320,4.660
69,23.480,27.930,1.050,2.540
70,23.870,28.500,1.500,5.490
71,23.860,27.290,1.210,15.730
72,23.960,28.100,1.160,14.710
73,24.100,29.430,1.110,4.010
74,24.000,29.780,1.330,2.780
75,23.940,29.820,1.340,11.650
76,24.040,28.410,1.300,20.220
77,24.110,27.460,1.260,20.390
78,24.250,28.240,1.280,13.650
79,24.120,30.290,0.980,8.360
80,24.230,29.070,1.430,5.990
81,24.360,29.490,1.220,2.170
82,24.060,30.290,1.190,6.000
83,24.500,30.080,0.990,11.470
84,25.030,31.060,0.740,36.670
85,25.200,29.950,0.880,9.210
86,24.660,30.670,0.800,7.690
87,24.860,28.420,0.770,13.550
88,25.030,29.820,0.760,6.860
89,24.860,27.720,0.680,11.290
90,24.730,28.840,0.980,26.170
91,24.780,30.250,0.940,15.750
92,25.010,30.050,0.860,1.330
93,24.770,29.260,1.200,0.090
94,25.260,29.350,1.100,0.110
95,25.440,29.920,0.900,3.260
96,24.870,28.360,0.870,0.600
97,25.200,28.460,0.600,6.520
98,25.000,31.170,0.600,5.030
99,24.350,29.560,1.000,16.320
100,24.860,29.690,0.820,5.560
101,25.180,30.900,0.610,13.360
102,24.850,29.480,1.090,14.070
103,25.460,30.510,0.590,4.770
104,25.270,29.250,0.830,21.730
105,25.070,30.510,1.060,4.870
106,25.800,31.790,0.500,6.220
107,25.980,28.520,0.920,2.190
108,25.970,30.510,0.600,9.430
109,25.240,28.560,0.680,5.350
110,25.200,29.740,0.850,2.170
111,24.460,31.230,0.850,3.060
112,25.850,30.630,0.860,1.760
113,25.930,29.080,0.940,0.800
114,25.490,30.610,0.810,5.070
115,25.920,27.710,1.180,2.400
116,25.480,29.650,0.950,4.200
117,25.720,30.200,1.130,5.960
118,25.950,29.200,1.360,23.220
119,25.300,29.250,1.370,22.570
120,25.590,27.610,1.010,17.630
121,25.410,29.630,0.660,0.990
122,26.090,29.710,0.770,0.670
123,25.920,29.770,1.160,0.370
124,26.160,29.330,1.080,11.910
125,26.070,28.900,0.730,8.160
126,25.620,31.330,0.950,2.870
127,25.970,29.600,0.950,0.760
128,26.060,29.140,1.060,0.150
129,25.780,30.220,1.180,1.070
130,26.270,31.610,1.090,0.980
131,26.280,30.900,1.120,2.130
132,25.650,33.020,1.110,3.220
133,25.770,28.230,0.790,9.160
134,25.700,29.510,0.770,3.090
135,25.530,29.170,0.940,1.930
136,25.420,28.850,1.230,1.450
137,25.700,28.260,1.220,0.240
138,25.450,29.670,1.410,0.460
139,25.910,29.090,1.160,6.700
140,25.990,28.000,0.970,7.150
141,25.570,29.410,1.170,0.170
142,25.830,29.830,1.250,0.000
143,26.100,30.140,1.310,0.010
144,25.850,29.380,1.600,2.000
145,25.960,29.620,1.330,0.910
146,26.110,29.590,1.120,0.770
147,26.130,29.390,1.280,1.040
148,25.990,29.930,1.580,1.410
149,25.610,30.260,1.430,0.830
150,25.840,29.590,1.310,2.910
151,25.680,29.800,0.930,17.590
152,25.840,30.450,0.990,17.910
153,25.790,30.070,1.580,16.310
154,25.390,29.330,1.670,8.000
155,25.400,28.830,1.420,5.460
156,25.300,28.250,1.410,21.910
157,25.130,30.160,1.190,3.170
158,25.080,29.400,1.440,4.490
159,25.530,29.670,1.230,10.240
160,25.570,30.530,1.030,23.220
161,25.120,30.920,0.730,7.120
162,25.460,32.180,0.480,4.090
163,25.320,31.100,1.130,3.450
164,25.670,30.620,1.090,26.070
165,25.510,28.860,0.790,7.560
166,26.060,28.990,1.010,0.090
167,25.780,28.120,1.270,11.700
168,25.500,28.920,1.030,18.490
169,25.350,28.130,1.250,4.570
170,25.530,29.480,1.190,0.000
171,25.800,29.040,1.320,0.000
172,25.770,28.820,1.140,4.960
173,25.950,28.850,1.430,4.210
174,25.850,31.520,1.290,0.510
175,25.740,28.190,1.300,2.590
176,25.700,30.900,0.710,3.690
177,26.190,30.210,0.850,2.960
178,25.760,28.970,1.030,10.420
179,25.560,27.040,1.130,11.600
180,25.040,28.680,1.070,0.550
181,25.280,29.130,1.440,3.860
182,25.370,28.590,1.410,0.910
183,25.590,28.660,1.290,0.170
184,25.230,28.770,1.100,0.330
185,25.370,29.310,1.240,0.040
186,25.810,28.990,1.020,12.760
187,25.550,31.120,0.840,31.910
188,25.290,28.050,1.160,11.270
189,24.890,28.670,1.340,0.430
190,25.400,27.750,1.100,29.240
191,25.130,28.550,1.260,2.090
192,24.870,29.590,1.690,0.430
193,25.250,29.490,1.560,0.290
194,25.540,28.670,1.680,4.270
195,25.350,27.830,1.570,6.840
196,25.070,28.410,1.280,1.430
197,25.340,28.810,1.380,16.440
198,24.630,29.430,1.150,2.990
199,24.980,29.200,1.390,0.270
200,25.460,28.780,1.560,2.990
201,25.500,27.940,1.370,11.240
202,25.040,27.480,1.450,4.360
203,24.780,29.030,1.520,3.070
204,25.160,28.650,1.520,13.670
205,25.070,28.630,1.470,13.040
206,25.010,27.630,1.470,27.390
207,25.030,29.700,1.440,9.160
208,25.210,28.330,1.110,2.520
209,24.980,28.040,1.230,2.290
210,25.050,27.980,1.000,3.440
211,24.650,28.390,1.270,10.600
212,24.610,28.920,1.010,12.340
213,24.220,27.670,1.330,4.630
214,23.820,27.370,1.010,0.600
215,25.070,29.850,1.090,0.000
216,24.860,29.500,1.340,0.000
217,24.970,29.460,1.620,0.000
218,24.910,30.280,1.610,0.000
219,25.120,29.850,1.590,0.000
220,25.270,30.000,1.510,0.000
221,25.220,29.350,1.610,19.490
222,25.280,29.300,1.640,8.440
223,25.180,30.100,1.780,1.310
224,25.120,29.500,1.720,0.550
225,25.300,27.550,1.290,49.770
226,24.990,28.130,1.620,8.030
227,24.960,29.290,1.480,1.310
228,25.290,28.780,1.620,1.230
229,24.970,28.600,1.540,3.520
230,25.330,28.100,1.540,4.370
231,25.280,30.230,1.090,0.110
232,24.910,29.590,1.400,1.070
233,25.230,29.340,1.480,1.770
234,25.410,28.960,1.500,1.000
235,25.060,29.070,1.500,0.300
236,25.170,28.640,1.000,3.720
237,25.360,30.900,1.000,1.190
238,25.160,28.740,1.310,0.670
239,25.310,30.460,0.900,19.580
240,25.450,29.050,0.760,12.800
241,25.090,28.790,0.930,8.950
242,24.710,29.000,1.320,16.150
243,24.830,29.180,0.970,8.680
244,24.570,30.670,1.040,6.330
245,25.650,30.760,0.630,29.520
246,25.140,28.440,0.980,19.190
247,24.980,27.350,1.260,8.420
248,25.360,31.020,0.690,3.730
249,25.440,29.540,0.930,2.280
250,25.380,28.070,1.320,6.490
251,25.150,30.030,1.230,1.980
252,25.030,28.350,1.240,3.500
253,24.810,30.200,0.950,19.840
254,25.010,28.850,0.660,17.230
255,24.710,28.070,1.350,11.760
256,24.190,29.380,1.320,1.990
257,24.830,28.710,1.670,0.680
258,24.780,28.540,1.460,1.460
259,25.000,28.200,1.190,1.680
260,24.970,27.880,1.580,2.770
261,25.220,29.260,1.340,13.890
262,24.990,29.640,0.860,19.070
263,25.550,30.520,0.870,1.700
264,25.000,29.780,1.150,2.040
265,25.050,29.090,0.980,0.550
266,25.100,28.620,1.240,0.150
267,25.330,29.190,1.410,0.190
268,25.250,29.830,1.490,0.100
269,24.760,29.920,1.180,0.000
270,25.560,29.170,1.110,10.550
271,24.890,29.380,1.350,2.000
272,25.390,29.960,1.090,4.320
273,25.320,28.180,1.200,3.190
274,25.750,30.030,0.870,1.190
275,25.190,28.200,1.520,6.570
276,24.950,30.190,1.120,0.370
277,25.480,29.490,1.150,1.300
278,25.880,29.710,0.850,5.750
279,25.040,28.440,1.420,23.780
280,24.250,27.600,1.420,7.070
281,24.930,30.280,0.960,0.170
282,25.230,29.480,0.980,49.870
283,25.330,29.060,0.690,26.570
284,26.100,30.080,0.830,3.810
285,25.710,29.190,0.790,3.880
286,25.050,28.360,0.870,3.500
287,24.480,30.070,0.860,0.810
288,24.890,30.580,0.930,2.120
289,24.740,31.260,0.750,8.960
290,25.680,30.850,0.900,13.860
291,26.490,30.000,0.850,5.460
292,25.120,30.830,0.880,2.110
293,26.030,30.780,0.900,4.710
294,25.500,30.010,1.450,21.120
295,25.470,31.190,0.670,17.220
296,25.470,31.020,0.610,8.290
297,26.000,29.330,0.760,3.880
298,25.450,30.240,0.990,13.610
299,25.690,30.030,0.840,10.290
300,25.330,30.110,0.940,6.700
301,25.300,28.990,1.860,5.990
302,25.380,28.120,1.580,3.840
303,24.960,27.330,1.230,3.360
304,24.670,28.830,1.090,0.110
305,25.230,31.470,0.600,0.030
306,25.540,30.830,0.650,0.480
307,26.070,30.260,0.890,0.220
308,25.650,30.110,1.350,1.700
309,25.250,28.390,1.370,1.030
310,25.590,29.850,1.050,20.310
311,25.430,30.510,1.040,10.100
312,25.870,28.780,1.640,15.020
313,25.250,30.010,1.020,10.940
314,25.780,30.840,0.710,11.480
315,25.450,30.690,1.080,11.400
316,25.420,28.680,1.520,2.620
317,25.280,29.640,1.620,2.530
318,25.600,29.160,1.510,2.460
319,25.130,28.990,1.100,7.860
320,25.520,28.410,0.920,8.610
321,25.030,29.980,0.820,1.040
322,24.700,29.870,0.960,3.560
323,25.480,28.530,1.080,9.400
324,24.950,29.870,1.480,13.890
325,25.220,29.340,0.740,9.840
326,25.670,30.260,0.660,8.070
327,25.490,28.290,0.890,9.120
328,25.290,29.450,0.930,3.030
329,25.190,28.810,1.010,28.530
330,24.860,29.640,0.880,26.810
331,24.870,28.080,0.750,2.330
332,24.910,27.820,0.860,3.290
333,25.420,28.910,1.320,7.260
334,25.670,27.830,1.640,5.100
335,25.740,28.710,1.270,3.890
336,25.270,28.870,1.490,30.950
337,24.870,28.040,1.140,19.430
338,24.480,29.570,1.200,9.450
339,25.080,28.830,1.250,5.950
340,25.250,30.000,0.920,0.760
341,25.560,29.810,0.590,0.620
342,25.060,28.690,0.990,8.430
343,25.390,27.860,1.010,5.020
344,25.210,29.340,1.180,8.360
345,24.430,29.440,1.330,15.150
346,25.270,27.560,1.120,7.810
347,24.890,28.870,1.020,50.320
348,24.450,26.010,1.530,31.880
349,23.870,29.270,1.260,3.880
350,23.750,29.790,1.160,1.470
351,24.210,29.580,1.060,11.850
352,23.900,27.590,1.100,6.300
353,24.860,27.930,1.150,11.950
354,24.490,28.320,1.050,11.400
355,23.910,29.400,1.210,0.690
356,24.400,28.460,1.540,0.240
357,23.840,28.890,1.600,0.020
358,23.070,29.310,1.550,0.180
359,23.080,29.620,1.370,0.060
360,23.350,29.320,1.610,0.010
361,23.270,29.040,1.610,0.860
362,24.060,27.710,1.290,1.510
363,23.740,29.690,1.510,1.170
364,23.930,26.550,1.420,4.140
365,23.970,26.040,1.240,11.720
1,24.170,26.980,1.080,6.590
2,24.320,28.940,1.290,2.460
3,24.490,28.790,1.660,4.320
4,24.540,26.900,1.990,1.740
5,24.190,28.860,1.590,2.350
6,24.960,28.200,1.630,0.820
