# Serdang, Selangor
# GPS: 3.0220, 101.7055 deg., Elev: 253.77 m, Station: 2 m
# 1985/1/1 - 2007/12/31
*doy,tmax,tmin,rain,wind
1,31.4,22,0,1.04
2,32.7,21.9,0,1.02
3,32.5,20.6,12.5,0.65
4,28.5,21,5.9,0.93
5,32.7,21.2,8.1,0.96
6,31.4,20.9,0,0.96
7,31,21,0,0.22
8,30.1,22,9.5,0.88
9,33.1,23.2,0,0.74
10,31.1,21.4,0,0.94
11,31.3,21.1,0,0.7
12,32,19.9,0,0.85
13,31.4,21,0,0.87
14,33.6,19.1,0,1.22
15,32.1,17.9,0,1.4
16,31.9,18.1,0,0.92
17,33.9,18.5,0,1.02
18,33.9,23,0,0.72
19,33.9,19.2,0,1.07
20,33.8,21,0,0.79
21,33.2,21,0,0.87
22,34.1,20.3,0,1.01
23,34.1,20.9,0,0.84
24,33.5,21.4,0.8,0.87
25,33.8,21.6,0,0.82
26,32.8,22.2,0.2,0.93
27,33.9,23,0,1.26
28,34.1,21.1,0,1.29
29,22.9,19.9,0,0.87
30,33.2,21.9,5.9,0.82
31,31.9,22.5,0,1.11
32,32.1,22,0.9,0.78
33,29.4,21.9,1.2,0.95
34,34,20.6,0,0.92
35,34.1,21.2,0,1.1
36,34.2,21.6,0,0.82
37,33.5,22.1,0.3,0.93
38,33,23.4,30.2,0.91
39,32.5,22.3,46.5,0.92
40,32.9,22.5,14.5,1.02
41,33,23,16.7,0.79
42,31.5,22.2,6,0.77
43,31.4,23.1,0,0.7
44,31.4,21.7,0,0.72
45,33,21.9,1.4,1.08
46,31.7,21.9,98.4,0.75
47,32.7,22.9,1.2,1.06
48,32.1,22.8,0,0.82
49,32.1,23.5,0,0.99
50,33.3,23.3,0,0.82
51,34.2,23,0,0.91
52,33.3,22.4,0,0.89
53,34.4,24,0,0.92
54,33.1,24.2,3.5,1.26
55,33.8,22.6,25.3,1.05
56,33.2,22.2,0,1.13
57,33.7,23,0,0.86
58,34.5,22.2,1.5,1.16
59,34.4,23.6,0.7,1.07
60,31.7,21.9,13.2,2.21
61,31.9,22,2,1.79
62,30.3,22.1,0,1.48
63,30,21.9,0,1.46
64,32.1,21.7,54.2,1.6
65,32.4,22,8.4,0.68
66,31.2,22.6,4.9,0.63
67,30.7,21.4,41.3,0.78
68,30.7,22.6,7.2,0.86
69,31.2,22.1,0,0.92
70,33.1,22,30.3,0.7
71,32.4,21.3,0,0.84
72,33.1,22,6.8,0.82
73,31,22.5,0,0.92
74,30.2,22.4,22.6,0.7
75,31,22.6,1,0.74
76,31.7,22.3,21,0.82
77,33.1,22.1,0,0.84
78,32.9,21.9,21,0.86
79,33,22,0,0.73
80,34,22.3,1.2,0.86
81,37.7,21.8,0,0.8
82,33.6,22,3,0.86
83,33.4,22.1,16.5,0.84
84,32.9,21.8,8.2,0.57
85,32.1,22.5,12,0.82
86,32,22.1,63,0.79
87,33.3,22.1,11.1,1.08
88,32.1,22.8,0,0.96
89,32.4,23.2,0.6,0.85
90,33.2,22.2,0,0.99
91,34.1,22,0,0.82
92,33.8,22.8,7,1.03
93,33.7,22.6,3.5,0.73
94,33.7,22,5,0.96
95,33.3,21.7,0,0.71
96,33.8,22,52.2,1.01
97,33.2,22.1,0,0.98
98,32.5,21.7,0,0.97
99,33.2,22.3,0,0.63
100,33.2,22.3,0,0.92
101,34.1,24.1,24.2,1.44
102,33.8,22.6,0,1.7
103,32.8,22.9,0,1.27
104,33.2,21.9,17,1.3
105,33,22.2,0,0.93
106,33.2,22.3,23,0.71
107,33.3,23.4,1.1,0.76
108,33.6,21.9,6.4,0.84
109,32.3,22.1,0,0.89
110,33.4,22.6,0,0.95
111,32.6,22,0,0.93
112,33.2,22.7,7.2,0.88
113,32.6,22.6,14.6,0.81
114,33.1,22.1,0,0.96
115,33,22.3,0,1
116,32.8,22.6,0,0.95
117,33.1,22.6,0,0.94
118,32.2,22.1,0,0.79
119,31.1,22,0,1
120,33.4,23.1,0,0.77
121,32.6,23.1,0,0.84
122,32.5,22.5,4.8,0.71
123,32.4,22.4,0,1.01
124,33.1,23,0,1
125,32.8,23,1.5,1.06
126,33,22.4,0,0.93
127,32.9,21.3,0,0.95
128,33.8,23.1,0,0.92
129,33.2,22.3,0,0.62
130,33,22.6,0,0.56
131,32.9,22.7,8,0.82
132,33.4,22.9,6.7,1.05
133,33.6,22.5,8.6,0.91
134,31.4,23.4,0,0.89
135,30.9,22.5,0,0.81
136,30.7,23,0.8,0.87
137,32.7,23,11.8,0.77
138,32.8,22.8,14.6,0.84
139,33.1,23,0,0.86
140,33,23,16.5,1.04
141,32.6,21.9,0,1.07
142,32.1,23,27.2,0.73
143,32.8,23,7.4,0.68
144,31.2,22.4,66.2,0.78
145,32.4,22.9,0,0.9
146,31.9,22.2,0,0.79
147,32.3,22.4,0,1.01
148,32.4,21.6,0,1.03
149,33.6,22.4,27.3,1.15
150,33.2,22.6,0,1.38
151,32.7,21.9,0,1.04
152,33.7,22,0,0.93
153,32.6,21.8,0,0.9
154,33.2,20.9,0,0.81
155,34.2,22.9,0,0.83
156,33,21.2,0,0.81
157,32.4,21,0,0.85
158,33.2,20.7,0,1.14
159,32.2,22.5,0,1.1
160,33,22.4,0,1.1
161,33.6,23,0,0.88
162,33.1,22.9,2.6,0.88
163,32.9,22.1,0,0.9
164,33.1,21.8,0,1.19
165,32.2,22.4,0,0.74
166,31.3,22.6,18.5,0.83
167,32,22.5,0,0.94
168,32.2,22.4,0,0.86
169,33,22.5,0,0.91
170,32.3,22.5,0,0.87
171,33.5,20.6,0,0.93
172,33.5,21.5,0,1.09
173,33.9,19,0,1.09
174,34.9,19.5,0,0.9
175,34.5,20,0,1.05
176,34.3,19.4,0,1.17
177,33.8,19.3,0,1.05
178,34,19.4,0,1.12
179,33.7,18.3,0,1.15
180,33.8,18.3,0,0.92
181,32.4,19,0,0.95
182,33.4,20.7,0,1.14
183,33.6,20.7,0,1.24
184,34.5,21.5,0,0.93
185,34,22.1,0,1.23
186,33.4,21.2,0,0.86
187,33.2,22.2,0,0.91
188,33.6,22,0,0.94
189,35.1,21.5,48.5,1.22
190,35.1,21.1,0,0.87
191,29.1,21.4,0,1.02
192,33.2,21.4,0,1.02
193,33.4,20.9,3.6,1.09
194,32.4,21.1,0,0.87
195,32.5,21.8,0,0.9
196,33.3,21.1,10.4,0.8
197,32.2,20.7,0,1.08
198,31.9,22.1,5.8,0.75
199,32.5,21.5,0,0.99
200,32.4,22.1,0,1.44
201,33.1,22.9,0,1
202,32.5,22.2,0,0.92
203,32.7,22.4,54.4,1.09
204,33,20.4,0,1.21
205,31.7,22.4,18.7,0.86
206,32,21.1,0,0.93
207,33.1,20.9,4.2,0.88
208,32,21.2,0,1.03
209,31.5,21,19.1,0.77
210,32.5,21.7,0,0.99
211,32.5,21.8,0,0.76
212,32.1,22,0,1.01
213,33.1,21.4,4.6,0.93
214,33.2,21.5,0,0.93
215,33.1,21.9,0,0.97
216,32.1,21.2,0,0.68
217,30.6,21.9,0,0.93
218,32.5,21.1,0,1.18
219,31.6,21,0,1
220,32.1,20.9,0.5,0.91
221,32,21.7,0.9,0.93
222,31.9,21.2,0,1.28
223,31.9,21.3,0,1.21
224,32,21.3,0,1.3
225,32.4,21,0,1.5
226,31.4,22,0,1.15
227,31.6,22.5,0,1
228,31.4,22.6,0,1.31
229,33.6,22.2,0,1.35
230,32,21.8,14.7,1.07
231,31.4,21,0.9,1.29
232,33,21.9,0,1.27
233,33.8,22.9,0,1.18
234,33.4,21.6,0,1.04
235,31.7,21.8,0,1.2
236,33.9,22.4,0,1.14
237,31.3,22,0,0.92
238,32.1,22,0,1.18
239,31.6,21.4,0,1.2
240,32.8,20.5,5.8,1.27
241,33.5,22.3,0,0.98
242,31.8,22,1.2,1.41
243,32.5,22,38.9,1.09
244,33,20.8,0,0.88
245,32.6,22,0,0.99
246,31.5,22.3,0,1.15
247,29.8,22,1.9,0.93
248,30.5,22,0,0.82
249,32.5,22,0,1.23
250,33.5,16.5,0,1.36
251,31.6,15.5,0,1.02
252,32.4,16.6,0,1
253,33.2,20.8,0,0.94
254,30.6,21,0,1.07
255,32,20.6,4,1.47
256,32.4,19.4,11.4,1.57
257,33.3,21.1,38.4,1.5
258,31.7,21.3,0,0.93
259,33,21.1,0,1.15
260,30,22.5,6.2,0.8
261,32,21.9,0,0.91
262,31.5,22.2,0,0.81
263,33.5,22.3,0,1.46
264,32.4,21.8,2.9,1.13
265,32.7,21.4,20.1,1.16
266,30.2,21.5,23.5,0.87
267,32,21.9,8.5,0.86
268,31.4,21.2,0,1.2
269,30.9,21.5,3.6,1.34
270,30.5,21.2,0,1.53
271,31.6,20.8,2.1,1.03
272,31.8,21,0,1.15
273,32,22,0,1.16
274,33,22.2,0,1.16
275,32.5,23,73.2,1.15
276,32.5,21,6.1,0.92
277,31.5,21.2,0,0.93
278,32.1,22.4,0,0.86
279,31.7,21.9,13.7,1.01
280,32.6,22.3,1.5,0.83
281,32.1,22.8,3.1,0.82
282,32,22.3,7.7,1.42
283,30.2,21.5,0,1.75
284,31.1,22,7.1,2.6
285,30.6,22.8,0,1.12
286,32.1,20.4,0,0.87
287,30.5,21.6,0,0.55
288,32.8,20.1,1.5,1.11
289,33.1,22.2,1.1,0.87
290,31.9,22,0,0.99
291,32.6,21.9,33.7,1
292,32.4,22.2,15.5,0.97
293,32.3,23.2,0,0.82
294,32.5,22.2,0,1
295,31.3,21.8,2.5,0.77
296,30.9,21.2,3.1,1.07
297,31,20.4,0,1
298,29.8,21,0,0.91
299,31.9,20.2,0,0.88
300,33.5,21.2,6.4,0.87
301,32.2,23.1,11.8,0.75
302,31.4,22.2,5,0.83
303,30.5,21.2,29.2,0.89
304,32,21.9,10.4,1.04
305,32.4,21.7,4.3,0.71
306,32.5,21.9,14.2,0.83
307,32.8,22,5.7,0.71
308,32.2,22.1,8.1,0.89
309,32.3,22,20.2,0.9
310,32.6,22.2,0.6,0.9
311,28.2,22.1,18.8,0.85
312,32.6,20,2.9,1.26
313,31.1,22,30.6,0.91
314,31.6,21,3.1,0.89
315,29.6,21.1,0,0.66
316,31.5,21.2,3.5,0.91
317,29.5,21.4,0.4,0.95
318,31.5,21,19.5,0.9
319,30.8,21,0,1.08
320,31,19.9,0,1.2
321,30.6,21,6.5,1.06
322,31.1,20.4,8.8,1.33
323,30.4,20,0,1.21
324,30.5,21,0,1.31
325,31.2,20.1,0,1.23
326,30.7,20.2,12.6,1.09
327,29.9,20,20.4,1.29
328,29.3,19.8,1.35,1.19
329,31.1,19.6,42.2,1.29
330,29.1,21.6,0.6,0.72
331,32.4,22,0,0.85
332,29.9,22.2,0,1.18
333,30.1,21.2,9.2,0.83
334,31.9,20.2,9,0.63
335,30.2,20.9,0,0.71
336,31.1,19.9,3.6,0.64
337,31.5,20.2,32.7,0.71
338,28,20.7,27.1,0.58
339,32.5,20,2.6,0.93
340,31.5,21.2,7.8,0.94
341,30.9,20.2,87,0.7
342,32,22.4,6.3,0.64
343,32.1,22.2,48.1,0.58
344,32.1,22,1.6,0.69
345,31.9,21.6,8.4,0.98
346,30,21.1,5.6,0.83
347,32.6,21.3,3.8,0.76
348,30,23.1,0.5,0.44
349,31.4,22.1,1.3,0.75
350,31.9,22.1,50.6,0.74
351,31.2,21.5,35.6,0.84
352,31.4,20.7,0.8,0.73
353,31.2,21.9,0,0.88
354,32.4,21.6,0,0.8
355,32.7,20.3,0,0.84
356,32.8,21.2,4.6,0.83
357,30,22.2,0,0.77
358,31.2,20,0,0.88
359,32.7,19.2,0,0.72
360,32.4,20.9,0,0.68
361,32.9,20.6,0,0.71
362,31.4,21.2,0,0.72
363,33.5,20.8,0,0.71
364,31.7,20.5,0.4,0.73
365,32,20.6,0,0.58
1,31,20.9,15.2,0.76
2,31,22.9,4.1,0.64
3,31.3,22.3,3.4,0.61
4,31.6,22.6,4.3,0.6
5,29.4,21.4,0,0.82
6,29.6,21.3,0,1.13
7,30,22.2,0,0.87
8,29.6,21.9,0,0.72
9,28,21.6,0,0.58
10,30.6,21,0,0.62
11,29.3,21.6,0,0.23
12,29.5,21.5,0,0.85
13,32.6,20.4,0,0.73
14,31.4,20.6,0,0.61
15,31.6,21.3,26.9,0.93
16,30.2,21.9,11.3,0.57
17,31.8,21.2,16.5,0.7
18,31.2,20.4,64.8,0.88
19,27.7,21,2.4,0.67
20,32.8,21.4,26.9,0.97
21,31.4,19.6,29.2,0.86
22,31.7,20.3,0,0.68
23,31.4,20.4,1.9,0.72
24,32.1,21,11.9,0.86
25,31.5,20.6,17.8,0.77
26,31.9,20.1,0,0.58
27,32,20.5,0,0.7
28,30.2,19.9,0,0.57
29,31.4,15.9,0,0.58
30,30,19.9,1.9,0.68
31,31,22.6,73.3,0.93
32,30.4,22,0,0.64
33,31,22.6,14.9,0.74
34,31.2,22.2,0,0.59
35,31.4,22,3.5,0.61
36,32.4,21.4,1.8,0.93
37,32.2,21.7,1.8,0.69
38,33.7,21.2,0,0.92
39,32,20.7,0,1.03
40,32.4,19.2,0,1.39
41,33.6,20,0,0.73
42,32.1,19.1,0,0.86
43,32.3,19.4,0,0.63
44,33.2,19.9,0,1.14
45,32.1,21.9,2.8,0.93
46,33.4,20.5,0,1.02
47,32.8,20.8,2.8,1.25
48,32.5,22.2,0,0.76
49,34,22.4,0,1.17
50,33.2,21.6,0,1.56
51,33.1,21.1,0,1.36
52,33.1,22,0.3,0.88
53,33.4,20.9,7.3,0.97
54,32.5,19.7,0,0.75
55,33,20.8,1.2,0.79
56,33.5,19.7,0,0.9
57,33.4,19.9,0,0.91
58,34.2,21.7,0,0.9
59,33.3,21.2,0,1.17
60,33.1,22.1,0,1.43
61,29.9,20.1,0.2,0.89
62,30.9,20.8,0,1.53
63,30.2,19.6,0,0.8
64,33.2,22.9,0,1.18
65,32.5,20.8,2.6,0.88
66,29.5,22,21.7,0.55
67,29.3,21.5,25,0.65
68,27.7,21,3.4,0.44
69,33,22.2,3.8,0.66
70,31.6,22.1,0,0.63
71,33.6,22,0.6,1.07
72,32.6,21.5,0,0.82
73,33.9,22.4,3.8,0.79
74,33,22.4,9.8,1.01
75,33.1,22.3,36.2,1.19
76,32.2,22.4,82.7,0.81
77,32.3,22.1,0.8,0.91
78,32.4,22.9,2,0.98
79,31.8,22.6,8.1,1.25
80,31.4,22.2,19.3,0.99
81,32.9,21.5,26.3,0.81
82,32.8,22.5,32.1,0.99
83,33.6,22.3,0,1.07
84,33.7,21,0,0.83
85,34,22.1,0,0.89
86,33.6,21.3,0,0.88
87,33.8,23.1,0.9,0.96
88,33.4,21.9,0,1.12
89,31.6,23.2,67.9,0.99
90,33.4,22.5,46.9,1.05
91,33.1,21.4,78.1,1.23
92,32.4,22.3,4.9,1.08
93,32.1,22.1,9,0.87
94,28.4,23.6,0,0.64
95,32.1,22.4,0,0.73
96,33.8,20.2,14.1,0.77
97,34.1,21.4,0,0.83
98,32.9,22.3,0,0.63
99,33.2,23.5,28.3,0.73
100,34.1,23.1,33.3,1.01
101,32.4,22.4,0,0.71
102,31.6,22.8,1.6,1.26
103,31.6,22.5,4.9,0.72
104,31.8,23,0,0.74
105,33.5,22.2,25.9,1.14
106,30.7,22.5,7.2,0.93
107,32.2,22.2,8,1.25
108,32,22.2,0,0.92
109,32.9,23.6,20.8,0.87
110,33.6,23.8,0,0.92
111,31.7,23.1,1.9,0.58
112,33.2,23,34.7,0.7
113,34,22.5,0,0.95
114,34.2,22.6,0,0.98
115,33.5,23.1,0,0.8
116,34.2,22.5,13.5,1.02
117,33,23.4,2.7,0.84
118,33.6,22.5,15.8,0.8
119,33.7,22.6,17.7,0.74
120,34.1,23.9,2.4,0.86
121,33.7,23.1,36.6,0.71
122,32,23.8,18.7,0.68
123,30.6,23.4,12.2,0.83
124,34.1,22.8,0,0.84
125,32.2,23.8,7.5,0.98
126,32.1,22.5,0,1.4
127,32.7,24.4,0,1.95
128,29.2,22.4,67.1,0.56
129,32.9,23.2,0,1.44
130,32.5,23.6,0,1.24
131,32.7,23.3,0,1.49
132,33,22.7,0,0.9
133,34,23.3,0,0.97
134,31,23.6,1.4,1.71
135,32.6,21.7,0,1.14
136,33.8,22.8,0,1.06
137,33.4,22.6,0,1.17
138,33,23.6,0,0.98
139,32.7,23.6,0,1.13
140,33.4,22.8,0,1.1
141,33.2,23,26,1.25
142,31.2,22.3,10.1,0.92
143,32,21.8,0,0.49
144,32.1,21.9,0,0.85
145,31.8,22,8.9,1.31
146,32.6,21.9,0,0.73
147,32.8,22.2,5.8,0.71
148,31.9,22.9,0,0.99
149,31.4,23,28.4,1.01
150,31.2,21.7,0,1.01
151,31.5,22.4,0,0.75
152,31.8,22.7,0,1.1
153,32.1,22.5,0,0.78
154,33,22.5,2,1.11
155,32.1,23.5,0,0.86
156,32.4,23.2,0,1.08
157,32.5,23,0,1.04
158,33.4,23,0,1.18
159,34,23.1,15.6,1.07
160,33,22.5,2.5,0.82
161,32.7,22.5,1,0.85
162,31,23.6,0.4,0.86
163,33,21.5,0,0.82
164,33,22,0,0.77
165,34,22,3.1,0.98
166,34,22.1,1.3,0.81
167,32.3,21.9,0,0.97
168,32.6,24,6.7,1.29
169,29.5,21.9,0.4,0.51
170,32,21.8,0,0.67
171,33.1,21.5,0,0.96
172,33,21.4,0,0.88
173,32.1,22.6,0,0.5
174,32.3,22.8,0,0.87
175,33.1,21.9,0,1.12
176,33.1,22.1,0,1.04
177,33,21.8,0,1.13
178,33.4,22,1.2,1.27
179,33,23,0,1.22
180,35.6,21.6,0,1.48
181,34.6,23.5,6.4,1.27
182,33.5,23.9,0,1.42
183,34.1,22.6,0,0.98
184,34.4,23.4,0,1.37
185,33,23.7,0,1.09
186,34.4,21.7,0,1.08
187,34.9,22.7,10.5,1.03
188,31.8,22.9,0,0.91
189,33.9,22.7,0,1.42
190,33.4,22.8,0,0.82
191,33,23.8,0,1.12
192,30.2,23,0,1.17
193,32.3,22.2,0,1.15
194,34.6,21.6,0,1.05
195,30.6,22.4,31.7,0.7
196,31,22.2,0,0.73
197,32.6,21.6,0,1.18
198,33.6,21.1,0,1.35
199,33.1,20.7,0,1.28
200,33.4,20.5,0,1.46
201,34,21,2.1,1.29
202,33,22.1,0,0.93
203,33.8,20.6,0,1.14
204,33.4,22.2,0,1.07
205,31.9,23,13.1,0.9
206,33,22.1,12.4,1.14
207,35.2,22.1,2.2,1.29
208,30.5,21.6,2.8,0.73
209,29.9,21.2,2.7,1.05
210,31.5,22,4.2,0.88
211,32.4,21.6,0,0.97
212,32.2,22,2,1.41
213,33.4,21.5,0,0.99
214,33,21.6,0,1.43
215,33.9,21.4,0,1.22
216,32.2,22,0,0.95
217,34.1,22.6,0,1.14
218,34,22,0,1.1
219,34,22.1,0,1.23
220,32.6,21.9,0,0.9
221,33.2,20.9,0,0.94
222,34.2,22.3,0,0.81
223,35,21.6,0,1.35
224,34.2,21,0,0.9
225,35.5,22.5,0,1.18
226,34.5,22.2,0,1.88
227,33.8,22,0,1.21
228,34.3,22.3,0,1.14
229,34,21.5,0,1.18
230,34.2,22,0.1,1.08
231,33.9,22.6,0,0.9
232,34.1,22.2,0,1.18
233,35.2,22.1,0,1.82
234,34,23.6,0,1.14
235,33.6,21.6,3.3,1.03
236,34.2,22.1,0,0.98
237,31.5,21.9,6.4,1.1
238,33.6,22,0,1.05
239,33,22.6,1.2,1.22
240,32.9,21.3,17.5,0.88
241,33.8,21.8,0,1.15
242,32.6,21.7,0.3,1.09
243,32.4,22,0,1.03
244,31.4,21.6,1.4,1.14
245,33.8,21.6,4.6,1.76
246,33,21,0,0.99
247,33.1,23,0,1.17
248,33,22.2,6.7,1.4
249,31,22.4,0,1.25
250,32.1,23.4,0,0.86
251,30.2,23.4,0,0.71
252,32.8,23.4,1.9,0.8
253,33.3,22.8,0,1.23
254,34.1,22.8,5.3,1.27
255,30.6,21.9,1.5,0.98
256,32.5,21.4,0,1.04
257,32.8,22,1.8,1.08
258,33.1,22,0,1.49
259,33.4,20.8,0,1.52
260,34.9,21.1,0,1.54
261,34.9,22.3,0,1.64
262,33.9,21.5,0,1.39
263,34.9,22.6,0,1.42
264,32.4,23.1,0.7,0.98
265,32.8,22.7,1.4,1.22
266,33,23.3,1.6,1.8
267,34.4,23.4,3.7,1.54
268,34.5,22.9,0.1,1.67
269,30.1,24,9.6,0.98
270,33.5,22.4,2.5,1.18
271,33.5,22.4,4.7,1.02
272,30.5,21.9,15.6,0.82
273,31,23.1,0,0.88
274,33,22.3,8.8,1.33
275,29.7,22.3,0,0.57
276,33,21.6,6.2,1.35
277,30.9,23,1.9,0.82
278,29.7,22.8,2.6,1.32
279,32,22.9,2.5,1.32
280,28.9,22.8,0,0.52
281,28.9,23.6,1.1,1.07
282,29.4,22.5,0,1.17
283,33,22.9,0.3,1.68
284,30.5,23.4,17.2,1.33
285,31.9,21.4,2,1.25
286,33.5,22.6,1.1,1.45
287,32,23,0.3,0.96
288,34.2,21.9,0,1.13
289,31.6,23.4,0,1.08
290,32.1,22.6,2.9,1.16
291,33.8,22.4,0,1.4
292,32.1,23.4,11.7,1.31
293,32.6,22.7,0,1.45
294,34.2,22.9,0,1.54
295,34.9,23.3,0,1.03
296,32.1,24,0.3,0.94
297,34.5,23,20.6,1.01
298,30.1,22.6,90.7,1.05
299,32.4,22,14.1,0.77
300,30,21,0.1,1.07
301,33,22.4,0.5,1.24
302,30.2,22.2,0.2,0.91
303,32.6,22.6,12.5,0.98
304,30.4,23.1,23.9,1.11
305,29.9,22.5,11,1.09
306,30.4,22.5,0,0.75
307,31.7,22.5,19.5,1.17
308,28.9,22.9,8.5,0.74
309,28.8,21.4,0,0.58
310,32,22,0,0.65
311,31.9,23.5,8.7,1.22
312,27.9,21.3,17,1.2
313,30,21.4,0,1.35
314,32.5,21.2,0,1.43
315,32.6,22.6,6.2,1.7
316,30.5,22.3,0,1.56
317,31.4,22,4,1.33
318,30.3,21.6,0,1.16
319,32.7,21.2,0,1.19
320,32.5,22.3,0,1.47
321,31.4,23.8,1.5,1.44
322,31.7,22,0,1.28
323,30,22.7,0,1.2
324,32.6,21.5,0.4,1.01
325,30.9,22.4,4.1,0.69
326,31.8,22.3,16,1.02
327,30,22.4,0,1.02
328,31.5,23.5,27.4,0.82
329,32.2,22.1,69.1,1.05
330,31.4,21.9,39.6,0.61
331,30.5,22,0.5,0.62
332,30.3,22.3,7.3,0.77
333,32.1,22.6,0,1.76
334,29.5,22.1,6.1,0.8
335,29.4,22.9,0,0.49
336,31.1,22.3,35.6,0.59
337,29.5,22.2,23.3,0.86
338,31.9,21.7,0,0.92
339,32.6,22,0,0.97
340,33.5,22.4,3.4,0.88
341,33.6,23,62.7,1.02
342,32.9,23.3,0.9,0.84
343,32,23.5,0.9,0.81
344,31.1,23.5,0.1,0.67
345,32.1,22.6,0.3,1.1
346,31.7,22.4,0,0.64
347,32.6,21.3,0,0.75
348,32.6,21,0,0.83
349,32.4,21.7,0,0.86
350,32.5,21.1,0,0.76
351,30.6,23.2,4.9,0.71
352,31.6,22.7,11.8,0.71
353,28,22.6,0,0.58
354,32.4,22.4,0,0.85
355,32.9,19.9,37.5,0.76
356,32,21.3,0,0.71
357,33.5,19.6,0,0.97
358,33,20.7,0,0.8
359,33.6,20.8,0,0.7
360,33.2,20.9,0,0.77
361,34.2,21.8,0.8,0.92
362,33.7,19.6,0,0.88
363,32.1,22.3,0,0.78
364,32.9,23.9,0,0.9
365,33.9,21.8,0,0.81
1,34.8,20.2,0,0.83
2,34,20.6,0,0.84
3,34.1,20.9,45.5,0.94
4,32.4,21.1,0,0.9
5,30.9,21.7,0,0.76
6,33.9,21.7,33.8,0.79
7,30.4,22.1,0,0.63
8,29.6,22.1,0,0.53
9,29.4,21.8,9.6,0.49
10,29.3,22.6,2,0.58
11,28.5,21.9,1.2,0.63
12,28.5,22.5,0,0.49
13,29.1,22.3,9.3,0.46
14,31.2,22,0,0.67
15,32.9,21.9,0,0.95
16,32.2,20.1,18,0.9
17,31.9,21.8,0,0.61
18,32,21.2,0,0.71
19,32.6,21.8,9.9,0.99
20,31.6,22.4,0,0.47
21,32.6,22.6,23.7,0.58
22,32.5,22.7,0,0.64
23,33,22.7,0,0.75
24,29.2,22.4,0,0.46
25,30.7,22.2,29.3,0.81
26,29.2,20.4,0.2,0.66
27,32.2,20,0,1.04
28,31.8,20.4,0,0.93
29,32.3,20.7,0,0.91
30,33.5,22.1,0,0.59
31,33.4,22,0,0.73
32,33.3,20.6,0,1.32
33,32.7,20.2,0,1.27
34,33,20.3,0,1.18
35,33.9,19.7,0,0.84
36,32.1,16.3,0,0.89
37,33.9,20.4,0,0.99
38,34.6,20.7,7,0.93
39,32.1,21.4,0,0.69
40,32.6,21.4,0,0.72
41,34,21.1,5.9,0.89
42,34.4,21.6,7,1.14
43,33.7,21.5,8.7,0.91
44,33.4,22.3,2.1,0.93
45,33.6,21,0,0.79
46,33.5,20.5,8.1,0.98
47,34.4,21.3,8.9,1
48,33.5,22.6,0,1.06
49,33,21.9,0,0.88
50,33.4,22.4,3.9,0.77
51,34.2,21.9,0,0.82
52,35.5,21.6,8.7,0.96
53,35.6,23.5,33.6,0.79
54,33.2,23,0,1.04
55,31.9,21.9,0,0.87
56,33.6,21.5,0,0.95
57,33.8,21.9,0,0.98
58,34.6,22.9,0,1.48
59,35,23.4,0.9,0.93
60,35.3,22,42.1,1.23
61,34.4,22.5,0,1.44
62,33.4,23.6,0,1.65
63,34.2,22.4,0,1.23
64,33.1,21.6,1,0.93
65,33.8,22.9,5,0.91
66,35,22.4,0.4,0.97
67,35.5,22.8,0,1.2
68,35.7,23,0.1,0.93
69,35.2,23.5,4.7,0.96
70,35.4,23,0,0.89
71,33.9,24.4,0,0.94
72,35,23.2,0,1.04
73,33.5,23.2,20.5,1.07
74,32.6,22.9,0.8,1.04
75,32.9,23.7,0,1.11
76,31.9,21.5,10.3,1.05
77,33.4,21.9,14.8,0.84
78,31.6,22.7,0.3,1.09
79,32.7,21.9,0,1.56
80,33.9,21.7,15.1,1.22
81,31.2,22,51.5,1.13
82,31.9,22.7,0,0.93
83,34.8,22.9,0,0.98
84,35.3,21.9,0,1.11
85,35.8,22.6,0,0.96
86,35.1,22.9,0,0.94
87,35,22.5,24.2,0.77
88,35.4,23.1,44.4,0.95
89,32.9,21.8,2.1,1.03
90,33,22.6,0.8,1
91,34.8,23,0,0.75
92,34.8,22.7,0,0.84
93,34.4,24.1,37.9,0.94
94,34.2,22.5,9.9,0.82
95,33,22.8,0,0.9
96,34.7,22.9,10.7,1.27
97,31.9,23,0,0.99
98,33.3,23.8,1.8,0.74
99,32,23.5,0,0.9
100,32.7,23.2,0,1.12
101,30.9,23.6,33.7,0.9
102,32.7,23,0,0.89
103,33.7,22.9,42.8,1.03
104,33.9,23.1,6.7,0.96
105,34.5,22.3,3,0.73
106,33.8,23.2,8.8,0.73
107,34.4,22.3,3.6,0.96
108,34.4,22.9,15.7,0.88
109,33.4,22.6,30.6,0.88
110,34.2,22.1,0,0.78
111,34.1,22,0,0.79
112,33.5,22.7,0,0.88
113,34.8,22.7,0,0.75
114,33.4,24.1,0,0.85
115,32.6,23.6,3.6,0.8
116,33.8,23.8,11.8,0.76
117,30.4,24,8.4,0.8
118,32.2,22.5,2.8,0.61
119,33.6,22.1,0,0.75
120,33.4,22.3,0,1.04
121,34,23,0.4,1.03
122,32,23.5,1.2,1.01
123,31.5,23,0,1
124,32.9,22,0,1.77
125,33.2,24.4,1.5,1.09
126,34,23.6,0,0.93
127,33.2,23.3,0,1
128,33,23.2,0,0.86
129,31.7,24,0,0.9
130,33,22.5,0.1,0.87
131,32,23.3,4.6,0.98
132,33.6,23.9,0,0.86
133,34.3,22.8,25.9,0.87
134,32.9,22.8,7.6,0.91
135,30.7,23.3,0,0.73
136,33.5,22.6,0,0.86
137,32.6,23.1,0,1.01
138,32.8,23.1,0,1.08
139,32.7,23,0,1
140,32.9,23,23.1,1.04
141,32.8,22.9,40.6,0.89
142,33.2,23.5,0,1.04
143,32.2,24.2,1.8,0.82
144,32.4,24,0,0.88
145,33.2,24,1.2,0.67
146,32.5,23.6,30,0.88
147,32.8,23,0,0.85
148,32.6,23.2,0,0.93
149,32.5,22.8,0,0.82
150,33,23.2,0,0.98
151,34.3,23,0,0.97
152,32.4,23,0,0.91
153,32.2,22.7,0,0.75
154,32.3,22.8,4.7,0.75
155,32.8,23,0,1.03
156,31.5,24.4,2.5,0.79
157,31.2,24.1,0,0.64
158,33.2,23.5,0,0.8
159,33.2,24.5,0,0.96
160,33.9,22.3,0,1.06
161,33.9,23.3,3,1.27
162,32.3,22.8,0,0.93
163,32.6,23.6,1.8,0.89
164,33.2,23.7,0,1.07
165,34.7,23.6,0,0.94
166,34.4,24,0,1.25
167,33.5,23.7,0,1.09
168,32.4,23.8,5.4,0.97
169,31,22.1,0,0.75
170,33,23.6,7.3,1.1
171,30.4,22,0.3,0.76
172,31.9,23,0.7,0.78
173,33.8,22.8,7.5,1.3
174,32.6,23.4,0,0.91
175,32.9,23.2,10,1.11
176,32.2,22.9,0,0.73
177,33.4,22.9,0,1
178,33,23.8,10.2,1.33
179,31.9,23.8,0,0.71
180,34,22,0,1.03
181,32.2,23,27.9,1.08
182,29,23,0,0.41
183,31.2,22.7,0,0.48
184,32.4,23,0,1.01
185,33,21.5,0,1.15
186,31.9,22.2,34,0.76
187,33.1,22.4,0,0.94
188,33.3,23,0.8,0.81
189,32.1,22.8,0,1.2
190,33.3,22.7,0,0.94
191,32.4,23.1,6.8,0.83
192,31.8,21.7,0,1.07
193,33,22.9,0,1.23
194,31.6,22.4,18.3,0.96
195,30.2,23.6,0,0.85
196,32.6,23.3,0,0.99
197,31.6,22.9,10.1,1.14
198,31.1,22.8,0,0.85
199,31.2,22.9,3,0.85
200,32.6,22.5,0,0.95
201,32.4,23.2,0,1.03
202,32.7,22.7,0,1.23
203,32.4,21.3,0,1.26
204,32.5,22.9,17.2,1.05
205,30.1,23,1.2,1.05
206,31.5,21.5,0,1.07
207,32.3,21.5,0.2,0.9
208,32.3,22.5,0,1.22
209,33,22.5,0,1.15
210,33.4,22,0,1.28
211,33.8,22.3,0,1.38
212,34.1,22.9,24,1.22
213,32.2,21.4,0,1.31
214,32.1,20.9,0,0.91
215,32.7,21.1,0,1
216,32.1,20.9,0,1.21
217,30.1,21.8,0,0.84
218,32,21.2,0,1.04
219,31.2,21.9,0,0.81
220,31.5,22.3,0,1.05
221,32,21.3,0,0.81
222,31.7,22,0,0.83
223,32.8,22,9.4,1.26
224,30.2,23,5.8,0.73
225,30.3,21.8,31.1,0.98
226,30.9,21.5,1.7,1.04
227,30.3,22,1.1,1.21
228,31.3,22.3,0,0.68
229,31.7,22.5,0,1.25
230,32.7,22.8,0.5,0.78
231,33.3,23,3.5,1.43
232,30.2,21.2,0,0.83
233,29.8,21.9,15,0.55
234,32.5,23,0,0.99
235,32.7,22.2,0,1.1
236,32.9,22.4,0,0.96
237,33.7,22,1,0.83
238,31.4,22.9,94.2,1.13
239,32.7,21.2,0,0.8
240,32.9,22.2,0,0.94
241,34.1,21.6,0,1.01
242,33.5,22.3,0,1.03
243,33.2,22.9,0,1.08
244,34.1,22.9,0,1.06
245,34.1,22.2,3.1,0.87
246,33,22.4,0,1.13
247,32.8,22.3,22.7,0.86
248,32,21.9,0,0.86
249,33,21.5,0.9,1.36
250,33,21.9,0,0.9
251,33.6,22.8,0,1.13
252,31.7,22.6,0,0.98
253,31.6,22.1,20.4,0.97
254,32,22.1,10.2,1.07
255,32.6,21.7,8.5,0.74
256,31.1,23.2,0,0.97
257,32.2,22.9,1.6,0.82
258,30.6,21.8,2.1,1.05
259,32,21.5,0,1.06
260,32.7,22.3,0,1.11
261,33.3,22.2,0.4,1.11
262,32.8,23.8,5.3,1.1
263,31.8,22.7,14.8,1.01
264,30.9,21.6,13.4,0.85
265,28.1,22.6,5,0.75
266,33.2,22.1,0.3,1
267,33.1,22.1,0,0.94
268,33.8,23.3,0,0.86
269,31.9,23,24.4,1.35
270,27,22.5,5.1,0.59
271,30.4,21.6,0,0.59
272,32,22.2,15.6,0.7
273,32.4,21.6,0,1.07
274,33.3,22.4,4.9,1
275,32,22.3,18.5,0.88
276,32.4,21.6,0,0.93
277,32.8,22.5,0,1.14
278,34,22.5,31.5,1.26
279,32.6,21.5,53.9,0.94
280,32.1,21.4,0,0.84
281,32.5,22.9,23.9,1.37
282,32.1,21.5,0,0.99
283,29.8,22.6,21.6,0.73
284,31.2,22,5.4,1.17
285,32.4,22.8,0,0.88
286,32.1,23.1,4.7,1
287,32.2,22.7,0,0.88
288,32.5,23.2,23.3,0.84
289,33.2,22.4,0,0.68
290,33,22.5,27.2,0.79
291,34.1,22.3,15,1.03
292,32.4,21.8,13.5,1.07
293,32.4,22.3,12.1,1.06
294,32.7,22.7,30,0.7
295,32.6,22.5,11.6,0.93
296,32.6,22.8,47.7,0.91
297,31.1,23,0,0.73
298,31.4,23.9,6,0.63
299,31.8,22.7,4.2,0.83
300,31.8,23.2,3.2,0.83
301,29.2,22.3,2.1,0.72
302,32.2,23.4,1.5,0.65
303,33.4,22.3,23,0.97
304,33.1,22.6,12.2,0.87
305,32.6,23,14.7,0.63
306,29.9,22.7,1.2,0.76
307,31.1,22.5,3.4,0.66
308,29.5,22.3,14.1,0.75
309,30.9,22.7,0,0.63
310,32.6,22.6,0,0.76
311,32,23.2,41.8,1
312,29.1,22.9,0,0.84
313,30,24.1,0,0.67
314,31.4,23.8,45.3,0.65
315,31,22.4,0,0.59
316,32.9,23.1,30.1,1.27
317,31.2,22.2,0.3,0.97
318,31.6,22.9,0,0.62
319,33.1,23.5,4.9,0.97
320,32,22.7,0,0.8
321,32.7,22.1,0,1.19
322,32.5,22.4,0.5,1.51
323,30.3,22.6,0,1.41
324,31.3,22.2,0,1.2
325,32.4,21.5,0.2,1.2
326,32.7,22.1,0,0.92
327,31.7,23.1,0,1.34
328,32.7,21.6,5,1.63
329,30.8,23,0,1.62
330,32,22,0.5,1.65
331,31.4,22.2,0,1.09
332,32.8,23.4,0,1.21
333,32.4,23.2,2.2,0.67
334,33.4,23.1,6.2,0.79
335,30.6,22.6,7.1,0.72
336,32.7,22.1,1.6,0.57
337,26,22.4,6.9,0.48
338,32.2,21.6,0,0.83
339,31.9,22.2,1.3,0.62
340,32,22.7,0.6,0.56
341,26.9,23.4,6.7,0.27
342,27.4,22.4,0.1,0.53
343,32,22.2,34.4,0.72
344,25.2,22.8,7,0.22
345,28,22.6,1.7,0.35
346,31.9,23,29.5,0.53
347,28.4,22.1,8,0.76
348,28.6,22.4,1.7,1
349,31.4,21.3,0,0.58
350,30.1,22.2,0,0.47
351,32.2,21.1,0,0.94
352,33.5,21,11.6,0.89
353,33.5,22.3,0,1.01
354,29.4,22.3,0,0.35
355,32.8,21.5,1.3,0.72
356,32.8,21.4,0,0.63
357,33,21.4,14.6,1.26
358,33,22,33,0.76
359,35.1,22.1,0,0.66
360,33.2,22.1,40.6,0.84
361,33,22.2,6,0.68
362,33,22.2,5,0.61
363,33.2,22.1,19.6,0.68
364,32.7,22.2,0.9,0.81
365,33.9,22.8,0,0.59
1,33.9,21.7,0.4,0.63
2,34.1,21.6,0,0.61
3,33.7,22.7,0,0.63
4,33,22.2,0.1,0.77
5,32.7,21.9,0,0.67
6,32.8,22.4,0,0.7
7,33.5,22.1,4.5,0.7
8,33,21.2,0,0.78
9,33.2,20.4,0,0.74
10,34.4,21.5,22.9,0.81
11,32.9,21.8,0,0.81
12,31.8,21,2.2,0.85
13,32.1,22.1,1,0.8
14,32.4,22.7,9.9,0.64
15,32.2,22.2,0,0.62
16,33.2,22.2,0,0.71
17,31.4,22.9,0,0.6
18,34.3,22.1,0,0.62
19,32,21.4,92.4,0.94
20,32.5,20.7,0,0.49
21,32.5,22,0,0.82
22,32.2,21.7,19.4,0.93
23,33.4,22.9,0,0.65
24,30.7,23.7,51,0.58
25,31.7,21.7,1.5,0.57
26,32,22.7,0,0.74
27,32.6,22.6,40,0.66
28,32,22.6,0.6,0.6
29,32.5,22,0,0.71
30,32.8,21.6,31.8,0.76
31,30.9,22,14.5,0.68
32,30.8,22.4,18.4,0.8
33,28.6,22.3,0,0.54
34,32.7,22.5,2.9,0.76
35,29.5,22.8,24.6,0.86
36,32,22.1,0,0.71
37,33.7,21.9,0,0.99
38,33.5,22.3,0,1.1
39,33,23.6,17,0.77
40,32.5,22.2,44.7,0.79
41,32.3,21.5,11.2,0.62
42,33.4,21.5,0,0.73
43,33.1,20.7,0,0.89
44,32.8,20.7,0,0.9
45,33.6,21.1,2.1,0.89
46,33.6,21.5,0.1,0.93
47,30.7,21.5,0,0.79
48,33.5,21,4,0.81
49,33.7,21.3,0,0.52
50,33.8,21.1,0,0.75
51,33.4,22.4,0,0.8
52,33.5,21.6,0,0.81
53,33.2,21.3,16.4,0.81
54,33.3,21.5,37,0.75
55,33.2,22.4,0,0.98
56,34.2,23.1,0,1.02
57,33.9,21.6,0,0.81
58,34.6,22.1,0,0.95
59,34.8,21.9,0,0.92
60,35.2,22.5,3.6,0.82
61,35.2,22.7,0,0.76
62,35.3,22.9,8.9,0.97
63,34.3,23.2,0.7,0.82
64,33.2,23.1,70.5,0.76
65,32.2,22.4,29.4,0.81
66,33.6,22.5,6.9,0.8
67,30.1,22.8,11.3,0.47
68,29.9,23.2,0,0.61
69,32.3,23,13.6,0.73
70,27,23.1,3.9,0.42
71,33.1,22.2,0,0.5
72,33.7,22.2,0,0.74
73,34.2,21.9,6.3,0.81
74,34.9,22.2,18.1,0.87
75,32.4,23.3,7.8,0.71
76,32.6,24,6.9,0.8
77,34.8,24,25.9,0.83
78,34.7,23.3,0,0.61
79,35.4,24,0.7,0.78
80,34.4,23.4,2,0.72
81,34.3,23.3,1.3,0.75
82,34,23.4,40,0.83
83,29.9,23.1,3.9,0.7
84,31.1,21.9,19.7,0.85
85,30.4,21.5,5.7,0.88
86,30.2,22.8,0,0.56
87,32.1,21.3,0,0.82
88,33.5,21.3,0,1.02
89,34.8,22.1,0.5,0.97
90,34.5,23.9,3.7,0.95
91,33.9,23,2.3,0.81
92,30.2,23.8,0.2,0.59
93,32.8,23.1,1.9,0.83
94,33.6,22.5,4.4,0.78
95,33.2,22.5,1.3,0.76
96,31.5,23,0,1.29
97,33.4,22.2,4.1,0.9
98,31.4,23,0,0.84
99,33.3,22.3,26,0.79
100,32.9,23.2,0,0.82
101,34,22.9,41.5,0.56
102,33.6,23.4,0.3,0.82
103,31.9,23.3,5.6,0.57
104,31.4,23.1,29.3,0.79
105,32,23.5,0,0.72
106,34.3,22.1,0,0.66
107,35,22.4,0,0.81
108,35.1,22.4,0,0.64
109,34.9,23.1,20.7,0.96
110,33.1,22.1,6.5,0.72
111,34.2,22.4,0.3,0.57
112,34.3,22.5,0,1.03
113,33.4,22.4,0,1.11
114,33.2,23.3,2,0.76
115,34.9,22.3,0,0.83
116,34.9,22.5,12.4,0.72
117,32.5,22.6,0,0.69
118,35.1,23.4,34.7,0.83
119,34.1,23.1,13.7,0.91
120,31.7,22.9,1.2,0.77
121,30.1,22.9,0.1,0.6
122,32,23.3,0.5,0.57
123,32.9,23,18.8,0.96
124,31,22.9,0.2,0.57
125,34.4,23.6,0,0.68
126,34,23.6,0,1
127,33.4,23.7,0,0.69
128,33.4,24.4,0,1
129,34.4,24.5,0.6,0.82
130,31.8,24.1,3.4,0.84
131,34.1,23.3,17,0.61
132,34.1,23.4,0.8,0.72
133,33.8,22.6,0.4,0.7
134,31.9,23.1,1.2,0.68
135,32.5,23.6,5.1,0.67
136,34,23.4,0,1.05
137,31.5,23.2,0,0.89
138,32.5,23.6,0.3,0.87
139,32.3,23.4,0,0.85
140,33.8,24,0,0.88
141,32.9,23,4,0.76
142,33.1,22.9,0,0.85
143,33.8,23.7,0,0.98
144,34.7,22.2,7.9,1.16
145,33,21.6,0.2,0.67
146,33.4,22.1,0,0.97
147,32.7,22.9,0,0.72
148,33.8,22.9,0,0.93
149,33.2,22.7,0,0.74
150,32.5,23,0,0.74
151,32.7,23.6,0,1.03
152,33.2,22.1,0,1.07
153,33.3,22.3,0,0.74
154,32.4,23.1,0,1.02
155,34.6,22,0,0.87
156,34,21.3,48.6,0.76
157,32.6,22.2,0,0.82
158,31.2,22.3,0,0.49
159,34,23,0.3,0.99
160,33.7,23.5,12.4,0.93
161,32.2,23,11.9,0.58
162,31.8,23.4,13.7,1.03
163,32.4,22.7,0,0.88
164,31.9,21.2,0,0.54
165,31.9,22.8,0,0.94
166,31.3,22.6,0,0.68
167,33.2,22.1,10.9,1.14
168,31,21.1,0,0.96
169,32.1,21.4,0,0.69
170,33,21.5,0,0.73
171,32.9,22.4,0,0.98
172,33,22.1,23,1.09
173,32.9,21.8,23.1,1.24
174,32.9,22.5,6.9,0.83
175,31.5,21.5,0,0.72
176,31.9,22.3,0,0.65
177,33.2,22.1,0,0.68
178,32.9,22.8,0,0.9
179,32,22.3,2.9,0.73
180,30.7,21.4,0,0.95
181,31.6,21.4,0,0.82
182,32.5,22.8,7.3,0.86
183,31.4,21.3,7.2,0.57
184,30.9,22.4,39,0.82
185,31,22.3,9,0.65
186,30.4,22.4,16.5,0.88
187,30.1,22.3,0,0.83
188,31.6,22.8,37.8,0.67
189,31.1,20.9,0,0.67
190,30.7,22,0.4,0.58
191,31.9,21.1,0,0.78
192,32.3,22.1,8.4,0.96
193,31,21.5,0,0.52
194,31.2,22.4,5.8,0.99
195,30.1,22.9,0,0.59
196,29.4,22.2,0,0.55
197,32.7,21.4,0,0.95
198,33.4,22.6,0,0.82
199,31.9,22.3,0,0.73
200,33.3,22.6,0,0.93
201,32.5,23,0,0.85
202,32.2,22,0,0.89
203,32.9,21.9,0,0.95
204,33.8,21.9,12.4,1.04
205,27.9,20.2,8,0.66
206,33,21.1,0,0.88
207,32.4,20.2,12.6,1.22
208,28.6,21.3,0,0.46
209,32.8,21.5,0,1.12
210,30.9,22.4,0,1.17
211,32.1,20.8,32.5,1.14
212,31.5,20.8,0,0.86
213,33.2,21.6,0,1.02
214,32.6,22.3,0,0.76
215,31.4,22.8,0,0.85
216,32.5,21.8,0.7,0.87
217,33.2,22.4,0,1.11
218,31.2,23.3,26.9,1.01
219,33.1,21.5,0,0.97
220,33.3,21.9,0,0.9
221,33.5,22.6,0,1.05
222,33.2,21.5,0,1.29
223,32.2,22.5,0.5,1.08
224,30.2,24.1,4.8,0.62
225,32,22.3,0,0.58
226,31.9,22.8,0.3,0.8
227,31.4,22.9,0,0.61
228,33.1,22.9,0,0.75
229,32.6,22.9,1.4,0.79
230,32.4,21.9,32.5,0.96
231,31.2,22.5,2.5,1.21
232,31.1,20.3,1.6,0.82
233,33,22,2.7,1.43
234,32.9,22.7,19,0.57
235,29.9,21,5.1,0.78
236,31,21.9,0,0.55
237,31.9,21.8,9.4,0.61
238,26.7,23.3,1.6,0.78
239,32.2,21.7,16.8,1.14
240,30.1,21.4,7.5,0.72
241,30.4,21.5,8.2,0.85
242,30.9,20.9,11.6,0.85
243,30.1,21.8,3.9,0.87
244,32.4,21.5,48.5,0.85
245,28.7,21.6,4.6,0.97
246,30.2,22.3,67.5,0.96
247,30,21.9,0,0.88
248,31.7,22.3,0,0.72
249,31.6,21.8,29.2,1.43
250,32.7,22.2,23,0.78
251,32.6,22,0,0.88
252,31.1,22.9,4.8,0.67
253,32.6,21.2,1.9,0.98
254,32.1,22.7,18.4,1.01
255,31.2,21.3,4.4,0.71
256,30.4,22.7,0,0.5
257,33,23.1,0,0.84
258,30.7,22.9,27.9,0.65
259,31.9,21.9,0,1.2
260,31.2,22.3,0.2,0.8
261,31.2,23.3,22.9,0.74
262,30.2,22.3,26.9,0.83
263,31.3,22.7,0.8,1.43
264,33,23,0,1.07
265,31.4,23,3,1
266,31.4,23.1,18.1,0.96
267,30,21.7,0,0.66
268,32.9,22.1,0.1,1.4
269,31.2,22.6,0.8,0.93
270,32.2,22.9,0,0.9
271,32.4,22.6,9.5,1.42
272,30.1,22.3,0,0.59
273,33.4,22.3,3.3,0.84
274,32.1,23.3,3.9,0.7
275,26.6,23.7,21.5,0.74
276,33.2,22,1.9,1.04
277,32.4,21.6,0.6,0.85
278,32.7,21.7,0,0.86
279,33.4,22.1,0,1.15
280,32.1,22.3,0,0.74
281,32,23.4,0,0.78
282,33.2,21.9,0,1
283,31.8,21.2,0,0.98
284,32.1,22.1,7.6,1.1
285,31.7,22.3,2,1.26
286,33.2,22.3,0,1.11
287,32.7,23.1,0,1.05
288,31.9,22.4,0,0.78
289,33.1,22.2,15.6,1.04
290,32,22.3,0,0.8
291,33.4,23.1,0.7,0.93
292,31.8,23,0.2,0.82
293,32.1,22.8,0,0.77
294,30.8,21.5,0.5,1.26
295,32.8,21.2,8.3,1.52
296,27.8,22.6,1.2,0.58
297,31.7,21.9,7.6,1.04
298,31.9,22.8,1.6,0.93
299,32.5,22.6,1.2,1.2
300,32.7,21.7,0,1.01
301,32.1,23.1,3.7,1
302,30.8,22.5,0,0.88
303,33.2,22.4,2.9,0.7
304,33.4,22.1,3.3,0.8
305,32.4,22.3,1.7,0.75
306,33.2,22.3,18.3,0.68
307,29.6,22.4,2.4,0.8
308,31.9,22.2,45.1,1.11
309,30.2,22,0.3,0.57
310,32.8,21.8,1.8,0.79
311,32.9,22.7,15.5,0.96
312,30.1,23.1,4.1,0.71
313,27.8,22.6,0.2,0.34
314,32.4,22.8,7.2,0.93
315,31.4,22.9,0,0.89
316,32,23,6.3,0.8
317,34.6,23,0,0.97
318,32.8,22.6,0.4,1.34
319,32.6,22.3,0.8,0.97
320,33.1,22.9,0,0.61
321,33.1,23.1,7.6,0.62
322,33,23.3,0,0.78
323,30.1,22.9,66,0.96
324,24.4,22.2,14.9,0.72
325,26.1,21.4,0.3,0.34
326,29.7,21.9,17,0.9
327,28.2,22.7,0.4,0.37
328,31.4,22,0.8,0.97
329,30,23.2,0,0.36
330,33.5,22.3,0,0.68
331,33.5,22.9,0,0.86
332,33,22.1,0.4,0.85
333,32.8,21.4,28,0.67
334,29.8,21.8,2.7,0.73
335,24.4,22.7,2.7,1.28
336,29.1,22.5,0,1.31
337,31.9,21.8,0,0.7
338,30.9,22.5,0,0.48
339,31.9,21.9,1.7,0.7
340,32.2,22.9,0,0.69
341,31.1,21.7,0.4,0.63
342,31.4,23,0.4,0.79
343,32.8,21.8,3.1,0.92
344,31,21.6,0,0.51
345,31.9,21.4,0,0.71
346,31.5,20.2,0,0.56
347,33,21.1,0.2,0.63
348,29.2,21,0.1,0.45
349,28.7,21.5,0,0.38
350,28,21.6,1.2,0.45
351,31,21.6,0.3,0.59
352,32.1,20.2,0,0.63
353,32.7,18.4,0,0.57
354,32.9,19.4,0,0.7
355,32.3,20,4.4,0.8
356,32.7,21.3,20.7,0.77
357,32.4,21.7,35.5,1.05
358,31.8,20.7,0.3,0.79
359,29.1,22.8,12.5,0.69
360,32,21.4,0,0.67
361,29.6,22,0,0.46
362,32.1,20.4,1.2,0.6
363,32.4,21.2,0,0.67
364,31.1,20.3,0,0.52
365,32.7,20.1,0,0.64
1,33.2,20.6,13.9,0.92
2,27.1,22.5,10.1,0.26
3,29.2,20.4,0.4,0.46
4,30.9,21,0.2,0.54
5,31.8,21.7,0,0.59
6,32.9,23.1,0,0.63
7,33,22.1,0,0.73
8,33.7,21.8,0,0.76
9,33.4,21.6,0,0.63
10,32.9,22.3,7.1,0.7
11,33.2,22.5,46,0.73
12,29.2,22.6,4.9,0.77
13,32.2,21.9,0,0.56
14,27.9,22.8,8.8,0.32
15,30.9,22.3,1,0.72
16,32.4,21.2,0,0.72
17,31.4,22.2,6.8,0.65
18,31.5,23.1,1.9,0.65
19,32.4,21.1,16.6,0.72
20,32,21.2,3.7,0.66
21,32,21.6,18.4,0.76
22,32.4,22.3,8.3,0.69
23,31.7,22.3,12,0.67
24,31.8,23,0.6,0.57
25,32.7,22.4,0,0.71
26,34.4,21.8,0,0.65
27,32.1,22.4,1.2,0.69
28,34,20.9,0,0.76
29,31.6,21.1,0,0.82
30,32.8,20.7,0,0.57
31,32.1,19.1,0,0.81
32,33.1,20.1,0,0.72
33,32.6,21.7,33.7,0.73
34,31.5,22.5,15,0.48
35,31.2,21.6,0,0.48
36,31,20.9,1.2,0.62
37,33.5,20.5,0,0.86
38,33.8,21,0,0.78
39,33.7,19.5,4,0.99
40,33.4,20.9,0,0.84
41,33.8,21.4,3.3,0.63
42,31.3,22.6,1,0.65
43,32.4,20.6,0,0.61
44,33,19.4,0,0.77
45,31.7,20.2,0,0.56
46,33.2,18.6,0,0.77
47,33.6,19.7,0,0.87
48,32.4,21.3,17.1,0.87
49,33,21.4,2.5,0.71
50,33,22.5,3.2,0.72
51,33,21.6,2,0.65
52,33.9,20.6,0,0.89
53,33.7,21,3.7,0.96
54,31.9,21.7,0,0.84
55,34.4,21.9,18.7,0.8
56,32.2,23.1,10.5,0.68
57,32.1,22.3,76.3,0.6
58,31,22.1,0,0.77
59,33,23.1,12.1,0.72
60,32.7,22.1,52.4,0.68
61,31.2,22.8,2.4,0.78
62,32.2,23.1,37.9,0.87
63,30,22.3,0,0.59
64,33.5,22.6,19.6,0.73
65,29.6,22.7,11.5,0.8
66,31.6,23.3,0,0.58
67,30.4,22.5,0,0.94
68,33,22.1,0,0.51
69,33.9,20.7,0.3,0.88
70,32.5,21.4,0,0.91
71,33.5,19.9,0,0.69
72,33.1,20.3,0,0.77
73,32.4,20.6,0,0.55
74,31.9,22.2,0,0.59
75,32.1,23.1,6.1,0.96
76,33.8,23.1,0,0.98
77,32.9,22.4,0,1.03
78,29.2,22.8,0,0.82
79,33.4,23.1,0.9,0.95
80,29.1,21.7,0.7,0.72
81,32.7,22.7,0.4,1.03
82,30.2,22.9,6.7,0.57
83,33.1,22.9,0.2,0.7
84,33.1,22.8,40.1,0.83
85,33.4,23,21.8,0.81
86,30.8,21.7,0.9,0.77
87,33.8,22.8,26.4,0.75
88,33.6,22.1,1.1,0.65
89,32.2,22.2,67.4,0.92
90,32,21,22.3,0.75
91,33.9,22.7,0,0.69
92,32.8,22.1,1.1,0.83
93,33,23,1,0.71
94,33.1,22.5,4.7,1.01
95,33.6,22.9,0,0.86
96,32,23.3,1,0.82
97,33.4,22.6,0.4,1.06
98,32.9,22.7,0,1.19
99,33.4,22.9,6.5,1
100,33.5,23,8.3,0.73
101,32.12,23,19.3,0.55
102,31.5,22.8,20.7,0.86
103,30.2,23,1.8,0.87
104,29,23.2,0.4,0.53
105,32.8,23.8,0,0.73
106,32,22.8,0,1.09
107,32.1,21.5,0,0.93
108,34.1,23.1,0,0.73
109,30.7,24,0,0.79
110,33.7,22.8,0,0.78
111,33.4,22.8,0.5,1.1
112,33.4,22.5,0,1.5
113,34.3,23.6,0,1.8
114,34.2,23.5,0,1.32
115,34.5,23.2,0,1.22
116,34.2,23,29.4,0.64
117,31.6,22.6,9.3,0.6
118,33.7,23.4,0,0.81
119,33.8,23.3,0,0.82
120,32.8,23.1,0,0.85
121,33.9,23.5,12.3,1.05
122,33.5,23,5.5,0.85
123,32.9,22.1,5.8,1.09
124,31.8,21.6,45.6,0.58
125,33,22.1,0,0.56
126,33.2,23,0,0.9
127,31.5,23,0,1.12
128,33.5,21.3,0,0.75
129,32,22.5,0,0.91
130,32.3,23,1.5,0.64
131,33.4,22.5,30.3,0.76
132,32,23,11.1,0.77
133,29.4,23,13.4,0.74
134,31.5,23,0.4,0.88
135,32.6,23.7,40.4,0.7
136,32.3,22.8,0.2,1.28
137,34.6,23,22.7,0.9
138,32.7,23.6,0,0.9
139,31.5,23.7,0,0.99
140,32.7,23.6,0,0.48
141,33.9,23.6,0,0.81
142,30.8,23.9,0,0.37
143,33,23.2,0,1.01
144,33.8,24,0,0.94
145,33,23.7,0,1.04
146,33.2,24,0,0.77
147,32.2,23.9,0,0.73
148,33,24.6,0,0.84
149,32.7,24,0,0.93
150,34.3,22.5,0,0.97
151,34.3,23,0,1.45
152,34,24.1,1,0.85
153,33.2,23.2,1.4,0.96
154,30.3,23,2.9,0.57
155,35.5,22.3,11.4,1.12
156,32.4,22.7,0.7,0.73
157,32.6,22.7,0,0.61
158,33.1,23.4,0,0.85
159,34.2,23.1,0,0.65
160,34.6,22.6,0,1.12
161,33.8,23.2,0,0.73
162,34.2,23.7,0,0.91
163,33.9,23.2,0,0.98
164,34.1,22.9,0,0.89
165,34,23.1,0,0.94
166,33.6,23,0,1.36
167,33.8,22.8,0,1.17
168,33.2,23.2,0,0.76
169,33.5,23.4,0,1.34
170,34,22.9,0,1.1
171,28.8,22.5,51.2,0.68
172,33.5,21.6,0,0.72
173,33.7,22.2,0,0.73
174,33.2,23.2,0,0.94
175,31,22.7,0,1.11
176,31,22.7,0,0.59
177,31,21.1,0,0.77
178,30.8,21.9,11.9,0.58
179,32.2,21.3,13.6,0.7
180,31.7,21.2,0,0.77
181,33.6,22,3,0.84
182,32.1,22.5,0,0.84
183,30,22.5,8.7,0.91
184,34.5,21.5,0,0.82
185,33.7,22.5,0,0.87
186,32,22.3,2.7,1.03
187,30.8,22.5,0.8,0.67
188,30.2,22.9,31.2,0.75
189,31.9,22.6,0,1.09
190,32.8,22.2,0,1.11
191,32.7,22,6.9,1.19
192,31.4,21.6,2.9,0.84
193,33.1,22.4,0.7,1.08
194,32,22.7,0,0.96
195,33.9,23.5,3.2,1.07
196,33.2,21.4,0,0.79
197,32.4,22.1,0.2,0.97
198,30.1,23,0,0.51
199,33.9,22.6,0,0.83
200,32,23,0,1.24
201,31.9,23,0,1.05
202,32.7,23.6,0,1.1
203,34.4,22,0,1.1
204,32.2,21.3,0,0.83
205,34,20.9,0,1.02
206,34,22.1,0,1.1
207,34.2,23,0,1.16
208,34.2,23.1,0,0.86
209,34,21.1,1,1.09
210,34.3,21.9,0.8,0.96
211,34.2,22,0.8,1.05
212,34,22.1,0,1.03
213,33.6,23.2,0,0.98
214,34,22.4,0,1.02
215,33.8,22.6,5.6,1.14
216,33.2,22.2,4.6,1.09
217,32.1,22.4,0,0.89
218,30.7,22.5,0,0.77
219,32.2,22.2,0,0.97
220,32.4,22.2,0,0.87
221,32.6,22.6,0,1.04
222,34,22.8,0,1.02
223,34.1,23,6.2,1.39
224,31.2,22.4,0,1.01
225,31.7,22.5,22.3,1.37
226,32.5,22.5,0.7,1.33
227,32,23,0,1.09
228,33.8,22.7,0,1.11
229,32.5,22.8,24.4,0.85
230,30.7,22.6,0,0.73
231,32.8,22,0,1.2
232,33.7,23.2,0,1.14
233,33.8,22.4,0,1.2
234,32.8,22.4,0,1.05
235,33.4,23,0,1.13
236,32.8,23.1,0,1.14
237,33.2,22.4,64,1.42
238,30.8,22.4,0,0.47
239,33.8,21.9,0,1.15
240,32,22.4,8.3,1.07
241,30.7,22.3,0,1.2
242,32.8,22,0.6,1.39
243,32.9,21.5,31,1.09
244,33.6,22.6,48.4,1.56
245,29.5,22.2,0,0.88
246,31.5,22.5,12.1,0.99
247,31.8,22,0,1.01
248,32.8,22.4,0,1.33
249,31.2,22,0,1.13
250,32.2,21.9,11.2,1.39
251,31.1,21.9,0,0.91
252,32,21.9,5.2,0.9
253,31.9,22.5,13.6,1.26
254,30.1,21.2,0.8,1.01
255,30.2,22.1,0,0.96
256,31.2,22.6,36.1,0.84
257,32,21.5,5.5,0.9
258,31,21.5,0,0.76
259,32.9,22.1,0,0.89
260,32.5,23.3,0,1.43
261,32.7,22,1.3,0.62
262,32.9,22.9,24.3,0.91
263,31.4,21.9,9.9,0.76
264,32,22.8,3.2,1.08
265,32.3,22,0.9,0.86
266,33,22.1,13.7,0.86
267,30,22.3,28.4,0.75
268,31.2,22.2,18.8,0.54
269,32,21.3,27.2,0.77
270,30.9,21.6,11.1,0.85
271,30.4,22.2,52.2,0.72
272,31.4,22.2,8.9,0.68
273,31.4,22.6,14.4,0.81
274,31,22.8,0,0.67
275,32.4,22.5,0,0.85
276,28.4,22.7,19.6,0.8
277,31.3,22.8,0,0.79
278,32.5,23.1,0,0.53
279,31.5,22.5,16.1,0.69
280,32.4,22.7,43,0.76
281,31.4,21.4,5.2,0.83
282,31.6,22,0.2,0.67
283,31.4,22.7,0.2,0.89
284,32.2,22.7,0,1.07
285,32.1,22.6,0,0.97
286,32.4,22.9,0,0.73
287,32.4,22.2,16.6,0.91
288,32.1,22,0,0.67
289,32.7,22.4,63.1,0.7
290,30.7,22.7,5.2,0.55
291,31.2,23,0,1.27
292,30.2,22.7,0,0.9
293,33,23,5.5,0.88
294,33.2,23,2.9,0.89
295,30.2,22.9,0,0.74
296,32.2,22.8,0,0.64
297,32.4,22.3,33,0.84
298,26.7,22.9,39.5,0.45
299,32.8,21.7,6.9,0.79
300,31.6,21.4,0,1.05
301,31.4,23.7,0.8,1.19
302,30.1,23.2,27.7,1.05
303,31.2,22,3.9,1.05
304,31.7,20.9,0,0.8
305,31.9,21.7,0,1.18
306,31.1,23,0,1.58
307,32,23.5,0,1.28
308,32.4,23,32.4,0.77
309,32.2,23.1,0,0.8
310,32.3,24.4,0,0.68
311,32.4,23.7,23.4,0.72
312,29.2,23,20.5,0.82
313,33,22.2,6.5,0.85
314,32,22.9,8.9,0.73
315,33.1,22,0,1.16
316,33.6,22,0,0.74
317,31.7,23.6,2.2,0.82
318,33.1,22.5,4.4,0.83
319,30.7,24,1.2,0.68
320,31.2,22.1,32,0.45
321,31.8,22,0,0.47
322,31.6,22.1,1.6,0.54
323,33,22.5,9.6,0.7
324,33.7,21.8,2.6,0.53
325,33.3,23.1,0,0.6
326,32.9,22.4,1,0.65
327,31.4,23.1,0,0.69
328,33.5,22,0,0.84
329,32.8,23.2,0.2,0.67
330,32.8,22.4,8.2,0.92
331,30.7,23.1,13,0.77
332,31.2,22.4,37.3,0.57
333,33.7,21.3,4.9,0.47
334,33.3,22,0,0.64
335,31.6,21.1,0.1,0.57
336,28.9,22,5,0.56
337,30.9,22.6,0,0.41
338,30.7,21.1,0,0.48
339,32.2,21,0,0.53
340,32.9,21.4,0,0.51
341,31.7,22.5,21.8,0.58
342,30.8,22.7,0.7,0.76
343,30.9,23.1,47.5,0.56
344,30.7,22.2,0,0.44
345,31.4,22.4,6.3,0.48
346,32.9,21.5,3.7,0.55
347,31.7,20.7,0,0.66
348,32,20.7,0,0.95
349,31.6,19.1,0,0.8
350,32,18.4,0,0.55
351,32.7,19.6,0,0.6
352,32.9,19.9,0,0.63
353,33.7,20.5,0,0.89
354,33.3,21.2,0,0.61
355,33.8,21.1,0,0.94
356,32.3,21,0,0.75
357,33.2,21.3,21.5,0.95
358,33.4,22.4,7.5,0.89
359,33.4,23.4,1.3,0.61
360,32.9,22.5,7.9,0.89
361,30.6,22.7,13,0.6
362,32.4,22.7,14.7,0.8
363,31.4,22.4,13,0.7
364,29.1,22.9,0,0.56
365,32,21.5,22.3,0.67
1,29.4,22.5,0,0.78
2,32.2,22.5,0,0.76
3,33.7,22,0,0.79
4,33.2,20.1,0,0.69
5,32.8,19.2,0,0.78
6,31.8,22.1,27,0.71
7,33,20.9,0,0.68
8,33.4,21.5,0,0.56
9,33.4,22.7,0,0.67
10,31.2,21.4,0,0.85
11,32.7,21.1,0,0.65
12,32.6,21.6,16.2,0.82
13,30.9,23,15.8,0.58
14,30.3,21.8,0,0.45
15,32,22.3,9.1,0.62
16,32.3,23.2,5.8,0.56
17,31,22.8,0,0.55
18,29.9,22.6,0,0.66
19,28.3,22.6,0,0.7
20,30.4,22.4,3,0.81
21,32.9,20.7,48.7,0.87
22,34.1,19.2,0,0.54
23,33.4,21.1,0,0.79
24,33,22.9,0,0.64
25,32.4,22,0,0.61
26,30.9,21.1,0,0.72
27,30.2,21.5,0,0.65
28,33.7,21.2,3.9,0.75
29,32.7,21.8,0,0.64
30,34.1,21,0,0.62
31,34.9,19,0,0.92
32,33.8,20.5,0,0.75
33,34.1,21.5,0,0.83
34,34.6,20.2,0,0.81
35,33,22,32.9,0.79
36,32.2,22.6,18.5,0.73
37,32.9,22.2,0,0.87
38,32,21.2,0,0.93
39,32.2,22.7,0,0.99
40,32.9,21.8,0,0.84
41,34,20.5,0,1.27
42,33.1,20.2,26.3,0.86
43,32.5,21.7,0,0.93
44,34.9,21.6,0,0.74
45,34.2,22.2,0,0.63
46,34.4,21.7,0,0.8
47,35.3,20.7,0,0.87
48,35,21.7,8.4,0.96
49,33.7,23,0,0.72
50,35.1,22.6,0,0.87
51,35.1,21.8,0,0.88
52,33.9,24.3,0,0.66
53,35.1,22.5,0,0.86
54,34.4,22.2,0,0.8
55,35.4,22,0,0.77
56,35.7,21.9,0,0.96
57,34.5,22.7,4.1,0.99
58,33.1,22.9,12.5,0.94
59,32.9,22.4,5.7,0.85
60,34.2,22.2,0,0.77
61,32.8,20.5,0,0.66
62,34.2,20.2,0,0.86
63,34.3,22,0,0.87
64,35.1,22.1,0,0.86
65,35.7,20.6,0,0.86
66,34.6,20.5,0,0.85
67,34.9,22.1,0,0.98
68,34.4,22.6,10.8,0.97
69,32.2,21.9,4.4,0.82
70,34.7,22,0,0.84
71,34.5,21,0.5,0.76
72,35.2,22.6,0,0.9
73,36.4,23.2,0,1.07
74,35.9,23.3,0,1.01
75,35.2,23.5,0,1.08
76,35.8,22.3,33.3,1.01
77,34.8,22.4,0,1.05
78,34.9,23.6,0,0.83
79,35.1,22.2,76.6,0.99
80,34.9,22.2,0,0.89
81,35.1,22.3,0,1.06
82,34.7,23,0,0.9
83,34.9,23.5,17.4,0.85
84,32.6,23.6,20.4,1.03
85,32.2,22.9,0,0.73
86,34.6,22.8,0,0.95
87,33.1,24,20,0.75
88,35.1,22.4,0,0.82
89,35,21.9,0,0.74
90,35,23.4,9.1,0.99
91,34.3,22.4,8.8,0.7
92,33.4,23.1,6.8,0.83
93,34.8,22.5,12.7,0.97
94,35.2,23,0,0.87
95,35.3,23,8.7,0.87
96,35.1,22.4,0,0.81
97,33.7,21.6,0,0.71
98,33.7,23,22.9,0.77
99,35.6,23.1,0,0.74
100,36.2,22.6,1.2,0.91
101,34.4,23.9,15.5,0.88
102,34.2,23.6,4.1,0.88
103,31.2,23.2,9.4,0.85
104,33.1,23.5,0,0.51
105,33.6,23.2,40,1.17
106,33.1,22.9,0,0.99
107,33.4,24.1,0,1.03
108,35.1,23.6,0,0.62
109,34.6,23.4,0,0.8
110,35,23.8,27.8,1.16
111,35,22.6,10.4,0.81
112,33.7,22.1,0,1.03
113,33.2,23.2,0,0.8
114,34,23.1,0,1.43
115,33.5,23,0,1.19
116,29.9,24,0,0.48
117,35,23.3,0,1
118,35.5,23.5,8.8,0.86
119,34,22.6,0.7,0.69
120,35,23,34.8,0.72
121,33.1,22.1,29.2,0.8
122,32.1,22.5,27,0.88
123,32,22.8,0,0.91
124,32.2,23.8,14,0.89
125,31.3,23.1,0,0.74
126,31.5,23.1,11.5,0.72
127,31.9,23,0,1.06
128,31.7,22.9,0.2,0.74
129,33.8,22.9,0,0.73
130,35.1,23,0,0.71
131,35,23.1,2.7,0.79
132,34.6,23.1,0,0.69
133,33.6,24.1,75.3,0.87
134,33,22.4,28.4,0.69
135,31.6,23.5,71.5,0.96
136,33,23.1,2.3,0.83
137,33,23.1,0,1.35
138,32,22.3,0.9,1.09
139,30,23.9,0,0.84
140,31.8,24,7.9,0.62
141,32.8,23.3,0,0.83
142,34.1,23.5,0,0.69
143,33.7,23.6,0,1
144,32,24,0,0.52
145,34.5,22.7,0,0.77
146,33.7,23.7,0,0.84
147,33.9,23.8,0,0.83
148,34.4,23,0,0.98
149,33.3,22.8,0,0.93
150,32.5,23,0,0.69
151,34,23.1,0,0.93
152,33.8,23.4,0,1.02
153,31.5,23.2,0,0.66
154,34.2,23.5,0,0.98
155,33,23,0,0.98
156,33.8,22.9,0,0.92
157,34.4,23.8,7.9,0.87
158,32.9,22.8,0,0.77
159,34.9,23.8,113.9,1.28
160,34,22.5,1,0.79
161,33.5,22,0,0.96
162,33,22.8,0,0.88
163,32.2,22.9,0,0.79
164,33.5,23.3,0,1.11
165,31.2,23.3,0,0.72
166,33.6,22.7,0,0.94
167,33,23,0,0.6
168,33.2,22.2,0,0.58
169,33,22.1,2.1,0.8
170,31.5,23.9,0,0.8
171,31.9,22.7,0,0.9
172,32.6,23.1,0,0.87
173,33.1,23.7,0,1.45
174,31.8,22.9,0,1.08
175,33.6,23.5,0,0.8
176,35.5,22.6,0.9,0.99
177,31.2,23.8,0,0.45
178,30.8,23.4,3.2,0.68
179,31.8,21.7,0,0.41
180,31.9,22,14.8,0.69
181,33.9,21.4,0,0.82
182,33.1,22.5,0,0.96
183,32,22.8,24.8,0.71
184,33,22.5,0,0.75
185,33.4,22.9,0,0.94
186,29.3,23.1,9.4,0.67
187,32.8,23,0,0.7
188,32.1,23.1,32.3,1.04
189,33,21.9,0,1.17
190,33,22.4,0,1.03
191,33.4,22.6,0,1.15
192,31.5,23.4,0,0.85
193,30.7,23,85.3,0.84
194,27.6,22,0.5,0.62
195,32.7,22.6,0,0.98
196,32.9,21.1,0,1.02
197,32,21.6,0,0.94
198,31.9,22,7.1,0.77
199,32.2,22.6,0,0.92
200,31.9,22.4,0,0.96
201,31.9,22.6,0,0.89
202,33.8,21.7,0,1
203,32.6,22.9,8.2,0.81
204,32.9,22.2,0,0.81
205,33.2,22.1,0,0.82
206,31.7,23.4,0,0.82
207,33.4,22.2,4.3,1.01
208,32.9,22.1,0,1.19
209,31,22.6,3.2,0.76
210,31.4,22.2,37.8,0.69
211,30.5,23.1,13.9,0.77
212,31.4,23.5,0,0.88
213,31.4,23.1,0,0.9
214,32.4,23,0,1.11
215,32.4,24,0,0.68
216,32.4,23,7.6,0.92
217,33.2,21.8,0,0.65
218,33.6,22.2,0,0.72
219,32.8,22.4,0,0.92
220,32.8,22.6,1.3,0.94
221,32.1,23.8,3.5,1.03
222,32.1,22.7,0,1.14
223,32.2,23,48.5,0.8
224,31.9,22,0,0.66
225,31.2,22.6,0,0.8
226,30.8,22.1,9.7,0.61
227,31.8,22,0,0.64
228,33.2,22.2,0,0.87
229,32.2,22.8,0,0.85
230,32,22.4,3.3,0.91
231,33,22.1,0,1.16
232,33.2,22.3,0,1.25
233,32.6,21.2,0,0.7
234,35.1,20.6,0,0.73
235,32.5,23.2,0.2,0.7
236,33.7,22,0,1.1
237,34.2,20.8,0,0.69
238,34.6,21,0,1.09
239,33,20.8,0,0.78
240,33,22,0,0.89
241,31.4,23,0,1.01
242,32.7,22.7,0,0.91
243,31.8,23.7,12.4,0.89
244,33.5,21.8,1.5,1.14
245,33.1,23,0,0.98
246,33.2,22.6,0,0.98
247,33,22.3,0,0.96
248,30,22.1,0,0.95
249,32.8,22,14.8,1.14
250,33,22.1,1.5,0.91
251,32.5,21.5,0,1.08
252,34,22,0,1.01
253,33.7,22.5,1.6,1.23
254,33.4,23,0,0.99
255,33.7,22,0,1.12
256,32,23,0,0.8
257,34.6,21.9,10.5,0.96
258,32.6,23.9,0,1.05
259,33.7,22.4,0,1.06
260,32.6,23.5,0,1.14
261,31.9,23.5,0.2,0.75
262,31.1,22.7,1.1,0.73
263,32.7,22.6,0,0.77
264,32.5,23.9,11.9,0.74
265,32.5,22.6,29.4,0.84
266,28.8,22.6,19.9,0.8
267,30.9,22.6,12.5,0.87
268,31.1,22.1,0,0.8
269,33,22.6,0,1.08
270,33.3,23,0,1.2
271,31.5,23.6,75.8,0.81
272,30.2,22.4,0,0.4
273,31.7,23.1,0,0.84
274,32.3,21.1,28.5,0.8
275,32.5,22.5,6.3,1.21
276,29.3,22.7,0,1.51
277,30.6,23.1,0,1.5
278,32.1,22.1,0,0.81
279,33,22.6,7,1.21
280,33.4,22.6,4.6,0.89
281,33.2,22.6,1.5,0.85
282,33.9,23,0,0.9
283,35.1,23,13.4,1.09
284,35,23,5.4,0.93
285,30.5,23.7,0.8,0.84
286,31.2,22.4,0,0.95
287,33.1,23.1,0.8,1.01
288,30.9,22.2,10.3,0.89
289,32.2,22.5,0,0.56
290,33,23.6,0,0.93
291,33.3,22.1,0,1.01
292,32,23.1,4.1,0.82
293,33.4,23.1,25.1,0.86
294,30.7,23.1,3.9,0.65
295,31,22.6,2.3,0.45
296,33.5,23.9,4.9,0.93
297,33.5,24,0.2,0.65
298,33.5,22.6,19.1,0.88
299,31.2,23.7,2.9,0.65
300,29.5,23,14.9,0.58
301,31,23.6,3.5,0.55
302,31.7,23,2.2,0.64
303,32.3,23.2,3.9,0.69
304,31.2,23,88.4,0.87
305,31.6,23.5,2.5,0.83
306,30.3,23.3,21,0.74
307,30.2,23.5,2.2,0.72
308,30.6,22.4,0,0.39
309,31.9,21.7,1.8,1.02
310,32,22.5,0,0.37
311,33.5,21,35.7,0.92
312,31.9,22.1,0,0.98
313,31.7,23,15.8,1.71
314,30,22.5,0,1.2
315,31.1,23,1,1.16
316,32.2,23.1,0.5,0.87
317,32,22,2.3,1.25
318,31.2,22.5,2,1.17
319,31.8,22.6,6.7,1.29
320,31.4,23.4,0,1.19
321,31.2,22.6,4.6,0.8
322,30.7,23,0,0.82
323,31.8,22.8,0.5,0.7
324,30.6,22.9,7.4,0.74
325,31.8,23.6,5.5,0.53
326,35,23.4,1.9,0.55
327,31.2,22.7,4,0.65
328,32.9,23.9,0,0.45
329,30.5,23.1,10.5,0.46
330,28.2,23.6,0.8,0.27
331,31,23.1,0,0.34
332,31,22.5,0,0.33
333,32.9,22.1,4.3,0.59
334,32.5,22.1,0.1,0.68
335,32.2,22.3,0,0.71
336,33.2,22.8,0,0.68
337,33,22,0,0.71
338,32.9,21.9,0,0.62
339,33.6,20.9,0,0.69
340,31.9,23.4,0,0.6
341,31,21.6,0,0.5
342,32.8,20.6,0,0.6
343,32.3,22.1,0,0.64
344,32.3,22.3,0,0.71
345,32.4,22.2,9.4,0.53
346,30.1,23.1,1.7,0.46
347,28.5,23.1,14.9,0.37
348,30,22.1,0,0.43
349,32.9,22.9,4.9,0.56
350,32.2,22,0.9,0.38
351,32.7,22.3,25,0.37
352,29.9,23,0,0.49
353,31.2,23.1,4.4,0.48
354,30.9,23.4,0,0.65
355,32.7,22.4,96,0.62
356,33.5,23.2,0,0.42
357,32.6,23.9,0,0.65
358,33,20.4,0,0.77
359,33.1,20.2,0,0.83
360,33.2,22,0,0.84
361,33.2,20.7,0,0.7
362,33.5,21.5,0,0.75
363,32.9,20.4,1.3,0.69
364,32.9,20.9,0,0.71
365,33.1,20.6,0.4,0.75
1,32.9,22.7,11.5,0.78
2,32.9,22.1,9.9,0.65
3,33.4,22.2,0,0.63
4,33,22,0,0.54
5,33.5,23.5,0,0.5
6,33.2,22,0,0.67
7,34,22.1,0,0.69
8,34.4,19.5,0,0.76
9,33.5,19.8,0,0.82
10,33.9,21,0,0.73
11,33.7,20.7,0,0.92
12,34,22.2,7,0.83
13,33.3,22.1,0,0.69
14,33.7,23.2,2.3,0.67
15,33.2,22.7,27,0.92
16,33,23.1,0,0.69
17,33.1,22.8,0.3,0.47
18,33.1,22.2,9.4,0.59
19,31.5,22.7,0,0.61
20,32.1,20.9,6.4,0.74
21,32.8,21.5,0.2,0.59
22,31.3,23.6,35.6,0.71
23,31.9,22.7,7.7,0.89
24,33,22.3,7.9,0.73
25,32.3,22,0,0.57
26,32.3,22.5,0,0.71
27,32.1,22.4,0,0.52
28,31.4,23.2,0,0.5
29,30.7,23.1,9.4,0.52
30,30.6,22.1,0.4,0.44
31,31.2,22.1,40,0.53
32,32,22.4,4.5,0.69
33,33.6,23.8,0,1
34,35.9,22.5,4,0.92
35,34.9,22.5,0,0.69
36,34.5,21.9,0,0.82
37,35,21.1,0,0.93
38,35.2,22,0.2,1.22
39,35,21,1.2,0.92
40,36.4,21,0,0.9
41,36,22.8,0,0.89
42,35.4,22.5,50.3,1.02
43,34.3,22.5,7.1,0.94
44,33.1,23,0,0.61
45,33.9,23.7,0,0.7
46,35.2,23,2,0.81
47,33.6,23.1,0.4,0.68
48,33.8,23.2,1.1,0.99
49,34,23.2,2.7,0.92
50,31.6,23.2,0,0.67
51,32.6,23,0,0.71
52,34.1,23.5,1.3,1.01
53,34.1,23.7,46.8,0.84
54,33,23.2,12.1,0.85
55,33.5,23,17.1,0.89
56,33.9,23.3,8.2,0.68
57,35.2,22.7,1.6,1.01
58,35,22.9,22.2,0.65
59,33.8,22.6,0,0.72
60,35.4,21.9,0,0.88
61,33.6,23.8,0,1
62,35.9,22.5,4,0.92
63,34.9,22.5,0,0.69
64,34.5,21.9,0,0.82
65,35,21.1,0,0.93
66,35.2,22,0.2,1.22
67,35,21,1.2,0.92
68,36.4,21,0,0.9
69,36,22.8,0,0.89
70,35.4,22.5,50.3,1.02
71,34.3,22.5,7.1,0.94
72,33.1,23,0,0.61
73,33.9,23.7,0,0.7
74,35.2,23,2,0.81
75,33.6,23.1,0.4,0.68
76,33.8,23.2,1.1,0.99
77,34,23.2,2.7,0.92
78,31.6,23.2,0,0.67
79,32.6,23,0,0.71
80,34.1,23.5,1.3,1.01
81,34.1,23.7,46.8,0.84
82,33,23.2,12.1,0.85
83,33.5,23,17.1,0.89
84,33.9,23.3,8.2,0.68
85,35.2,22.7,1.6,1.01
86,35,22.9,22.2,0.65
87,33.8,22.6,0,0.72
88,35.4,21.9,0,0.88
89,33,22.7,28.1,0.63
90,33.5,22.7,11.5,0.59
91,33.6,22.7,8,0.6
92,31.6,23.1,14.3,0.73
93,34.6,21.9,16.3,0.62
94,34.2,21.9,20.8,0.64
95,33.3,22.5,0,0.66
96,34,22.1,24.6,0.93
97,33.4,22.7,1.5,0.85
98,36,23.1,22.1,0.81
99,33.7,22.4,11.5,0.78
100,33.7,23.2,1.7,0.86
101,33.8,23.1,18.4,0.69
102,32,22.6,7,0.66
103,33.6,22.1,18.5,0.73
104,34,23.5,13.2,0.87
105,33.5,22.5,37.8,0.96
106,33.5,23,16.7,0.65
107,31,24,3.4,0.98
108,34.5,23,56.9,0.81
109,33.5,23.5,1.3,0.61
110,35,23.5,20.1,0.5
111,32.5,24,5.8,0.86
112,34,23.5,2.5,0.69
113,35.8,23.5,0,0.76
114,34.1,23.3,15.2,0.98
115,33.4,24.1,8.1,0.66
116,30.9,23.7,4.8,1.05
117,33.2,23.6,9.8,1
118,34.3,23.2,0,0.73
119,33.9,23.2,14.1,0.75
120,33.2,23,2.7,0.79
121,33.4,24.2,0,0.8
122,33.4,23.2,0,0.84
123,33.8,23.4,0,0.75
124,33.8,23.6,31.9,0.74
125,31.4,23.8,1.1,0.69
126,31.4,23.9,70.5,1.32
127,31.4,23.1,0,1.04
128,32.7,23.4,1.7,1.14
129,33.8,24.1,0,0.64
130,33.2,24.2,7.2,0.84
131,33.2,22.7,18.4,0.92
132,35.1,23,52.3,0.78
133,34.2,22.5,40.5,0.74
134,32.9,22.5,17.6,0.53
135,33,24,0,0.72
136,31.6,23.5,0.4,0.65
137,32.1,23.1,2.2,0.79
138,34.5,23.1,0,0.74
139,32.8,24,0.8,0.94
140,32.2,23.1,20.7,0.63
141,31.4,23.7,1.1,0.85
142,32.7,23.6,13.1,0.7
143,32.7,23.5,0,0.82
144,32.4,23.7,6.4,0.9
145,33.2,23.1,0,0.83
146,33,23.8,5.6,0.7
147,31.4,24.4,0.2,0.63
148,31.5,24.2,1.4,0.99
149,31.7,23.8,0,0.66
150,34.5,24,4,0.73
151,34.3,23.2,46,0.81
152,33.9,23,0.4,0.89
153,32.3,24.5,9.4,0.8
154,32.4,24,0,0.79
155,30.2,24.1,30.2,0.8
156,32,23.8,0,0.92
157,32.4,23.3,0,1.04
158,32.9,23.7,0,0.79
159,32.9,23.9,0,0.93
160,30.4,23.9,9.9,0.52
161,33.7,22.4,0,0.6
162,33.7,22.6,0,0.82
163,33.6,23.6,0,0.71
164,33.9,24,0,0.61
165,34.7,23,0,0.71
166,34.2,22.3,0,0.71
167,33.7,23,0,0.82
168,34,22.5,0,0.77
169,33.9,22.1,0,0.78
170,34,22.6,0,0.74
171,34,23.1,0,0.97
172,33.4,23,0,1.21
173,33.1,23.4,0,1.09
174,31.9,22.9,1,0.74
175,32.1,22.9,0.2,0.7
176,33.3,22.9,0,0.91
177,33.2,22.8,0,1.11
178,35.2,23.5,0,1.01
179,34.9,22.8,1.2,1.13
180,34.1,22.6,13.2,0.81
181,31.2,23,4.4,0.78
182,33.6,22.9,4.1,0.72
183,31.9,21.6,0,0.99
184,32.5,23.2,0,1.06
185,27.9,22.3,3.3,0.62
186,32,22.9,1.4,0.55
187,32.9,21.6,0,0.97
188,32.7,21.7,6.5,1
189,31,21.8,0,1.02
190,33.2,21,0,0.72
191,33.7,21.5,0,0.78
192,33.8,21.7,4.3,0.79
193,31.9,22.8,0,0.87
194,32,23,0,0.97
195,31.9,23,0,0.94
196,32.2,22.8,0,0.92
197,33.2,22,0,1.06
198,34.2,23,1.8,0.89
199,34.4,22,1.8,0.69
200,33.8,22,0,0.93
201,33,22.7,0,0.93
202,34,23.6,0,1.11
203,33.8,23.9,8.3,0.76
204,33.2,23,0,1
205,29.9,23.9,0,0.79
206,33.5,23.9,0,1.08
207,32.7,23.1,0,0.76
208,33.8,23,0,1.14
209,34.7,23.1,0,1.04
210,33.8,22.5,0,1.39
211,35,22.3,0,1.01
212,35,22.8,0,1.14
213,33.7,22.6,0,1.04
214,33.2,22.1,0,0.86
215,33.2,22.5,0,1.12
216,34.4,21.8,0,1.14
217,33.8,23,1.1,1.09
218,34.2,22.3,8,1.12
219,34.1,22.1,0,0.78
220,33.3,22.1,0,0.89
221,32.5,23,4.1,0.91
222,33.4,20.6,11.5,0.72
223,32.9,21.1,5.4,1.29
224,32.4,22.5,0,0.92
225,32.1,22.4,0,1.01
226,32.8,22.5,0,1.07
227,33.1,22.2,0,1.15
228,33.8,22,0,1.29
229,33.8,23.6,0,0.98
230,33.6,23,20.5,1.04
231,33.7,22.2,0,1.12
232,33.8,22.5,0,1.23
233,33,22.3,0,1.3
234,33.5,22.5,1.2,1.19
235,29.7,22.3,0,0.4
236,32.9,22.6,0,0.84
237,33,23.1,0,0.96
238,34,23,6.3,1.17
239,31.3,23.2,6,0.96
240,32.8,22.7,0,0.86
241,33.1,22.6,0.4,0.87
242,33,23.1,7.2,1
243,32.9,22.8,10.9,0.81
244,33.2,22.9,0,1.01
245,34,22.1,54.4,0.97
246,31.2,22,0,0.86
247,31.6,23,32.3,0.99
248,31.5,21.6,0,0.69
249,33.5,23.1,0,0.96
250,33,23.1,0,1.04
251,33.2,22.1,0,1.06
252,31.9,21.6,0,0.92
253,31,22.7,37.4,0.65
254,32.2,23,0,0.65
255,32.4,22.8,0.5,0.71
256,32.8,22.4,0.6,1.13
257,32.7,21.8,0,0.8
258,32.6,22.3,32.4,0.77
259,32.4,22.5,0,0.77
260,31.9,22.8,6.4,0.71
261,31.4,22.4,3.7,1.17
262,31.3,22.5,0,0.9
263,32.2,22.7,0,0.88
264,29.5,23.1,0.5,0.7
265,32.5,21.5,23.9,0.71
266,32.8,22.5,0.3,0.87
267,32.6,22.1,0,0.97
268,32.6,22,0,1.19
269,33,23,0,0.94
270,32.6,23,0,0.98
271,32.7,23.8,35.5,0.77
272,32.4,22.8,0,0.69
273,31,22.5,7.5,0.85
274,28.4,22.1,0,0.46
275,32,22.2,0,0.74
276,32.5,23,0.4,1
277,33.2,22.5,4.7,0.97
278,32.5,22.6,1.2,0.66
279,32.3,22.7,0,0.74
280,31.9,22.3,0.2,0.84
281,32.2,22.5,0,0.6
282,31.4,22.4,0,0.64
283,31.4,22.9,0,0.65
284,32,23,0,0.78
285,32.1,22.7,29.4,0.85
286,29.7,22.6,6.3,0.95
287,32.1,22,12.9,0.67
288,30.8,22,6.6,0.97
289,32.1,21.6,1.7,0.68
290,33,21.2,3.2,0.67
291,33,21.5,13.6,0.81
292,31.7,21.4,88.3,0.81
293,31.8,20.7,60.4,0.81
294,32,22.2,1.4,0.82
295,32.4,22.6,0,0.82
296,32,21.8,0,0.75
297,32.4,22.2,0,0.86
298,32.2,22.5,0,0.61
299,32,22.6,0,0.81
300,30.9,23.5,0,0.83
301,32.8,22.4,0,0.7
302,32.8,23.1,0,0.72
303,29.8,23.1,0,0.6
304,31.2,23.1,46.2,0.64
305,31.8,21.6,6.6,0.84
306,33.3,22,3.3,0.79
307,33.5,22.3,38.7,0.72
308,33.2,22.5,24.8,0.72
309,33,22.3,31.4,0.63
310,31.9,22.3,2.6,0.55
311,31.8,22.2,12.9,0.35
312,31.4,22.5,6,1.01
313,32,22.3,9.1,0.42
314,32.1,22,6,0.9
315,31.2,22.3,0,0.46
316,32.2,22.6,1.4,0.79
317,30.2,22.4,5,0.54
318,30.4,22,0.5,0.6
319,32.7,21.6,0,0.65
320,31.9,21.6,0,0.43
321,32.2,21.8,0,0.48
322,32,22,0,0.57
323,34,21.5,52.2,0.77
324,31.4,22.3,22,0.62
325,32.3,22.9,7.9,0.63
326,33.2,22.7,46,0.79
327,32.2,22.7,1.2,0.62
328,32,22.5,0.8,0.54
329,33.5,22.4,9.2,0.52
330,33.4,22.7,23,0.45
331,32.1,23.2,31.5,0.56
332,32.6,22.8,0.8,0.55
333,32.1,22.5,17,0.66
334,30.2,23.4,0,0.39
335,31,23,0,0.81
336,33.1,22.2,49.3,0.66
337,33,22.1,8.1,0.65
338,33,23.1,0,0.46
339,31.4,22.8,0,0.51
340,30,23,0,0.42
341,25.7,23.6,6.7,0.32
342,29.6,22.1,0,0.37
343,28.4,22,0,0.23
344,30.9,23.1,9.8,0.47
345,30.4,22,11.7,0.6
346,31.3,22.1,21.3,0.51
347,34.6,22.8,11,0.35
348,33.2,22.6,7.6,0.49
349,32.3,22.5,0,0.63
350,32.9,22.4,0,0.56
351,33.2,21,0.9,0.53
352,33.6,22.2,3,0.5
353,33.7,22.6,45.3,0.7
354,30.4,22.7,3.4,0.44
355,31.4,22.7,0.2,0.48
356,31.2,21.6,0,0.5
357,31.9,21.8,0,0.51
358,26.3,22.4,3.5,0.38
359,32.6,22.1,0,0.36
360,32,22.6,2.3,0.57
361,31.9,23,41.4,0.64
362,32,22,0,0.59
363,32.3,21.9,0,0.61
364,32.6,21.8,69.2,0.57
365,30.5,21.7,45,0.53
1,29.7,21.9,46.2,0.49
2,31.7,22.1,0,0.68
3,31.7,22.1,0,0.34
4,31.5,22.9,0,0.58
5,33.3,23.5,12.8,0.63
6,30.7,22,0.2,0.54
7,34.6,22,47.6,0.65
8,34,21.5,18.7,0.67
9,25.2,21.5,0,0.59
10,26.5,21,11.8,0.75
11,27.4,21.1,0,0.69
12,26.7,20.7,0,0.75
13,26.7,21.6,0,0.6
14,26.7,20.6,0,0.61
15,33.7,20.6,0,0.75
16,33.3,22,0,0.59
17,32,22,0,0.79
18,32.4,20.9,0,0.71
19,33.5,22,0,0.49
20,33.5,21.5,0,0.59
21,33.5,21,0,0.6
22,32.5,20.5,0,0.49
23,34.1,20,0,0.66
24,33.5,20.9,0,0.65
25,33,20,0,0.74
26,33.3,20.8,0,0.74
27,35.6,20.6,0,0.65
28,35.2,20.7,0,0.71
29,33.9,20.5,0,1
30,33.9,21,0,0.87
31,34.9,21.2,0,0.75
32,34.9,22.3,0.2,0.72
33,33.3,22.2,16.4,0.82
34,33.1,21.9,9.8,0.84
35,34.3,22.3,0,0.74
36,34.1,21.5,57.6,0.99
37,34,22.4,2.2,0.53
38,34.2,22.4,6,0.77
39,33,22.8,7.1,0.65
40,31.2,23.8,52.7,0.77
41,33,22.8,0,0.55
42,34.1,22.6,2.5,0.62
43,34,23,0,0.7
44,33.6,22.5,0,0.81
45,33.7,22.1,19.1,0.88
46,32.5,22,0,1.04
47,32.7,22.1,0,0.75
48,34.5,22.2,0,0.89
49,32.3,23,29.1,0.82
50,32.6,20.8,0,0.99
51,33.9,19.4,0,0.85
52,33.3,22.4,1.2,0.75
53,33.2,23.1,9.2,0.73
54,32.5,21.5,22.6,0.9
55,33.5,22.1,2.1,0.61
56,32.4,20.5,0,0.51
57,33.4,20.1,0.8,0.79
58,34.2,21,0,0.61
59,34.9,21.3,0,0.78
60,34,22.6,9.5,0.57
61,33.1,22.9,50,0.65
62,33.4,22.5,2,0.66
63,33.8,23.3,3.6,0.67
64,32.2,22.7,51.5,0.7
65,33,22.1,0,0.83
66,31.6,23,6.3,1.15
67,33,22.1,54.1,1.1
68,33.2,22.6,47.2,0.76
69,33.1,22.2,0,0.63
70,31.7,22.6,68.9,0.79
71,33.5,22.1,0,0.63
72,33.4,21.7,0,0.73
73,34.1,21.1,0,0.66
74,34.8,20.7,0,0.66
75,34.8,21.8,0,0.71
76,35,22,0,0.65
77,34.9,23,0,0.73
78,34.2,23.4,0,0.77
79,34.7,23.7,0,0.75
80,35,21.4,0,0.74
81,35.1,21.9,0,0.77
82,35.3,21.3,0,0.73
83,36.1,22.6,4.3,0.96
84,35.7,23.3,0.2,0.98
85,35.9,22.8,0,0.71
86,35.4,23.4,19.9,0.91
87,36,24.2,3.1,0.98
88,34.9,23.8,0,0.69
89,35,23.6,6.2,0.71
90,34.1,23.5,0.6,0.74
91,35,23.4,2.9,0.86
92,34.8,23.5,0,0.87
93,33.3,23.8,0,0.78
94,33,23.6,0,0.77
95,33.8,24,9,0.96
96,34.1,23.2,0,0.88
97,35.1,23.1,0,0.9
98,34,23.3,0,0.83
99,35.5,23.2,0.5,1.16
100,35.5,23.5,7.2,1.23
101,33.5,21.5,0,0.88
102,34.5,21.4,0,1.09
103,35.3,22,4.1,1.03
104,34.5,23.5,0,0.87
105,34.5,23.1,0,0.93
106,34.3,24.5,16,0.77
107,34.5,23.3,0,0.66
108,34.2,23.2,0,0.92
109,35.1,23.1,29.4,0.8
110,34.8,22.2,23,0.79
111,34.9,22.8,0,0.76
112,35.3,22.8,0,1.01
113,35,23.6,2.4,0.78
114,33.8,24,0,0.89
115,35,24,0,0.68
116,35,24,3,0.81
117,35,23.1,6.1,0.97
118,34,23.4,52.8,0.76
119,34.6,22.4,2.8,0.8
120,33.8,23.2,3.9,0.62
121,33.7,23,0.7,0.79
122,34.1,23,0.8,0.84
123,34,24,14,0.67
124,33,23.36,3.6,0.63
125,33,24.6,6.6,0.63
126,34.4,22.6,0,0.73
127,33,23.6,4.7,0.88
128,33,23.5,70.1,1.06
129,32.9,23.1,0,1.06
130,32,23.2,0,1.15
131,33,24.6,3.1,1.02
132,33.7,24.1,0,0.7
133,32.5,24.4,5.5,0.82
134,34,23.8,1.4,0.77
135,33.4,23.4,26.3,0.61
136,31.9,23.6,3.2,0.97
137,33,23.1,0,0.82
138,34.1,22.8,0,0.78
139,34,24.6,0,0.81
140,33.9,24.2,0,0.72
141,34,23.3,0.1,0.62
142,34,23,36.6,0.68
143,32.9,23.5,0,0.95
144,34.2,23.3,0,0.88
145,31.8,23.6,0.7,0.58
146,33.9,23.1,8.2,0.76
147,34,23.1,0.9,0.68
148,33.5,24,0,0.67
149,33,24.6,20.4,0.98
150,33.2,23,21.7,0.81
151,33,22.7,20,0.74
152,33.2,22.5,0,0.83
153,33.9,22.6,38.3,1.13
154,33.8,22.6,0.9,0.75
155,33.3,22.6,0,0.65
156,33.2,23.6,15.4,0.71
157,33,22.9,0,0.74
158,33.1,22.8,0,0.74
159,33.2,23.1,9.7,0.7
160,33.2,23.3,0,0.66
161,31.7,23.5,7.6,0.7
162,32,23.2,0,0.66
163,32.4,23.6,0,0.94
164,32.9,23.9,2.1,0.94
165,31.9,23.6,0,0.66
166,31.5,23.3,0,0.54
167,33,23,0,0.58
168,32.9,23,2,1.02
169,30,22.9,0,0.6
170,33.2,23,0,0.83
171,33.2,24.3,0,1.04
172,31.1,22.6,0,0.51
173,33.5,23.1,0,0.87
174,33.9,23.5,0,1.1
175,33.6,23.1,0,1.23
176,30.9,23.1,1.7,0.52
177,34,23.4,0,1.29
178,34,23.5,0,0.95
179,34,24.4,0,0.94
180,34.1,23,1.5,0.67
181,34.2,22.8,0,0.66
182,33,22.7,0,0.69
183,33.9,22,0,1.18
184,33.9,23,0,0.66
185,33,22.6,18.3,1.06
186,34.1,23.1,2.6,0.78
187,32.7,22.5,0,0.85
188,33.5,22.7,1.1,1.04
189,33.5,22.1,0,0.83
190,33.7,23.7,1.6,0.95
191,32.7,23.1,11.7,0.73
192,30.1,23.1,0,0.84
193,32.1,22.5,1,0.65
194,31.5,21.4,46.2,0.89
195,31.5,22.3,0.9,1.1
196,29,22.2,6,0.57
197,32.2,22.1,0,0.81
198,32.2,21.6,0,0.8
199,32.8,21.6,0,0.95
200,33.2,21.8,1.8,1.02
201,33.2,21.6,0,0.94
202,30.9,23,0,0.84
203,32.2,21.1,1.8,0.83
204,33,21.1,0,0.89
205,32.9,23,0,0.86
206,32.9,22.5,0,0.83
207,33,22.3,0,0.9
208,32,22.2,4.8,0.88
209,33.47,21.9,0,1.15
210,33.4,20.9,0,1.29
211,28.2,22,43.4,0.73
212,32.7,22.5,1.3,0.97
213,30.8,21.7,0.9,0.72
214,33.5,21.6,0,1
215,33.3,22.2,0,1
216,33.2,21.9,1.4,1.16
217,32.8,21.6,0,0.94
218,32.9,22,0,0.93
219,32.7,22.3,0.8,0.95
220,33.1,22.6,0,1.03
221,34.5,22.5,0,1.03
222,33.5,21,1.1,0.81
223,31.5,22,11.8,1.08
224,32.4,22.2,3.2,0.69
225,32.4,22.2,0,0.79
226,32.4,21.6,0,0.78
227,32.4,22.1,18.5,0.52
228,31.1,21.3,0,0.57
229,32.1,22,17,0.79
230,32.4,21.5,2.5,0.49
231,32.4,22.4,0,0.81
232,31.7,23.4,0,1.05
233,32,22.4,3.7,0.65
234,33.8,23.1,0,0.89
235,33.7,24.1,0,0.94
236,33,23.2,0,0.76
237,33.5,24,13,1.01
238,32.1,23,45,0.98
239,33.8,23.1,0,1.06
240,33.2,22.8,0,1.22
241,33.3,22.9,0,1.26
242,33.5,22.7,0,1.1
243,34,21.5,0,1.14
244,34,23,0,1.13
245,33.8,22.8,0,1.03
246,33.5,22.9,0,1.01
247,34.6,21.8,0,1.19
248,32.2,23.4,0,1.48
249,33.9,23,0,0.76
250,34.5,23,0,0.75
251,34.5,22.4,1.9,0.68
252,34.6,22.2,0,0.94
253,34.3,22.1,0,0.99
254,35.4,23,0,0.97
255,33.8,22.2,0,1.16
256,34.1,22.8,0,1.23
257,34,21.5,0,1.2
258,35,22.1,0,1.17
259,33.7,22.5,0,1.02
260,33.7,22.6,0,1.1
261,33.8,22.5,0,0.82
262,33.1,22.3,12.2,0.81
263,32.9,21,0.6,0.83
264,33,22.6,0,0.77
265,33.9,22.5,0.1,0.71
266,32.1,22.5,0,0.9
267,33.2,22.2,10.9,0.99
268,33.2,23.3,75.2,0.98
269,31.1,21.9,0.2,0.8
270,32.1,23,6.8,0.83
271,33,22.6,32.3,0.92
272,33.9,21.9,15,0.76
273,31.6,22,38.3,0.68
274,32.8,22,0,0.93
275,33.8,21.5,0,1.19
276,34.9,22.1,0,0.94
277,32.4,23.1,0.4,1.12
278,31.4,22.5,0,1.15
279,31.9,22.1,0,1.11
280,32,21.8,24.8,0.95
281,31.9,22,0,0.68
282,33.6,21.9,0,0.78
283,34,22.6,0,1.21
284,31.6,22.9,0,1.17
285,32.4,23.4,0,1.92
286,31.8,23.2,0,1.17
287,36,22.1,0,1.08
288,36,23,0,0.84
289,33.7,22.4,0,1.08
290,33.6,23.7,0,0.97
291,33.2,22.9,0,0.91
292,33.4,22.9,0,0.92
293,33.1,22.7,0.2,0.82
294,33.6,22.2,0,0.92
295,34,22.2,0,1.27
296,31.5,23,0,0.99
297,34.9,22.2,19,2.99
298,33.3,23.7,0,0.99
299,33,22.8,19.6,1.01
300,32,22.7,0,1.62
301,31.9,22.2,3.7,1.47
302,32.8,21.9,0.9,1.75
303,31,22,0.7,1.12
304,32.7,21.6,0.9,1.49
305,33.5,22.6,0,1.06
306,32.5,22.7,0,0.8
307,32.4,22.9,37.6,0.74
308,32.8,22.1,33.6,0.74
309,30.7,22.2,0,0.76
310,32.6,22.6,27,0.8
311,32,22,2.7,0.94
312,32.1,22.6,0.4,0.68
313,30.6,22.6,15.3,0.87
314,31,23.1,0,1.04
315,31.1,23.2,0,0.73
316,32,23.1,0,0.93
317,28.5,22.6,39.6,0.49
318,32,21.7,0,0.64
319,33.4,21.6,0.1,0.62
320,31.2,21.5,0,0.61
321,30.7,21.8,0,0.61
322,32.9,22.4,4.5,0.62
323,32.4,22.9,16.7,0.66
324,32,22.7,12.3,0.8
325,31.3,22.4,4.7,0.75
326,31.2,22,2.1,0.61
327,29.1,22.7,41.1,0.73
328,32.5,22.1,7,0.73
329,31.9,21.8,0,0.43
330,32.6,21.9,7.7,0.6
331,31.5,22.5,16.7,0.65
332,31.4,23.1,0,0.8
333,31.4,21.8,0,0.56
334,33.3,20.1,0,0.65
335,32.2,20.2,0,0.63
336,33.2,20.1,0,0.72
337,32,21.6,0,0.62
338,32.2,20.4,0,0.77
339,32.7,20.6,1.9,0.71
340,31.7,22,14.8,0.61
341,32.5,22.7,8.6,0.25
342,27.9,22.7,17.9,0.45
343,28,22.4,14.7,0.69
344,28.1,23,12.5,0.51
345,29.9,23.1,0,0.37
346,33.2,22,64.7,0.96
347,30.1,23,8.6,0.79
348,31.9,22.5,14.5,0.74
349,32.5,22.2,0,0.75
350,33.4,23.5,2.4,0.72
351,32.8,22.3,0.3,0.68
352,32.4,20.6,0,0.65
353,31.8,20.7,0,0.49
354,30.7,21.6,0,0.57
355,32.5,20.5,0,0.7
356,31.5,22,2.2,0.66
357,32.6,22.9,1.9,0.65
358,32.2,22.2,0,1.1
359,32.2,22.7,36,0.84
360,32,21.9,18.4,0.66
361,32.1,21.7,0,0.64
362,32,22.2,58.4,0.69
363,30.1,22.9,0,0.68
364,32,22.8,1.8,0.62
365,32.2,22.7,37.3,0.68
1,33,22.2,13.8,0.76
2,33.8,22.6,1.6,0.85
3,32.7,21.4,0,0.65
4,33.3,21.1,0,0.58
5,33.2,21.3,0,0.41
6,32.7,21,2.2,0.58
7,32.5,22,3.5,0.5
8,31.2,23.1,2.7,0.81
9,32.2,21.9,0,0.87
10,32.4,19.9,0,0.68
11,32.5,19.8,1.3,0.46
12,33.2,21.3,0,0.68
13,34,22.1,6.9,0.82
14,33.2,20.2,0,0.74
15,33.9,20.9,0,0.7
16,33.9,23.1,66,0.7
17,32.5,22.7,18.9,0.71
18,32.7,23.1,27.1,0.96
19,32.5,22,7.3,0.64
20,32.6,22.6,37.8,0.78
21,29.6,22.1,0.8,0.25
22,30.6,22.4,0,0.61
23,31.2,22.5,2.7,0.73
24,29.6,22.1,0,0.45
25,32.1,21.4,0,0.45
26,31,22.3,0,0.93
27,33,22.5,0,0.77
28,33.2,22,0,0.86
29,32.5,22.3,0,0.69
30,32.5,22.2,0,0.68
31,32,21.5,0,0.52
32,32,22,27,0.46
33,32,22,0,0.8
34,31.9,21.1,0,0.79
35,32.1,21,0,0.74
36,32.6,20.1,0,1.11
37,34,19.9,0,0.72
38,34.1,20.7,0,0.85
39,33.9,21,0,0.85
40,33.9,21,1.2,0.86
41,33.2,21.1,0.4,0.69
42,33.2,21.4,0,0.69
43,33.7,20.5,0.7,0.65
44,33.4,21.6,0,0.79
45,33.1,21,32.1,0.87
46,33.2,21.5,0,0.71
47,33.1,22,0,0.7
48,34.2,21.4,11.4,0.77
49,32.9,22,0,0.8
50,32.8,22.5,15.7,0.56
51,33.4,21.2,7.7,0.69
52,33.9,21.2,46.4,0.62
53,31.3,22.2,0,0.66
54,31.2,22.2,3.2,0.62
55,33,21.4,0,0.66
56,33.4,20.3,0,0.57
57,33.3,19.8,0,0.63
58,32.9,21,0,0.77
59,34.9,21.9,3.6,0.71
60,33.6,22,6.5,0.92
61,31.7,23.1,9.6,0.75
62,32,22.7,2.3,0.66
63,30,22.3,0,0.72
64,34.1,22.4,0,0.91
65,33.9,21.4,0,0.79
66,33.9,20.2,2.3,1.03
67,32.7,21.5,1,0.59
68,33.6,22.8,0,0.66
69,34.4,20.8,58.9,0.89
70,33.4,20.9,0,0.5
71,31.5,22.6,13.2,0.63
72,29.9,22.6,4.5,0.34
73,29.2,23.1,7.8,0.68
74,32.8,22.8,0,0.59
75,32.9,22.8,0,0.8
76,32.6,22.6,14.9,1.41
77,30.6,22.5,0.3,0.62
78,33.5,21.6,3.7,1.22
79,30.5,21.9,0,1
80,33.5,21.4,3.6,1.03
81,34.2,20.5,0.3,1.03
82,34.5,22.9,0,0.71
83,34.1,21,6.1,0.77
84,33.9,21.7,0,0.85
85,34,22,13.5,0.76
86,33.4,22.1,0,0.63
87,33.2,21.9,7,0.87
88,32.1,23,0.1,0.84
89,32.1,23,1,0.87
90,33.2,22.6,28.8,0.8
91,31.7,22.7,27.5,0.98
92,32.2,21.9,0,0.71
93,32.8,22.8,0,0.96
94,32.9,22.4,5.8,0.8
95,33,23.3,0,0.86
96,34.1,23,0,1.04
97,33.5,23.3,0,1.39
98,33.7,24.3,39.2,1.23
99,32.5,23.2,38,0.88
100,33.8,22.2,32.2,0.89
101,32.4,21.3,0.8,0.79
102,33.1,23,3.8,0.67
103,33.1,23.2,0,0.95
104,31.7,23.4,0,0.69
105,32,23,3.1,0.6
106,32.5,22,7.5,0.76
107,32.8,22.4,3.8,1.19
108,31.5,22.2,0,0.77
109,34,23.4,0,0.94
110,33.2,22.8,0,0.9
111,31.4,23.6,0,0.65
112,33.9,24.4,2.2,0.76
113,33.1,25.1,23.8,0.67
114,32.1,24,17.4,0.84
115,29.1,23.7,0,0.79
116,34,23.1,23.2,0.79
117,34.4,23.1,3.3,0.71
118,35.4,23.8,0.5,0.75
119,34.4,24.1,20.2,0.75
120,34.4,23.9,40.5,0.94
121,31.2,23.3,0.1,0.62
122,34,23.9,5,1.09
123,32.2,24.1,15.8,0.68
124,33,23.2,26.3,0.85
125,29.9,22.8,4.3,0.88
126,33.4,22.5,6,0.75
127,31.9,22.4,47.5,0.76
128,32.9,21.9,7.3,0.68
129,33.6,22.1,59.2,0.74
130,33.5,22,8.3,0.67
131,32.7,23.9,0.1,0.83
132,31.7,23.2,36.2,0.75
133,30.8,22.7,0.1,0.8
134,33.5,24.4,37.1,0.9
135,34.4,22.9,3.1,0.87
136,32.7,23.9,1.7,0.85
137,32.8,23.2,100.1,0.86
138,30,22.9,3.5,1.03
139,32,23.1,0,0.76
140,32.8,23.6,0,0.71
141,32.5,23.5,0,0.69
142,32.4,23.2,2.8,0.85
143,33,23.5,1.5,0.76
144,33.2,22.7,31,0.98
145,33.9,23.9,0,0.59
146,31.7,23.6,0,0.8
147,34.7,23.5,0,0.87
148,32,23.9,21.4,1.01
149,32.4,24.4,16,0.68
150,33.8,22.9,0,0.78
151,31,22.9,0,0.82
152,31.5,24,0,0.54
153,33.5,23.5,0,1
154,33.5,24,0,0.79
155,33,23.5,82,0.68
156,33,23.5,0,0.87
157,32.7,23.6,0,0.6
158,32.9,24.2,0,0.89
159,32.7,23.6,12.9,0.98
160,32.7,23.1,5.8,0.69
161,33.5,22.2,0,0.62
162,32.7,23,1.2,0.44
163,33.5,23.4,16.6,1
164,33,21.2,0,0.61
165,33.6,23,0,0.79
166,34,22.6,0,0.67
167,33,23.4,5.5,0.89
168,28.5,23,3.8,0.45
169,32.7,22.8,0,0.91
170,33.5,22.1,0.1,1.1
171,32.6,23.1,0,1.15
172,31.7,22.5,0.1,0.67
173,34.1,23.1,1.2,0.69
174,34,23.1,0,0.86
175,33.1,22.1,42.6,1
176,29.9,23.1,7.3,0.52
177,31.1,22.9,0,0.89
178,33,21.8,0,0.95
179,32.6,23.4,0,1.11
180,32.5,23,0,0.99
181,30.3,23,2.2,0.49
182,30.9,22.6,1.3,1.02
183,29.5,22.6,13.7,0.59
184,32.6,22,35.1,0.81
185,32.7,21.6,1,0.52
186,33,21.6,12.9,1.04
187,31.9,22.5,22.1,0.55
188,31.9,23,31,0.74
189,29.4,21.5,0,0.53
190,32.1,21.5,0,0.69
191,31.7,22,0,1.04
192,29.8,22.8,0,0.5
193,32.2,22.7,0,0.67
194,31.9,23,5.5,0.71
195,32,22.4,0,0.83
196,32.9,22.9,0,1.02
197,32.9,23.1,13.7,0.68
198,34.1,23.1,0,0.89
199,34.2,23.4,72.7,0.85
200,32.2,22.9,0.1,0.85
201,32.6,22.2,0,0.92
202,30.9,22.9,3.9,0.89
203,31.2,22.9,0,0.84
204,32.1,23.1,0,0.78
205,32,23.4,19.3,0.47
206,32.7,21.2,0,0.57
207,30.7,22.6,7.9,0.7
208,32,22.7,8,0.69
209,33.1,21.7,33.3,0.97
210,30.9,22.7,0.2,0.88
211,31.4,23.4,0,0.71
212,32,22.6,0,1.16
213,32.4,20.8,0,0.97
214,32.6,23,0,1.12
215,32.6,22.9,0,0.71
216,32.6,23.4,0,0.91
217,32.8,22.6,0,0.73
218,33.4,22.7,0,0.74
219,30.8,22,0.1,0.68
220,33.4,22.1,0,0.63
221,33.8,22.6,0,1.16
222,33.4,22.8,0,1.17
223,33.1,23,16,0.99
224,30.7,22.5,4.5,0.6
225,31,22.1,1.5,0.96
226,32.9,20.6,0,0.85
227,32.4,22,0,0.94
228,33.8,21.9,0,0.93
229,32.9,22.5,0,1
230,31.2,22.8,0.5,0.73
231,32.6,22.2,0,0.72
232,32.3,22,0,1.15
233,32.9,22.7,0,1.08
234,30,22.9,0.5,0.86
235,31.1,22.6,10.7,0.88
236,29.9,22.1,0,0.47
237,32.8,22.1,0,1.03
238,32.8,23,0,0.95
239,32.3,23,0,0.87
240,30.8,23,0,0.62
241,32.6,22.8,0.9,0.81
242,33.3,22.2,0.1,0.81
243,32.2,23.1,0,1.05
244,32.1,22.4,0,0.99
245,32,22.1,3,0.97
246,33.2,20,0,1.06
247,32.4,22,1.7,0.9
248,30.2,22.3,1.7,0.72
249,33.1,21.7,0,1.12
250,33.1,22.7,0.3,0.92
251,31.5,22.1,23,0.88
252,31.4,21.4,71.1,0.88
253,29.9,22,0,0.74
254,30.9,22,6.5,0.49
255,33.6,21.5,0,1.19
256,34,22,0,1.21
257,33.4,22,1.3,0.84
258,30.1,21.8,18.5,0.49
259,31.2,22.1,0,0.81
260,31.5,22.9,0,0.81
261,32.4,23.1,0,0.89
262,31.4,21.6,21.9,0.91
263,32.2,22.1,0,0.85
264,32.7,23.1,0,1.09
265,33,23.5,10.5,1.02
266,32.8,22.7,13.4,0.78
267,31.1,22.8,57.3,0.97
268,31.4,22.1,0.2,0.83
269,32.5,22,0,0.96
270,32.8,23,39.2,0.76
271,31,22.2,5.2,0.86
272,31,22.2,39.7,0.83
273,32,21.7,0,0.99
274,32.4,22.7,0,0.86
275,32.4,23,0,1.11
276,31.2,23,0,0.75
277,31.9,22.3,10.8,0.75
278,31.5,22,7.9,0.71
279,32.4,23.1,0,1
280,31,22.4,0.2,0.88
281,33.7,23.5,3.2,0.87
282,33.1,23.6,0,1.06
283,33.5,24.1,0,0.81
284,31.2,24,23.9,0.51
285,30.9,22.6,22.2,0.67
286,30.7,22.5,22.4,0.77
287,32,22.2,8.6,0.71
288,32.2,22,0,0.72
289,31.1,23.1,0,0.96
290,31,20.9,15.8,1.19
291,30,20.7,0.2,0.55
292,32,21.7,0,0.97
293,32.6,22,5.7,0.7
294,32.3,21.7,5.1,0.71
295,32.1,21.6,60,0.71
296,31.9,21.7,2.6,0.71
297,33,22.1,0,0.91
298,32,22.9,27.3,1.02
299,33.7,23,27.1,1
300,31.2,21.7,0.1,0.64
301,33,22.7,0,0.95
302,33,24,1.1,0.82
303,31.3,22.4,1.1,0.71
304,32,23.1,36.4,0.76
305,32,22.6,20,0.72
306,32.1,22.3,8.5,0.6
307,32,22.6,8.9,0.74
308,30.2,22.53,1.9,0.45
309,32,22.5,0.5,0.47
310,30.5,22.5,21.7,0.36
311,31.9,23.5,15.8,0.58
312,31.8,23.2,17.7,0.52
313,30.9,22.2,1.4,0.52
314,31.6,23.2,11.9,0.51
315,32,22.6,7.4,0.79
316,32.2,22.5,13.2,0.79
317,31.1,22.4,5.7,0.96
318,32.7,22.9,0.6,0.84
319,32.6,22.6,2.3,0.84
320,32.6,22.2,1.6,0.85
321,32.6,22,5.1,0.86
322,33.2,22,7.8,0.68
323,32.4,22.1,20.6,0.69
324,32.2,22.1,24.7,0.64
325,33.5,21.6,0,0.68
326,33.4,22.9,1.4,0.87
327,33.2,23,17.8,0.54
328,32,22.8,28.8,0.75
329,33,23.1,3.6,0.72
330,33.2,22.5,2.1,0.7
331,32.5,22.9,0.6,1
332,33,23,0,0.78
333,32.9,23,43.9,0.76
334,30.2,22.9,1.7,0.52
335,32.3,22.6,4.4,1.19
336,32.2,23.6,0,0.59
337,34,22.6,0,0.84
338,34.1,22.6,33.9,0.79
339,31.3,23,10.4,0.72
340,32.2,22.7,3.2,0.52
341,32.6,23.2,49.6,0.81
342,33,22.7,3.2,0.71
343,30,23.1,0.1,0.82
344,32.9,22.1,3.9,0.75
345,32.8,22.2,0,0.76
346,32.7,22.1,43.7,0.66
347,31.8,22.1,0.3,0.54
348,32,23.2,0,0.58
349,33.2,22.9,6,0.58
350,33.2,22.5,3.6,0.89
351,33.4,22.6,0,0.94
352,33.6,22.5,52,0.79
353,28.5,22.2,14.1,0.55
354,29.4,22.2,0,0.38
355,31.2,22.1,0,0.57
356,33.7,23,35.3,0.75
357,33.7,21.8,28.8,0.65
358,29.3,21.9,38.4,0.48
359,30.5,23,2,0.5
360,30.9,22.2,0,0.76
361,30.5,22.2,6.6,0.6
362,31.7,22.1,2.3,0.65
363,30.4,23.1,4.5,0.39
364,30.4,22.2,6,0.5
365,30.5,22.3,0.1,0.44
1,31.4,22.5,0,0.71
2,30.4,22.5,0,0.89
3,31.9,21.4,0,0.53
4,33.5,21.4,0.8,0.48
5,34,22.6,18.8,0.97
6,26.7,23,0,0.52
7,34.1,21,0,0.57
8,33.5,21.7,0,0.61
9,32.7,22.1,0,0.63
10,32,22.4,0.3,0.82
11,32.2,22.1,2,0.78
12,34,22.1,9.3,0.95
13,34,22.4,0,0.78
14,33,22.1,0,0.62
15,34,22.5,9.4,0.77
16,33.9,21.4,0,0.58
17,33.4,21.9,0,0.53
18,33,21.5,0,0.54
19,33,22.2,1.3,0.6
20,33.1,20.1,0,0.71
21,33.5,20.6,0,0.76
22,34.2,21.6,4.1,0.85
23,33.5,21.5,0,0.65
24,33.5,20.1,0.1,0.75
25,32.2,20.7,0,0.51
26,32.3,21.1,0,0.47
27,30,21.5,0.3,0.77
28,30.8,22.9,16.1,0.54
29,33,22.1,0,0.63
30,33.2,23.6,20.5,0.81
31,33.2,22.7,0,0.75
32,33.2,22,0,0.56
33,30.2,22.1,0,0.64
34,34.2,21.4,0,0.76
35,34,20.8,0.2,0.67
36,34,21,2.4,0.59
37,34,21,0,0.6
38,33,21.6,0.2,0.54
39,33,22.6,2.4,0.5
40,32.4,22.7,31.7,0.66
41,32.7,22.1,3.1,0.68
42,30.5,22.5,0,0.56
43,33.1,22,44.3,0.88
44,30.8,22.6,0,0.75
45,32.4,22.8,4.9,0.62
46,33.1,22.4,0,0.71
47,32.6,22.4,42.1,0.6
48,32,19.8,0.1,0.79
49,33.5,22.4,0.6,0.6
50,32.5,22.7,0,0.74
51,33.3,22.5,1,0.69
52,33.5,21.4,2.3,0.76
53,33.2,21.5,4.1,0.81
54,32.4,26.9,0,1.05
55,34,21.5,0,0.81
56,33.4,21.9,0.4,0.86
57,34.7,21.2,36.2,0.7
58,33.7,21.4,40.4,0.81
59,33.4,20.9,0,0.68
60,34.3,21,0,0.66
61,34,21,0,0.69
62,33.7,21.7,0,0.75
63,33.4,21.1,0,0.77
64,34.5,22,0,0.57
65,33,22,7.5,0.57
66,32.1,22.9,3.5,0.49
67,32.1,22.6,2.9,1.02
68,31.7,22.7,14.4,0.2
69,31.9,22.2,10.7,0.57
70,31.5,22.5,11,0.76
71,33,23,137.9,0.9
72,32.9,21.2,7.5,0.69
73,32.6,22,1.7,0.78
74,27.5,22.4,2.2,0.56
75,33,22.3,0.6,0.71
76,31.3,22.5,9,0.69
77,31,22,33.5,0.39
78,31.5,22.5,14.3,0.59
79,31.9,22.2,29.3,0.59
80,32.6,21.8,0,0.73
81,32.2,22.6,2,0.98
82,32.4,22.6,0.1,0.87
83,33.3,23.8,1.8,0.8
84,33.4,22.5,0,0.72
85,32.7,22.4,0,0.7
86,32.5,22.2,26.5,0.75
87,32,21.5,35.7,0.67
88,31.3,22.1,0,0.36
89,33,23,1.5,0.52
90,31.4,22.7,3.3,0.49
91,33,22.4,3.2,1.31
92,31,22.3,1.8,0.67
93,33.7,23,31.5,0.58
94,33.6,21.5,48.3,0.89
95,32.8,20.7,0,0.57
96,33.4,21,0,0.73
97,33.2,21.1,0,0.77
98,33.4,23,0,1.17
99,34.2,22.1,0,0.88
100,34.2,22.5,0,1.1
101,33,22.5,0.2,0.97
102,33.3,23.1,0,0.8
103,34,23.4,4.8,1
104,33,23.6,3.2,0.7
105,34,22.4,22.1,0.71
106,34.9,22.4,0,0.62
107,32.9,21.9,0,0.68
108,33.2,22,5.3,0.86
109,33.1,22.2,8.5,0.64
110,33.7,23.1,0,0.68
111,31,23.2,13.9,0.5
112,32.5,22.3,50.1,0.91
113,31.8,22.1,1.5,0.79
114,33.4,23.1,0,0.76
115,33.9,22.7,62.4,0.68
116,31.9,22,0,0.64
117,33,23.5,13.6,0.88
118,31,22.7,0,0.62
119,33.2,24.1,0,0.72
120,33.7,23.3,0.1,0.61
121,33.8,23,0,0.95
122,34.1,23.4,0,0.92
123,34.2,23.9,0,0.65
124,34.6,23,18.5,0.71
125,33.1,22.8,0,0.44
126,32.9,22.9,72,0.94
127,31.1,22.3,3.4,0.55
128,33.5,22.4,0.2,1.09
129,31.4,22.3,0,1.31
130,33,23.3,3.8,0.71
131,33.1,23.2,0,0.87
132,33.2,23.7,0,0.85
133,33.1,23.1,0,0.63
134,33.2,22.2,0,0.93
135,32.8,22.2,0,0.92
136,33.1,23,0,0.76
137,32.9,22.3,0,0.71
138,33,23.3,0.7,0.96
139,33,23.1,33.4,0.69
140,31.2,23,0.4,0.65
141,31.2,23.3,0,0.79
142,33.1,22.3,0,0.83
143,33.2,23.1,0,0.68
144,33,23,0.7,0.99
145,31.7,23.4,0,0.74
146,33.1,24,2,0.99
147,32.7,23.7,1.2,0.74
148,31.6,23.3,2.6,0.65
149,32,22.3,0,0.91
150,32,23.2,0,0.88
151,33,23.6,2.5,0.54
152,32.5,22.3,19.2,0.89
153,32,23.5,0,0.83
154,33.7,23.7,3.4,0.66
155,33.5,24.1,0,0.71
156,30.8,24,87.2,0.61
157,31.8,21.5,0,0.53
158,33.6,22.4,0,1.25
159,33.5,22.5,0,0.74
160,32.2,23.2,7.2,1.32
161,32.5,22,17,1.09
162,32.8,22,0,0.83
163,33.2,22,0,1.16
164,33.1,23.2,4.7,0.72
165,33.5,23,0.1,1.09
166,32.7,23.2,0,0.81
167,33.5,22.4,0,1.06
168,33.5,23,0,0.8
169,33.5,23.1,0,1.1
170,32.4,22.8,2.6,0.66
171,32.3,22,0,0.97
172,32.5,22.4,0,0.76
173,30.6,22.7,0.4,0.72
174,32.1,22.6,0.3,0.94
175,32.7,22.6,12.1,1.08
176,32.7,21.5,0,0.57
177,32.8,21.5,0,0.99
178,33.1,22.6,0.2,1.08
179,33.1,22.8,2,0.88
180,32.3,22.5,66.1,0.86
181,31.2,21.4,0,1.01
182,26.2,22.6,27.8,0.53
183,31,21,0,0.85
184,32.1,21.7,0,0.97
185,31,21,30.1,1.21
186,33.2,21.7,0.6,0.52
187,32,21.6,0,0.88
188,32.5,21.7,0,0.95
189,32.7,22,0,1.02
190,32.4,21.7,0,1.03
191,32.4,22,4.3,1
192,32.4,22,1.8,0.73
193,32.7,21.6,0,0.79
194,33.5,21.4,0,1.07
195,31.8,21,0,0.8
196,31.8,21.4,0,1
197,33,22.1,0,1.07
198,31.9,22.5,8.5,0.84
199,32.8,20.4,0,1.05
200,34.1,22,0,1.09
201,33.7,22.1,0,1.21
202,32.4,22.1,32.2,1.38
203,32.4,20.9,0,0.94
204,31.9,20.9,0,0.85
205,32.5,22.9,3.2,1.27
206,30.5,21.3,3,0.53
207,32.5,21.4,0,0.96
208,32.5,21.8,0,1.09
209,32.5,21,0,1.08
210,32.5,21.2,0,1.04
211,32.4,21.2,0,1.12
212,32.3,21.9,0,0.86
213,32.4,21.7,0,1.07
214,32.6,22.8,0,1.21
215,32.5,22.1,0,0.94
216,33.5,22,0,1.17
217,33.2,22.1,0,1.13
218,30.8,22.6,0.2,0.65
219,33.7,22.5,0,0.95
220,33.2,21.9,0,1.23
221,33.7,21.7,0,1.05
222,33.7,21.8,0,1.14
223,34,21.9,6.7,0.98
224,33.7,21.6,0,1.06
225,33.8,22.5,0,1.18
226,35,22.4,0.2,1.32
227,33.9,22.7,28.3,0.73
228,32.9,22,0.1,1.2
229,30,21.5,0.4,0.9
230,30,22.6,0.3,0.77
231,32.1,22.6,33.6,0.93
232,32.2,22.6,16.8,0.88
233,32.1,21.7,0.7,0.91
234,32.3,21.6,0,1.07
235,33,21.5,0,0.78
236,33,21.1,0,0.79
237,32.4,22.7,2.9,0.97
238,28.7,22.9,3.6,0.42
239,33.1,22.1,0.7,0.52
240,33.4,21.2,0,0.96
241,31.8,21.7,5.3,1.27
242,31.9,21.7,11.7,0.9
243,28.7,22.3,4,0.41
244,31.4,22,0.1,0.74
245,32.4,22.5,0,0.83
246,32.5,22.4,0,0.73
247,33.5,21.7,0,1
248,30.9,21.7,2.1,0.75
249,33,21.5,0,1.06
250,33.9,22.6,0,0.93
251,31.3,22.5,0,0.9
252,32.9,22.8,10.9,1.41
253,32.7,20.5,0,0.83
254,31.7,22.2,19.9,0.92
255,31.6,22.1,0,0.65
256,33,22.1,0,1.12
257,31.7,23.6,0.3,0.86
258,31.7,22.9,0,1.07
259,33.8,21.7,0,1.04
260,33.2,21.7,10.6,0.76
261,32.1,22.2,0.6,0.98
262,31.6,22,37.7,1.24
263,31.4,21.6,0.6,0.78
264,30.9,22,0.5,0.58
265,34,21.1,0,0.96
266,34.5,22.1,2.5,0.87
267,31.8,22.1,0,1.14
268,28.7,22.6,20.2,0.6
269,33,22.7,0,0.78
270,32.5,23.1,0.1,0.55
271,32.6,23.5,2.6,0.89
272,32.1,23.5,0,0.65
273,31.6,23,15.1,0.61
274,30.2,23.1,0,0.55
275,30.2,23.1,0.2,0.46
276,32,23.4,0,0.69
277,32.9,22.8,3.4,0.75
278,32.4,22.9,0.2,0.7
279,33.7,23.2,0.8,0.97
280,33.4,22.7,24.8,0.83
281,33.1,21.4,20.8,0.98
282,34,21.6,0.1,0.73
283,34.2,22,0.1,0.78
284,33.7,22.5,0,0.87
285,33.5,22.5,16.8,1.1
286,31.9,21.4,24.7,0.74
287,32.3,22,1.9,0.84
288,30.7,22.1,4.4,0.61
289,33,21.6,0.4,0.62
290,33,22.3,27.2,0.63
291,32.9,22,14.9,0.8
292,32.9,21.7,24.1,0.7
293,33.7,20.8,4.3,0.77
294,32.6,21.5,0,0.93
295,33.1,22.7,17.1,0.82
296,31,23,0,0.84
297,31.1,23.2,0,0.64
298,31.4,23.2,11.2,0.58
299,31.7,23.3,0,0.74
300,30.2,23.3,5.2,0.51
301,30,23.9,3.1,0.79
302,30.1,23.3,0.9,0.23
303,32,23.8,0,0.67
304,32.3,22.8,0.3,0.53
305,32.1,22,0.6,0.72
306,32,21.4,31.3,0.75
307,29.6,21.9,0,0.74
308,31.7,22.1,2.4,0.55
309,31.8,22.7,0.2,0.54
310,31.9,23,1,0.54
311,32.3,21.6,6.3,0.72
312,33,22,12.1,0.43
313,30.6,22,23.5,0.62
314,32,22.2,5.6,0.48
315,33.4,22.1,6.2,0.48
316,31.2,23.1,3.2,0.41
317,31.9,21.6,1.8,0.58
318,32,23.2,2.3,0.66
319,32.2,22.9,4.4,0.67
320,32.9,22.7,24.4,0.7
321,28.9,23.2,10.3,0.48
322,30.9,23,2.3,0.3
323,31,23.6,19.3,0.58
324,31,22.6,12.9,0.7
325,31.3,23,45.7,0.2
326,32.7,22.5,1.2,1.11
327,33,23.3,8.9,0.53
328,32.1,23,31.1,0.54
329,32.6,22.4,10.4,0.84
330,32.9,22.7,1.9,0.54
331,33.5,22.5,1.9,0.75
332,33.3,23.3,2.9,0.79
333,33.5,23,41.8,0.61
334,33.5,22.2,0.1,0.6
335,31.7,23.2,6.2,0.5
336,31.9,22.9,0.2,0.53
337,30.7,22.7,10.5,0.56
338,32.1,22,5.2,0.72
339,28.9,22,1,0.44
340,28.2,22.5,4.5,0.53
341,30.2,22.6,3.7,0.62
342,31.2,22.5,40.3,1.57
343,31.2,22.3,0,1.05
344,32.9,22.3,0,1.17
345,31.2,22,0,1.1
346,32,21.2,0,1.01
347,32.6,22,0,0.7
348,31.5,16.6,0,0.68
349,33,21.4,0,0.58
350,33,22.1,0,0.69
351,33.4,22.2,0,0.62
352,32.8,23.1,0,0.59
353,32.9,23.5,0,0.53
354,31.5,22.9,0,0.42
355,29.9,21.6,0,0.3
356,33.8,22,0,0.74
357,33.2,21.5,0,0.69
358,32.2,21.9,0,0.63
359,34.3,21,0,0.66
360,33.2,21.4,0,0.85
361,33.5,21.9,0,0.73
362,34.4,22.2,11.3,0.73
363,32.5,22.9,0.3,0.68
364,34.1,22.5,7.9,0.67
365,33.2,22.8,0,0.59
1,34.3,22.5,0,0.54
2,34.4,22.5,36.8,0.66
3,34.4,22.5,0,0.84
4,33.6,22.5,0,0.41
5,32.6,22.3,0.2,0.82
6,33.5,23,19.7,0.7
7,32.5,22.9,8,0.61
8,32.4,23.2,1.2,0.44
9,32.4,20.6,0,0.69
10,32.1,21.1,0,0.52
11,32.5,21.2,0,0.69
12,32.7,20.9,0,0.49
13,33,21.7,0,0.65
14,33.1,21.6,0,0.53
15,33.2,21.3,0,0.66
16,33.2,21.4,0,0.49
17,33.5,20.1,0,0.6
18,33.7,20,0,0.67
19,33,20.5,5.1,0.59
20,31.9,21.7,11.7,0.93
21,29.1,21.8,7.5,0.56
22,31.4,22,6.8,0.47
23,31.8,21.6,9.9,0.48
24,31.9,21.3,2.8,0.49
25,32,22.9,0,0.76
26,32,22.6,2.7,0.55
27,33.2,22.8,0,0.82
28,33,22.6,0,0.53
29,33.5,23,6.8,0.63
30,33.5,21.3,0,0.63
31,33.7,21,0,0.62
32,33.5,21.2,1.3,0.4
33,33.6,21.8,6.9,0.69
34,31.5,22.7,1.5,0.83
35,33.4,22.2,0.1,0.88
36,31.1,22.2,0,0.99
37,29.4,21.2,0.4,0.33
38,30.9,21.6,0,0.54
39,32.5,21.7,0,0.6
40,35.1,20.1,0,0.78
41,34,20.5,0,0.64
42,33.3,20.8,0,0.71
43,33.7,21.8,0,0.4
44,34.9,21,0,0.52
45,33.6,20.7,1.2,0.81
46,32.9,22.9,56,0.75
47,33.7,22.1,19.3,0.71
48,33.2,22.1,0,0.63
49,33.3,23.1,13.7,0.64
50,34.5,23,0.9,0.76
51,34,23.2,0,0.68
52,34.5,22,14.2,0.68
53,33.6,22.1,0,0.74
54,32.2,23,1.2,0.83
55,30.7,22.2,22.7,0.56
56,34.6,22.3,0,0.53
57,34.6,22,14,0.65
58,31.1,21.9,0.5,0.72
59,32.8,22.5,1.4,0.53
60,33.4,22.2,0.6,0.63
61,33.5,22.1,0.3,0.75
62,32.3,23.2,0,0.55
63,33.5,22.7,10.5,0.88
64,30.5,22.5,20.7,1.04
65,33.5,21.2,10,0.83
66,30,21.5,0.5,0.59
67,34,21,0,0.5
68,34.5,22,0,0.76
69,35,21.5,0,0.78
70,35,22,0,0.74
71,35,21.5,0,0.84
72,34,22,19.4,1.03
73,34.3,23,20,0.72
74,34.2,22.1,0,0.7
75,33.9,22,0,0.85
76,35,21.8,0.3,0.64
77,35,22.4,0,0.75
78,35.1,22.3,36.9,0.76
79,32.7,22.2,23.7,0.6
80,33.8,21.6,0,0.66
81,35.2,21.5,6.2,0.63
82,34.4,22.2,13.5,0.65
83,33.7,22.9,0.1,0.98
84,35,23.6,0,1
85,34.6,23.5,0,0.94
86,32.3,23.6,23.8,0.51
87,34.7,22.9,3.4,1
88,32.9,23,0.4,0.85
89,34.5,22.9,0,0.78
90,34.5,23,1.8,0.91
91,34,23,0,1.02
92,35,24,62,1.09
93,35.1,23.1,1.7,1.26
94,32.8,23.1,5.2,0.7
95,33.6,23.6,5.6,0.89
96,34.5,23.3,1.9,1.18
97,34.5,23.4,0,0.72
98,32.7,23,9.3,0.52
99,35,22.2,5,0.58
100,33.1,22.9,0,0.7
101,35.1,22.8,13.6,0.68
102,34.2,23.6,2.9,0.67
103,33.8,23.2,0,0.77
104,32,23,3.5,0.55
105,33.7,23,0.8,0.74
106,33.8,23.6,0,0.73
107,34.1,22.6,2.4,0.94
108,35,22.8,3.9,0.74
109,31,22.1,0,0.85
110,33.9,23,1.7,0.51
111,32.6,23,2.7,0.46
112,33,23.9,83.9,0.58
113,33,23.1,1.3,0.55
114,33.5,23.2,22.6,0.97
115,34,22,37.2,0.82
116,33.9,22.3,76,0.61
117,32.9,22.3,48.4,0.63
118,32.8,22.2,1.5,0.76
119,33.9,23,9.1,0.87
120,33.6,22.9,3.4,0.61
121,35,23.2,12.9,0.63
122,32.8,23.4,1.5,0.69
123,34,22.5,36.7,0.53
124,33.7,23.1,1.5,0.9
125,32.6,23.4,12,0.71
126,33.7,23.4,0,0.58
127,35.4,23.1,0,0.44
128,35.4,22.1,0,0.53
129,35.2,22.2,56.8,0.7
130,35,23,0,0.63
131,35.1,22.9,10.6,0.72
132,35,23,63.1,0.51
133,35.4,23.1,0.2,0.6
134,35.2,23.2,0,0.62
135,33,23.2,0,0.96
136,34.2,24,0,0.79
137,34.5,23.2,0,0.47
138,34.5,24.5,6.3,1
139,34,22.8,0,0.95
140,35.7,23.1,0.8,0.84
141,35.2,23.1,0,0.66
142,34.6,23.2,0,0.84
143,34.2,23.4,0.5,0.89
144,33.2,23.6,0,0.78
145,32.9,23.1,15.2,0.76
146,32.2,22.1,0,0.62
147,33.4,22.4,0,0.71
148,32.9,23.8,0,0.78
149,31.6,24.9,20.9,0.8
150,32.6,23,17,0.55
151,32.5,23.2,0,0.63
152,33.1,23.2,0,0.77
153,33.5,23.1,0,0.73
154,32.7,23.6,2,0.57
155,33.7,23.5,0,0.65
156,33.5,23.6,0,0.68
157,33.9,23.4,9.8,0.64
158,32.9,23.1,0,0.76
159,33.2,24,38,0.72
160,33.1,23.1,0,0.86
161,34.9,23.1,0,0.88
162,32,24.4,0,0.32
163,32.7,23.6,0.3,0.79
164,32.9,23.5,0,0.47
165,34.8,24,0,0.87
166,34.6,23,1.7,0.75
167,33.6,24.6,39.3,0.78
168,33.6,23.5,0,0.63
169,33.8,23,0,0.8
170,34.3,23.1,41,0.68
171,34.2,23,0,0.71
172,32.2,23.8,0,0.77
173,33.1,23.5,6.5,0.81
174,33.9,22.4,0.7,0.55
175,33.4,23.7,0.4,0.78
176,33.4,22.5,0,0.53
177,31.7,22.5,0,0.44
178,33.7,23.1,0.4,0.64
179,32.8,23,0,0.59
180,32.7,22.6,3.7,0.96
181,30.8,22.5,3.3,0.68
182,34.4,22.6,0,0.7
183,34.2,22.6,0,1.18
184,31.5,22.6,51.4,0.58
185,31.7,22.2,0.1,0.73
186,32.6,22.3,0.9,0.7
187,33.7,22.1,0,1.07
188,31.8,22.9,0,0.31
189,33.9,22.8,0,0.55
190,33.5,22.2,0,0.9
191,33.2,23.1,0,1.07
192,33.1,22.5,0,0.65
193,30.7,22.7,0,0.57
194,33.9,23.5,0,0.78
195,35,23.9,0,0.89
196,34.8,23.9,0,0.91
197,32.4,23.6,0,0.97
198,32.7,22,0,0.62
199,33.1,22,0,1.02
200,33.1,22.6,0,1.9
201,32.7,21.1,30.9,0.55
202,32.4,22,0,0.45
203,32,21.7,0.1,0.65
204,32.8,22.5,2.2,0.96
205,33,22.4,0,1.32
206,34,22.1,0,1.34
207,31.5,22,50.3,0.75
208,33.2,22.1,0,0.86
209,31.9,22.4,0,0.82
210,30.5,23,2.7,0.86
211,31.5,22.3,5.9,1.15
212,30.9,22.2,0,0.63
213,30.8,22.9,14.8,0.77
214,32.2,22.5,0,0.89
215,30.4,22.7,3.8,0.73
216,30.5,22.6,21.2,0.87
217,30.6,21.7,0,0.62
218,30.7,21.7,4.9,0.53
219,31.2,21.4,1.9,1.01
220,31.2,21.4,6.1,0.56
221,31.4,21.5,1.8,0.81
222,32,21.5,33.1,0.71
223,32.1,21.5,1.6,0.44
224,32.1,23.2,7.1,0.81
225,31.2,23.2,15.9,0.64
226,31.6,22.9,0.2,0.65
227,32.6,22.9,4.7,0.59
228,31,22.2,20.6,0.78
229,31.2,23.1,0,0.79
230,31.4,22.7,0,0.57
231,31.6,22.4,0.4,0.66
232,31.7,23.5,0.3,0.88
233,30.9,23.6,3.8,0.75
234,31.5,23.1,0.1,0.92
235,30.4,22.5,0,0.51
236,32.2,23,36,0.95
237,32.3,22,0.1,0.83
238,32.6,22.8,8.2,0.54
239,32.4,22.9,0,0.9
240,32.5,22.3,5.5,0.82
241,32,22.7,0,0.88
242,32.5,21.5,0,1.19
243,30.2,24,0,0.54
244,32.7,22.3,0.5,1.12
245,32.8,22.2,0,0.73
246,30.7,22.2,0,0.7
247,33,23.1,0,0.7
248,33.2,23.6,0,0.79
249,34,23.2,10.6,1.09
250,33.8,23,1.5,0.94
251,34.1,22.9,0.1,0.73
252,34,22.8,9.2,0.8
253,30.7,21.6,0,0.43
254,32,23.1,0,0.64
255,33.1,23,16.3,0.93
256,31.2,21.2,0,0.69
257,30.2,22.2,0,0.72
258,32.8,21.3,0,1.06
259,31,21.5,0,0.72
260,30.7,22.5,0,0.83
261,32,22.9,0,0.79
262,31.6,23,0,0.77
263,31.5,23.4,8.8,0.54
264,32.2,22.9,0,0.91
265,32.4,22.8,1.7,1.07
266,33.2,21.4,0,0.63
267,32,23.2,28.7,0.72
268,32.6,21,0,0.92
269,33.4,22.4,0,1.17
270,33.6,22.2,0.5,0.45
271,34.2,22.4,52.4,0.71
272,34.2,16.5,37.7,1.02
273,32.4,22.9,0,0.8
274,31.1,23.2,0.1,0.75
275,32,22.2,0,0.77
276,33.7,22.3,0,1.26
277,33,22.2,0,0.97
278,33,22.3,0,1.02
279,33.3,22.3,3.5,1.17
280,32.4,22.2,0,0.91
281,34,22.9,0.3,1.04
282,31.2,22.5,0,1.25
283,34.2,22.3,0,0.22
284,34.2,22.5,1.1,1.23
285,33.7,22.5,35.9,1.12
286,33.7,22.9,0.3,0.78
287,34.9,22.9,0,0.78
288,33.4,22.6,0,0.87
289,34.1,22.2,15.4,1.05
290,33.1,22.6,1,1.11
291,34.2,22.6,2.7,1.23
292,33.9,22.6,0,0.66
293,33.4,22.6,6.8,0.87
294,33.2,24.1,0,0.91
295,33.1,22.6,52.8,1.26
296,33.1,22.1,0,0.74
297,33.7,22.2,0,0.2
298,33,22,11.2,1.68
299,33.9,22.2,0,0.82
300,31.2,23,0,0.9
301,33.4,23.6,0.7,1.18
302,32.1,24.5,0.2,1.05
303,33.2,23.7,9.2,1.71
304,33.1,22.9,0,0.68
305,33,22.7,0,0.63
306,33.3,22.7,0,1.02
307,33,23.3,5.9,1.39
308,32,23.1,6.5,0.7
309,32.2,23.2,0,0.62
310,31.2,23.2,0,0.76
311,32.4,23.4,0,0.6
312,30.8,24.5,0,0.73
313,33.1,24.2,43.7,0.85
314,34,22.1,28.4,0.95
315,33.7,21.9,0,0.6
316,34,23,0,0.28
317,33.8,22.7,0,0.77
318,35,21.7,15.8,0.57
319,33,23.2,0,0.75
320,33,21.5,0.4,0.54
321,31.6,23.1,31.8,0.56
322,34.1,22.1,19.4,0.5
323,28.2,23.6,9.3,0.4
324,32.1,23.4,3.5,0.59
325,30.5,23.5,0,0.24
326,33.6,23.5,23.1,1.02
327,33.6,23.1,2.8,1.41
328,33.5,21.9,0,0.7
329,33.2,22.1,0.9,0.89
330,31,24,9.7,0.29
331,31.4,23.1,0,0.83
332,31,22.3,8.1,0.5
333,31,22,2.2,0.9
334,31.9,22.1,2.5,1.49
335,29.5,22,8.4,0.74
336,32,23,0.1,1.17
337,33.5,23.2,0.5,1.25
338,31.1,22.5,3.4,1.99
339,31.3,23.1,10.1,0.87
340,31.4,22.8,5.3,0.47
341,31,22.7,10.1,0.36
342,32.1,22.2,0,0.38
343,31,22.3,3,0.62
344,32.5,22,0,0.51
345,32.3,22,0,0.49
346,32.7,21.8,8.3,0.51
347,32.2,21.7,0.1,0.82
348,32.9,22.1,0,0.83
349,33.1,23.3,0,0.88
350,32.5,24.4,0.2,1
351,32.1,23.5,45.8,0.57
352,33.1,22.1,1.3,0.66
353,33.7,22.1,45.5,0.75
354,33.9,22.5,12,0.83
355,30.2,22.6,4.3,0.62
356,31.8,22,11.5,0.6
357,31.6,22.3,3.2,0.7
358,30.7,22,120.9,0.64
359,28.5,21.8,1.6,0.54
360,31.2,22.4,31.2,0.79
361,32,22.5,7.6,0.66
362,30.1,22,12.2,0.82
363,30.9,21.8,1.5,0.51
364,31.9,21.7,0,0.41
365,32,22,0.1,0.57
1,32,21.5,0,0.72
2,31.1,21.8,0,0.72
3,31.1,20,0.3,0.6
4,32.1,19.9,0,0.76
5,30.4,20.2,0,0.49
6,30,20.6,0.6,0.49
7,31.4,21.2,0,0.57
8,31.5,21.4,0.2,0.65
9,32.1,22.4,0,0.5
10,33.1,23.1,0,0.64
11,33.7,22.1,24,0.65
12,32.2,22.8,0,0.67
13,32.1,22.4,0.9,0.65
14,32.4,22.1,14.5,0.46
15,32.2,21.9,0,0.63
16,34.1,21.7,0,0.69
17,34,21.1,0,0.55
18,34.1,21,0,0.77
19,34,19.8,0,0.78
20,32.9,20.9,0,0.94
21,32.4,22.3,1.9,0.78
22,32.1,21.1,0,0.77
23,32.4,21.2,44.3,0.76
24,29.3,21.7,0,0.89
25,32.7,22.3,0,0.65
26,33,22.2,2,0.62
27,32.4,22,0,0.56
28,32.7,22.5,5.4,0.7
29,32,21.7,6.6,0.63
30,29.9,21.3,0.2,0.43
31,30,22.4,38.8,0.61
32,30.1,22.3,3.7,0.6
33,32.7,22.1,25.1,0.72
34,28.7,23.1,0,0.51
35,29.2,22.7,0,0.47
36,31.7,23.1,0,0.79
37,31.9,22.2,0,0.45
38,32,22.1,0,0.47
39,32.7,22,0,0.67
40,33.1,21.2,0,0.53
41,33.2,22.2,0,0.5
42,34.2,21.7,0,0.78
43,33.4,22.5,0,0.8
44,33.1,19.4,0,0.87
45,34.9,19.6,0,0.67
46,33.6,22.6,72,0.59
47,32.4,21.1,0,0.63
48,32.7,23.8,0,0.99
49,34,23.1,0,0.75
50,31.5,23.1,2,0.77
51,34,22.5,3.5,0.73
52,31.8,23.1,2.8,0.64
53,32.5,21.5,0,0.69
54,34,23.1,0,0.64
55,33.2,22.5,0,0.68
56,33.5,22,1.2,0.85
57,32.7,23,0,0.85
58,33.5,23.5,2,0.66
59,32.5,22.6,2,0.62
60,34.2,22.1,26.4,0.78
61,33.4,21,0,0.76
62,34,21.2,0,0.87
63,34.4,21.6,0,0.83
64,34.2,19.7,0,0.56
65,34,21.2,0,0.59
66,35,21.1,0,0.88
67,32.6,21.2,0,0.49
68,34,21.6,0,0.78
69,34,22.2,0,0.75
70,33.3,23,3.8,0.73
71,34.2,22.2,8.1,1.01
72,33.8,21.9,0,0.67
73,34.4,22.3,0,0.64
74,35.1,21.7,0,0.65
75,34.1,21.5,0,0.72
76,33.8,22,0,0.9
77,35.2,21.9,8.7,0.75
78,31.7,21.2,32.8,0.76
79,34.6,23.4,0,0.75
80,34.9,23.9,11.5,0.81
81,33.3,22.8,10,0.8
82,33.1,22.2,54.7,0.58
83,31.2,22.1,68,0.67
84,32.3,22.1,3.1,0.6
85,34.1,22.5,3.3,0.81
86,34.7,23,0,0.65
87,35.6,22.5,11.4,0.77
88,35.4,23,22.5,0.79
89,34.4,23,0,0.56
90,35.7,22.6,4.6,0.78
91,35.7,23.1,76.3,1.05
92,35.2,23.1,3.1,1.04
93,32.6,22.9,0,1.27
94,27.1,23.9,0.1,0.63
95,33,23.7,20,0.84
96,33.2,21,0,1.02
97,32.8,22,0,0.82
98,32.2,22.3,11,0.67
99,33.4,22.2,10.7,0.69
100,34,23.1,16.5,0.75
101,34.2,22.9,0.1,0.88
102,33.1,23,0,0.76
103,34.2,24,0,1
104,34.9,23.2,8.7,1.22
105,34.9,23.6,2,0.73
106,33.7,23.6,0,0.98
107,35.7,23.2,9.2,0.71
108,34.7,23,10,0.52
109,34.5,23.1,5.6,0.74
110,34.5,23.3,21.9,0.81
111,32.6,23,4,0.73
112,32.4,22.9,21.9,0.63
113,32.5,22.2,0,0.76
114,32.7,22.8,11.3,0.92
115,33.1,22.7,0,0.7
116,33,23.1,0.3,0.78
117,33.2,24.1,6.2,0.77
118,33.4,23.4,19,0.89
119,33.5,23,0,0.8
120,33,22.9,0.8,0.68
121,33.2,22.5,0,0.86
122,32.5,21.9,20,0.76
123,33.2,21.9,44.6,1.01
124,30.9,22.6,0,0.43
125,33.5,24.6,2.4,0.59
126,33.7,23.1,11.6,1.13
127,33.2,23.5,0,0.82
128,32.8,22.6,6.4,0.58
129,33.9,22.1,2.5,0.77
130,34,22.2,0,0.92
131,33.7,23.4,0,0.67
132,33.5,22.5,0,0.79
133,33.8,23.2,0,0.68
134,33.9,23.1,0,0.73
135,34.4,22.9,0,0.75
136,28.6,22.6,9.9,0.47
137,32.9,23,0,1.04
138,32.5,22.8,0,1
139,33.7,23.6,0.3,0.92
140,34.6,23,0,1.37
141,34.2,24,0,0.79
142,33,23.3,0,0.71
143,33.4,22.9,0.9,0.84
144,33.5,23.3,0.7,0.78
145,34.4,22.5,0,0.83
146,32.7,22.6,0,0.85
147,33,22.3,0,0.8
148,34,22.1,7.9,0.77
149,33.8,23.2,0,0.68
150,33.2,23,1.8,0.8
151,33.3,23.2,0,0.75
152,33.7,23.1,0,0.66
153,33.4,23,0,0.73
154,33.7,23.3,0,0.85
155,33.8,22,0,0.96
156,33.6,22.2,0,0.89
157,35,22.3,37.4,0.77
158,34.9,22.5,28.8,0.76
159,35,22,1,0.58
160,34.1,22.5,6.2,0.87
161,31.4,22,0,0.7
162,33.2,23.4,0,1.42
163,32.6,22.1,9.7,0.94
164,33,22.3,31.6,1.22
165,33.2,23,0,0.63
166,33.5,23.8,0,0.67
167,33.9,22.5,24.3,0.68
168,34.1,22.4,0,0.7
169,34.1,22.1,0,0.94
170,34,22.7,0,0.73
171,34.2,23,0,1.08
172,31.8,23.1,0,0.69
173,33.5,23,0,0.64
174,35,22.9,0,1.07
175,34.7,23.3,0,0.72
176,34.2,22.4,0,0.96
177,34,23,0,0.89
178,34.1,23.2,0,1
179,32.2,23.4,11.4,0.85
180,34.3,22.5,0,0.81
181,35.5,23,5.2,1.01
182,34.5,23,11,0.83
183,33.2,22,0,0.83
184,33,23.5,0.3,0.81
185,32,21.5,4.6,0.89
186,31.5,22.1,1.8,0.78
187,32.5,23,38.5,0.93
188,31.4,22.2,14.5,0.7
189,31,22,19.2,0.66
190,31.3,22.4,0.2,0.74
191,31.4,22.3,0.3,0.54
192,30.1,22.5,0.5,0.85
193,32,22,5.9,0.24
194,31.1,21.5,22.2,0.54
195,31.5,23,0,0.77
196,32.4,22,0,0.71
197,33.2,22.8,0,0.71
198,32.2,23,0,0.56
199,30.5,23.8,0,0.66
200,32,22.5,0,0.65
201,32.5,22.5,0,1.04
202,33.5,22.3,11.2,1.2
203,33.6,21.5,0,0.79
204,30.5,21.5,0,0.85
205,32.6,22,0,0.87
206,33.5,22.2,0,0.95
207,33.5,22.3,0,0.62
208,33.5,22.1,0,0.95
209,32.5,22,0,0.87
210,33,22.3,1.9,0.88
211,32.3,22.2,0,0.95
212,33.5,21.5,0,1.76
213,33,23.1,0,0.73
214,32.5,22.5,0,0.83
215,33.6,22,0,0.64
216,27,23,0,0.88
217,33.5,23.3,11.6,0.93
218,33.3,23,0,0.78
219,33.3,22.9,0,0.91
220,33.7,22.5,0,1.04
221,34.1,22.4,1.3,0.72
222,33.5,22.4,0,0.98
223,33,22.5,34.5,1.09
224,30,22.3,2.8,0.83
225,32,22.2,0,0.82
226,31,23.7,9.1,0.95
227,32,22.2,19.3,0.83
228,32.4,22.3,21.4,1.02
229,32.5,22.4,0.2,0.89
230,32.7,21.1,0,1.15
231,32.4,23,0,1.1
232,32.9,22.7,0,1.03
233,31,23,47.3,1.19
234,31,21.3,0,0.57
235,32.8,22.1,0,1.26
236,32.6,23,0,0.82
237,33,22.6,0,1.08
238,31.5,22.3,0,1.1
239,32,22.3,0,0.83
240,32.6,22,37.7,0.62
241,33.1,22.1,0,0.67
242,30.5,22,43.3,1.11
243,31.8,22.1,7.5,1.13
244,31.5,22.4,14.7,1.19
245,31.8,22.4,9.3,0.91
246,31.6,21.7,20.2,0.86
247,31.8,22.5,19.5,0.8
248,30.2,21.7,0.2,0.72
249,29.7,23.1,115.5,0.66
250,31.6,22,4.3,0.87
251,31,23.7,0,0.84
252,30.5,22.4,0.5,0.63
253,29.5,22.8,30.5,0.65
254,33.4,23,0,0.83
255,32.9,23.5,0,0.77
256,31.7,23.1,0,0.64
257,33.2,23.1,0,0.75
258,33.7,22.7,0,0.79
259,32.5,22.6,0,0.9
260,33.7,23.9,0,0.97
261,33.6,23.6,0,1.06
262,32.9,23.5,0,1
263,32.5,24,8.1,1.41
264,33.5,22.4,0,0.63
265,34.3,22.7,0,0.72
266,33.7,23.2,0,0.85
267,34.2,23.1,0,1.3
268,34.2,23.5,0,1.18
269,34.2,22.8,2.3,1.73
270,33.9,22.5,7.8,0.62
271,34,22.7,0.5,0.84
272,34,22.8,0,0.64
273,33.5,22.5,0,1.76
274,33.2,23,0,1
275,34.1,22.8,0,0.88
276,32.9,23.5,0.2,0.86
277,32.5,23.5,0.3,0.81
278,33.1,23.2,45,0.66
279,31.5,22.1,0,0.69
280,32,22.2,34.8,0.74
281,31.9,22.2,10,0.96
282,32,22.7,1,0.43
283,32.4,21.5,16,0.73
284,32.4,22.9,15.3,0.78
285,32.5,23,3.3,0.8
286,30.2,22.5,1.1,0.75
287,30.2,22.4,4.1,0.51
288,32.3,22.7,0,0.85
289,32.5,23,28.9,1.04
290,32.4,22.6,2.1,0.85
291,32.2,23.7,6.8,0.8
292,29.1,23.1,13.8,0.6
293,30,23.1,0.3,0.63
294,32.7,22.5,0,0.59
295,32.9,23.7,0,1.12
296,32.7,22.5,5.9,1.44
297,30.4,22.2,10.9,0.87
298,29.5,22.2,0.2,0.4
299,31,23,0,0.74
300,32.7,22.9,0.4,0.95
301,31.1,23.2,10.6,0.45
302,32.1,23.4,0.9,1.12
303,28.9,22.8,0.1,1.07
304,31.7,22.6,9,2.48
305,31,23.1,0,1.74
306,33.7,22,0,0.96
307,30.7,22.7,0,0.63
308,32,23.2,0,0.68
309,31.9,23,0,0.62
310,32.7,23.4,0,0.77
311,33.4,21.5,0,0.89
312,33.6,22.1,1.5,0.8
313,32.1,24.3,15.2,1.12
314,30,21.4,0,1.34
315,32.4,21.6,0,1.6
316,33,22.2,4.7,1.37
317,31.3,21.4,5.7,1.01
318,31.9,22.7,0,1.05
319,33.1,22.5,0,1.3
320,32,23.2,1.6,0.52
321,30.1,22.3,0,0.61
322,31.6,23.6,3.1,0.61
323,30.7,22.7,0.9,0.25
324,32.3,22.3,21.1,0.96
325,33,21.8,105.7,0.63
326,31.2,21.9,0,0.57
327,32.9,22.1,11.2,0.71
328,32.6,22.4,0.1,0.63
329,32.7,22.7,21.9,0.47
330,31.7,22.4,0,0.69
331,30.9,21.4,0.7,0.78
332,31.1,21.4,0,0.74
333,32.1,21.3,0,0.75
334,32.7,23,4.2,0.43
335,29,22.7,0.1,0.64
336,30.2,22.7,11.6,0.54
337,30.1,23.1,52.8,1.05
338,32.6,21.7,0.1,0.87
339,32.2,23,0.6,0.88
340,33,22.7,77,0.94
341,31.1,22.4,34.3,0.92
342,31,22.4,11.6,0.88
343,30.2,22.7,0,0.35
344,31,23,1.3,0.78
345,31.7,22.8,0,0.69
346,32,21.7,0,0.87
347,32.4,21.9,18,0.86
348,32.3,23.6,0,0.79
349,29.8,22.2,0,0.88
350,27.5,22.3,0.3,0.85
351,32,23.5,0,0.89
352,31.7,22,0,0.87
353,32.4,22.2,9.8,0.78
354,31.9,23,53.6,0.66
355,30.7,22.7,13.4,0.77
356,30.7,22.3,0,0.85
357,30.4,22.5,0,1.08
358,30.9,21.7,0,0.89
359,32,21.8,0,0.87
360,33.6,22,1.5,0.98
361,31,21.5,0,0.86
362,31,21.6,27.3,0.31
363,29,21.7,24.6,0.32
364,29.6,22.1,0,0.64
365,31.6,21.7,8.8,0.7
1,31.7,22,0.1,0.54
2,29.3,20.8,0,0.45
3,33.4,20.2,0,0.65
4,32,22,0,1.25
5,31.8,21.3,0,1.27
6,31.5,20.6,0,1.23
7,33.5,19,0,0.65
8,33.2,19.5,0,0.44
9,33.3,19.3,0,0.34
10,33.3,21,0,0.56
11,30.8,21,0,0.85
12,33.7,21,0,0.75
13,32.5,21.7,0,0.46
14,32.7,22,0,0.44
15,33.2,21.4,0.9,0.66
16,30.2,22.2,12.7,0.59
17,32,21.8,7.2,0.5
18,32,21.8,30.4,0.69
19,32,21.2,2.3,0.64
20,32,22,22.7,0.66
21,32.5,22.2,62.7,0.79
22,31.9,22,5.1,0.64
23,31.9,22.4,2,0.58
24,30.9,22.2,0.1,0.41
25,32.7,22.1,0,0.72
26,31.3,22.6,0,0.71
27,32.5,23,0,0.82
28,32.9,22.7,14.9,0.7
29,32.4,22.2,0,0.51
30,30.7,21.4,1.2,0.32
31,33.4,20.4,0,0.58
32,33.3,21.1,0,0.38
33,33.6,21.2,0,0.6
34,33.6,21.2,0,0.71
35,32.3,22.7,0,0.44
36,34.5,21.9,22.1,0.9
37,34.6,22.2,10.8,0.26
38,33.2,21.9,0,0.76
39,34.5,22,6.6,0.72
40,33.5,21.5,0,0.61
41,34,22,2,0.9
42,32.5,23,0,1.14
43,35,22.5,0,0.98
44,33.5,23,6.3,0.78
45,32.5,18.5,1,0.84
46,33.5,19,2.6,0.78
47,32.5,21,6,0.91
48,33,22.5,0,0.62
49,31.5,23,0,0.68
50,33,23.5,10.4,0.53
51,33.1,23,0,0.89
52,31.1,20.5,0.1,0.51
53,32,22.5,0,0.67
54,32.2,22.3,0,0.59
55,32.9,22.7,0,0.69
56,31,23.3,82.5,0.8
57,31,22.4,0.3,0.23
58,32.7,22.5,0,0.68
59,33.6,23,0,0.37
60,34.2,22.1,2.8,0.63
61,32.5,22.1,0,0.42
62,32.7,23.1,64.8,0.6
63,32.7,22.3,0,0.69
64,32,23.2,0.3,0.62
65,33.2,23.2,0,0.5
66,34,21.8,0,0.52
67,33.5,21.9,0,0.59
68,33.8,23,0,0.65
69,34,23.1,0,0.66
70,34.9,23,27.3,0.66
71,33.7,23,18,0.79
72,33.6,22.4,0.2,0.75
73,32,24,119.6,0.66
74,32,22,0.2,0.8
75,33.2,23.2,0,0.6
76,34.1,23.2,0,0.64
77,33.5,23.4,6.3,0.76
78,33.4,23.6,11.9,0.61
79,33.3,23.3,30.7,0.6
80,32.6,22.8,0.3,0.63
81,32.7,24,0,0.71
82,34,23.1,0,0.88
83,33.5,24,36.1,0.74
84,33.8,23.5,0.9,0.87
85,34,23.4,0,0.89
86,34,22.9,10,0.46
87,33.9,22.9,0,0.55
88,35,22.4,0,0.61
89,34.9,23,0,0.39
90,34.2,23,17.1,0.7
91,32.7,22.7,0,0.71
92,33,23.1,0,0.78
93,32.9,23,0,0.81
94,35.5,23.9,19.7,0.55
95,35.5,24,19.4,0.31
96,33.2,24,0,0.66
97,33.9,23.2,0.4,0.56
98,33.9,23.7,32.7,0.87
99,32.5,22.2,2.5,0.32
100,33.6,23,2.6,1.21
101,33.4,23.1,0.4,0.83
102,32.6,23,0,0.62
103,32.5,23.9,3.5,0.47
104,33.9,23.6,0,0.93
105,33.9,24.1,0,0.95
106,30.9,23.7,0.1,0.76
107,35,23.6,0,0.83
108,35.1,23.7,2.1,0.57
109,35.1,23.5,31.2,0.89
110,35,22.9,9.5,0.87
111,33.5,23.5,16.6,0.46
112,34.5,22.5,0,0.53
113,34.5,23.1,0,0.63
114,35.1,23.2,0,0.65
115,34.7,23.8,0,0.72
116,34.9,23.6,0,0.7
117,34,23.9,4,0.58
118,35.1,24,0,0.74
119,35.2,24.9,29,0.68
120,32.9,23.2,2.2,0.52
121,32.9,24,4.4,0.76
122,32.3,23.9,3,0.61
123,33,23.2,0,0.59
124,34,23.8,4.3,0.72
125,34.5,24.1,21.7,0.81
126,33.7,24,0,0.73
127,34,24,2.5,0.74
128,34.2,23.7,2,0.57
129,33.7,24.5,0,0.74
130,34.1,25,11.6,0.72
131,34.5,24.1,8.4,0.73
132,35.3,23.2,0.5,0.6
133,34.2,24.2,10,0.91
134,32.6,24,3.7,0.32
135,35,24,0,0.63
136,33.7,24,1.4,0.78
137,33.7,22.4,6.1,0.8
138,30.7,22.1,0.1,0.51
139,32.7,23.9,8.7,1.07
140,32.4,23.8,0,0.57
141,33.8,22.4,0,0.8
142,33.6,22.3,0,0.81
143,33.9,24.1,0,0.74
144,35.7,23,0,0.73
145,34.1,24,0,0.75
146,33.7,23.7,0,0.7
147,35,23,5.4,0.69
148,33,24,0,0.74
149,34,23.4,3,0.55
150,34.1,24.2,1.2,0.64
151,34.1,23.2,0,1.49
152,33.9,23.3,0,1.35
153,34,23.4,7,1.3
154,34.1,23.2,0,1.25
155,32.5,24,0,0.84
156,34.4,23.7,0,0.86
157,31.8,23.5,13.9,0.47
158,32.1,21.5,0,0.78
159,33.4,22.9,0,0.79
160,34,22.7,0.5,0.84
161,32.5,23,0,0.54
162,32.6,23,0,0.96
163,33,22.4,0,0.7
164,34.7,22.6,1.7,0.63
165,33.6,22.7,0,0.93
166,34.9,22.1,0,0.71
167,35,22.2,2.6,0.61
168,34,22,0,0.86
169,35.1,22.2,0,1.01
170,34.3,22.7,5,0.94
171,35,22.6,0,0.66
172,34,23,0,0.68
173,33.4,22.9,0,0.83
174,31.5,22.9,11.4,1
175,33.7,22.2,0,0.79
176,34.4,22.4,1.3,0.78
177,33.2,22,0,0.79
178,33.4,23,0,0.75
179,33.7,23.1,7.6,0.69
180,33,22.2,0,1.01
181,33.9,23.5,0.3,0.84
182,33.8,22.9,0,1.03
183,34,23,0,0.95
184,33.9,22.1,0,0.86
185,33.6,22.3,3.9,0.83
186,33.9,22.1,9.7,0.78
187,33.8,22,0,0.55
188,33.2,22,23.5,0.61
189,32,22.1,21,0.61
190,32.9,22.5,18.8,0.84
191,33.2,22.2,0,0.95
192,33.5,21.9,0,0.73
193,32,21,0,0.7
194,33,21.5,0,0.81
195,28.3,22.7,5.8,0.43
196,33,22,0,0.92
197,32.5,22.1,0,0.85
198,32.7,22.9,0,0.85
199,31.3,23,0,0.73
200,32.7,23.1,0,1.01
201,33.2,23.2,0,0.9
202,34.2,23,1.5,0.9
203,34.2,22.8,1.3,0.99
204,34,23.8,0,0.77
205,34.4,23,44.6,0.79
206,31.6,23.1,1.6,0.34
207,31.7,22.6,0,0.42
208,32.2,22.2,0,0.8
209,30.2,24.1,5.1,0.2
210,33,21.6,0,0.88
211,32.8,22.1,0,0.88
212,32.9,22.2,0,0.86
213,31.7,22.2,0.8,0.53
214,33,22.4,0,0.82
215,33.5,22.4,0,0.87
216,33.5,23,0,0.98
217,32.5,23,0,0.97
218,34.9,23.1,0,1.01
219,35,22.2,0,0.97
220,32.4,23.7,10.2,1.13
221,30.8,21.6,1.6,0.21
222,32.2,22,0.2,0.66
223,34.1,22,0,0.95
224,34.4,22.1,0,0.99
225,34.2,22.8,0,0.96
226,33.9,22.6,0,0.94
227,33.9,22.7,0.1,0.96
228,33.4,22.6,0,0.67
229,33.9,22.6,0,0.65
230,33.9,22.9,0,0.83
231,33.8,22.9,27.7,0.72
232,34,23.1,0,0.74
233,34,22.5,0.2,0.75
234,30.5,22.5,10.2,0.51
235,30.5,23.7,0.1,0.71
236,32.6,23.3,0,0.93
237,32.6,23.1,1.6,1.02
238,33.2,23.4,0,0.75
239,33,22.9,0,0.78
240,33.5,22.6,0,0.91
241,34,22.9,0,0.84
242,34,22.8,0,0.89
243,33.9,23.5,0.1,0.83
244,32.4,23.2,0,1.05
245,31,24.5,34,0.61
246,32.5,23,20,0.54
247,33.2,23.5,0,0.8
248,33.9,23.3,0,0.81
249,33.9,23.1,4.8,0.65
250,33.6,23,5,0.58
251,33.3,22.9,0,0.69
252,33,22.7,0,0.64
253,33.4,23,7,0.59
254,33,22.5,0,0.6
255,34.1,21.7,30.9,0.8
256,33.1,22,11.3,0.82
257,32.1,21.9,0,0.83
258,32.1,22.1,0,0.49
259,32.2,22.1,0,0.6
260,31.2,23.6,0,0.62
261,30,24.2,0,0.42
262,32.1,23.7,0,0.64
263,31.4,23.1,0.1,0.67
264,30.8,23.2,0,0.46
265,30.9,23.1,0.1,0.47
266,31.9,23.1,0,0.53
267,32.4,22.7,0.3,0.52
268,33.1,23,0,0.96
269,31.8,23.7,0,0.54
270,31,22.4,0,0.49
271,31.4,22.6,0,0.33
272,33.6,22.7,0,0.66
273,33.6,22.7,0,0.82
274,32.7,23.7,15.9,0.76
275,33.4,22.7,33.3,0.54
276,32.4,22,2.6,0.55
277,33,21.8,9.4,0.72
278,32.7,21.7,0,1.1
279,33.2,22.7,4.1,0.6
280,30.2,22.7,6.3,0.61
281,30.2,22.7,0.1,0.2
282,32.3,22.7,22.7,0.6
283,33.6,22,13.4,0.68
284,32.2,22.1,25.8,0.76
285,30.3,23.2,19.7,0.78
286,33.6,21.2,0.3,0.65
287,33.9,22.2,0,0.62
288,33.6,21.8,0.2,0.58
289,34,22.4,34.7,0.66
290,33.9,22.1,0.5,0.53
291,31.7,23,35.3,0.76
292,33,22.5,24.8,0.64
293,34,21.9,21.5,0.81
294,32.9,20.7,0,0.59
295,32.4,22.4,0,0.6
296,32.9,24,49.1,0.78
297,33.7,22.2,18.4,0.82
298,31.1,22.6,0.1,0.85
299,32.5,22.9,0,0.61
300,32.7,22.6,84.7,0.67
301,32.2,22,4.6,0.54
302,34.6,22,23.2,0.72
303,32.6,22.9,0,0.52
304,32.6,22.6,27.6,0.7
305,32.9,22.1,9.8,0.58
306,33.4,22.1,45.9,0.58
307,32.7,22.2,0,0.84
308,33,22,2.1,1
309,32.7,22.2,0,0.64
310,32.2,23.9,78.7,0.42
311,32.5,22.2,0.1,0.56
312,31.7,23.2,5.2,0.6
313,33.2,22.9,0.2,0.5
314,33.7,22,0,0.63
315,33.5,22.1,0.1,0.75
316,34.3,22.6,0,0.5
317,33.2,23.6,15.1,0.65
318,32.9,22.5,37.3,0.55
319,32.8,23,0.2,0.65
320,32.4,22.5,0,0.88
321,32.6,22.5,26.2,0.69
322,34,22.2,0.1,0.62
323,32.9,23,11.8,0.63
324,33.4,22,25.3,0.71
325,32,22.4,0.2,0.63
326,30.3,23,23.8,0.54
327,33.6,22,0,0.66
328,31.9,23.1,18.7,0.52
329,32.9,22.9,1.5,0.48
330,33.4,22.7,10.6,0.65
331,33,22.6,0.5,0.7
332,31.8,22.5,2.3,0.57
333,33.6,22,20.7,0.75
334,34.2,21.7,1.5,0.62
335,33.1,22,0,0.56
336,34,22.1,0,0.64
337,33.2,21.5,4.3,0.48
338,32.2,22.4,1.8,0.38
339,34.1,22,29.8,0.61
340,33,22,5.9,0.55
341,32.7,22.1,4,0.44
342,34.4,22.1,14.5,0.49
343,33.2,22.7,0,0.49
344,27.2,22.3,0.2,0.49
345,34,21.2,0,0.54
346,34.1,22.4,0,0.77
347,34,22.6,28.4,0.96
348,33,21.5,8.7,0.59
349,31.7,22.7,0.1,0.53
350,33.2,22.6,13.2,0.44
351,33,22.3,6.1,0.43
352,34.1,22,0,0.44
353,34,23.3,0,0.31
354,31.4,21.1,1.2,0.53
355,32.4,22.9,38.8,0.78
356,33.2,22.5,8.7,0.49
357,31.9,23.6,28.9,0.54
358,31.4,22.3,10,0.59
359,30.8,23.9,21.1,0.33
360,33.1,22.6,0.1,0.73
361,34.2,23.5,0.5,0.88
362,33.9,22.6,0.1,0.55
363,34.1,23.5,0,0.61
364,33.9,21.1,0,0.6
365,34.5,21.9,12.5,0.52
1,32.8,21.5,14.7,0.52
2,31.4,23.9,20.9,0.53
3,32.1,22,11.7,0.53
4,33,23.1,0,0.52
5,33.2,23,0,0.58
6,33.4,22.5,0.4,0.75
7,32.5,22.3,7.5,0.37
8,31,23,54.4,0.63
9,31.1,23,2.8,0.31
10,32,23.1,1.4,0.38
11,32.5,23.5,0,0.49
12,33.2,22.3,16.9,0.7
13,34.5,22.4,0.5,0.55
14,34,22.9,0,0.51
15,34,23.1,21.7,0.6
16,34.4,22.9,0,0.39
17,34.9,22.5,0,0.6
18,34,22.6,0,0.7
19,33.8,23.8,4.6,0.66
20,33,23.8,0,0.95
21,34.2,23.1,2.3,0.74
22,34.7,24.2,0,0.57
23,35.3,23.4,0,0.62
24,34.5,20.2,2.7,0.69
25,35,19.2,0,0.64
26,35,19.6,11.3,0.78
27,35.5,22.8,1,0.69
28,33.5,23,2.4,0.62
29,33.5,23,0,0.38
30,30,21.5,1,0.76
31,34,21.5,1.4,0.48
32,30,23,0,0.23
33,32.5,23.5,0.5,0.43
34,32,24,0,0.55
35,34,22,0,0.6
36,35.5,23,0,0.71
37,34.2,22.5,0,0.49
38,34,22.1,0,0.52
39,33.9,23.6,0,0.6
40,35.4,22.9,0,0.67
41,34.2,21.8,0,0.77
42,35.2,22,0,0.79
43,35.3,21.6,0,0.58
44,36,22.5,0,0.6
45,36.6,22.6,0,0.75
46,36.8,22.6,0,0.86
47,36.9,22.7,16.8,0.86
48,36.7,22.7,0,0.63
49,36,23.1,97.1,0.72
50,34.1,23.9,0.4,0.7
51,34,24,2.8,0.85
52,36.3,24.1,12.3,0.81
53,33.8,24.4,15.3,0.7
54,34.2,22,0,0.73
55,34.8,22.2,30,0.77
56,35,22.5,38,0.75
57,36,22.7,0.2,0.5
58,35.6,22.7,0,0.73
59,36,23.4,0,0.65
60,35.9,24,0,0.74
61,34.6,23.9,0,1.03
62,34.8,23.2,0,0.66
63,35.7,21.8,0,0.66
64,36.2,22.3,0,0.79
65,35.2,20.7,7.9,0.51
66,34.9,24.5,5.4,0.61
67,35,23.4,1.4,0.63
68,35.3,22.8,0,0.72
69,36.1,23,57.3,0.84
70,35,22.9,0,0.81
71,34.9,23.2,0,0.81
72,35,23.8,0,1.19
73,35.5,24,0,0.97
74,35.4,25,53,0.6
75,35.3,24,0,0.77
76,35.3,23.8,0,0.72
77,35.6,23.7,1.7,0.89
78,34.6,23.5,0,0.74
79,35.5,24.2,0,0.65
80,35.6,25.5,0,0.65
81,35.4,23.9,0.5,0.73
82,36.4,23.6,0,0.72
83,36.2,24.1,11.7,0.67
84,35,24.7,23.1,0.6
85,35.7,22.7,0,0.53
86,36.2,23.3,0,0.53
87,36.7,22.6,0,0.59
88,36.5,23.5,0,0.66
89,35.9,24.5,0,0.41
90,35,24.2,0,0.54
91,35.2,22.5,0,0.53
92,36,23.3,1.1,0.6
93,35,23.7,0,0.43
94,37.2,23.2,23,0.81
95,37.2,23.5,36.3,0.84
96,35.9,23.2,0,0.47
97,35,23.8,0,0.48
98,36,23.5,0,0.3
99,36,23.6,4.6,0.51
100,36,24,0,0.66
101,36,25,0,0.76
102,35.5,24.9,0,0.56
103,37.9,24.1,7.4,0.98
104,35,24.7,35.8,0.86
105,34.6,23.6,30.3,0.74
106,33.6,24,0,0.61
107,35.2,24,10.2,0.59
108,34.5,24.2,0,0.73
109,35.5,25,4.9,0.73
110,35.7,23.6,25.1,0.66
111,35.3,23.7,0,0.58
112,34.5,23.5,0,0.63
113,35,24,42.9,0.76
114,35.2,22.5,2,0.84
115,35.3,22.5,0.7,0.7
116,36.4,23.7,0,0.6
117,36.4,24.5,0,0.94
118,36.5,24.5,0,0.68
119,36.3,24.4,12.3,0.72
120,34,24.4,12.5,0.77
121,34.2,24,19.9,0.69
122,34,24.1,8.4,0.62
123,32.9,24.5,0,0.73
124,35,24,11.5,0.58
125,35.6,24,0,0.7
126,35.7,24.6,0,0.66
127,36.7,24.4,0,0.65
128,36.5,24.2,5.5,0.48
129,35.7,24.5,0,0.44
130,34.3,25,0.1,0.6
131,36.4,23.8,0.4,0.73
132,34.4,25.1,15.1,0.81
133,36,24.5,20.5,0.72
134,33.9,24.5,37.5,0.85
135,31.6,24.6,10.6,0.57
136,33.4,24.5,35.3,0.51
137,31.2,23.7,0.8,0.62
138,31.6,24.7,25.2,0.64
139,32.6,23.9,0,0.73
140,33.5,24,0,0.76
141,36.3,24,4.8,0.77
142,36.4,24.6,0,0.74
143,36.4,24.5,0,0.83
144,35.1,25,29.6,0.59
145,34.5,24.3,0.2,0.72
146,35.2,24.5,0,0.2
147,35,24.3,3.2,1.44
148,34.1,24.5,0,0.88
149,34.4,24.5,0,0.71
150,35,24.9,6.3,1.02
151,34.4,23,1.3,1.01
152,33.9,23,0,0.79
153,34,24.3,0,0.92
154,34.1,23.5,8.2,0.69
155,34.9,24.5,0,0.61
156,36,25.5,0,0.6
157,35.5,25,17,0.73
158,35.7,23.4,5.7,0.64
159,35.6,22.9,22.3,0.71
160,35.5,21.5,0,1.05
161,32.7,21.5,0.2,0.58
162,33,23.7,0.6,0.88
163,32.4,23,0,1.29
164,33.5,23.5,0.4,0.79
165,34.2,23.6,0,0.58
166,34.4,23.4,0.7,0.63
167,35,23.2,0,0.72
168,34.5,23.4,0,0.78
169,34.5,23.7,0.1,0.89
170,32.6,23.2,28.2,0.71
171,33,22.6,4.2,0.72
172,33,23.2,0,0.66
173,30.7,23,38.8,0.66
174,32.7,22.5,4.1,0.78
175,31.2,23.4,28.8,0.76
176,32,23,0,0.88
177,32.7,23,30.8,0.63
178,33.7,22.5,0.5,0.72
179,33.7,22.2,0,0.87
180,31.5,23.5,0,1.02
181,34.1,22.2,0.9,0.75
182,31.7,23,0.2,0.62
183,31.6,22.4,2.9,0.67
184,33.6,22.5,0,1.52
185,32.46,22.2,3.88,0.81
186,36,25.5,0,0.65
187,35.5,25,17,0.82
188,35.7,23.4,5.7,0.65
189,35.6,22.9,22.3,0.71
190,35.5,21.5,0,0.76
191,32.7,21.5,0.2,0.79
192,33,23.7,0.6,0.84
193,32.4,23,0,0.63
194,33.5,23.5,0.4,0.77
195,34.2,23.6,0,0.7
196,34.4,23.4,0.7,0.69
197,35,23.2,0,0.73
198,34.5,23.4,0,0.6
199,34.5,23.7,0.1,0.77
200,32.6,23.2,28.2,0.75
201,33,22.6,4.2,0.87
202,33,23.2,0,0.87
203,30.7,23,38.8,0.8
204,32.7,22.5,4.1,0.83
205,31.2,23.4,28.8,0.64
206,32,23,0,0.67
207,32.7,23,30.8,0.68
208,33.7,22.5,0.5,0.79
209,33.7,22.2,0,0.67
210,31.5,23.5,0,0.77
211,34.1,22.2,0.9,0.82
212,31.7,23,0.2,1.01
213,31.6,22.4,2.9,0.73
214,33.6,22.5,0,0.76
215,34,23.2,0,0.77
216,33.4,23.5,0,0.66
217,33.4,23.3,1.7,0.35
218,33.1,22.5,0,0.42
219,30.4,24,48.5,0.56
220,32,22.5,0,0.48
221,33.1,22.5,0,0.63
222,32.4,23.1,0,0.71
223,33.9,23,20.1,0.75
224,33.7,23.1,0,0.63
225,32.7,22.4,0,0.96
226,33.4,22.8,0,0.83
227,33.3,23.2,0.4,0.92
228,33.4,23.5,9.6,0.58
229,33.6,22,8.3,0.64
230,33.4,23.1,19.7,0.55
231,33,22.5,0,0.85
232,33,22,12.7,0.78
233,33,23.2,15.5,0.42
234,30.2,22.7,0,0.79
235,31.7,23,13.4,1.04
236,32.5,22.9,5.3,1.17
237,32.5,22.2,10.4,0.53
238,32.5,23.5,3.4,0.77
239,32.7,22.5,38.5,0.67
240,32.5,22.6,8.1,0.69
241,32.1,22.5,1.6,0.55
242,31.9,23.1,1,0.85
243,31.4,23,11.8,0.83
244,30.5,22.4,0.7,0.67
245,32.5,23.7,1.6,1.8
246,32.4,22,4.4,0.75
247,31,21.5,2.1,0.69
248,32.6,22,0,1.18
249,32.6,22.8,2,0.69
250,32.9,22.4,0,0.73
251,34.2,22.9,5.7,0.95
252,34,23.6,18.8,0.73
253,33.5,23.2,41.3,0.75
254,33.2,22,30.9,0.79
255,34,21.2,0,0.69
256,32.6,22.2,0,0.6
257,31.1,21.4,2.5,0.69
258,33.7,21.2,0.6,0.57
259,32.1,22.3,0,0.6
260,33,22.7,0,0.82
261,30.6,23.2,72.9,0.76
262,30,22.2,0,0.44
263,33.5,23.5,0,0.82
264,33,24,32,0.95
265,32.5,23.5,12,0.89
266,33.5,22.5,0,0.81
267,30.3,22.7,0.4,0.36
268,33,23.9,0,0.78
269,33,24,1.7,0.69
270,33,23.5,0,0.79
271,30.2,23.1,0,0.61
272,31.3,22.9,0,0.71
273,33.4,23.1,17.1,0.71
274,34.5,23.3,8.9,0.73
275,34.5,23,0,0.7
276,33.2,23,0,0.69
277,35,22,0,0.83
278,34,23,0,0.63
279,34.1,22.7,0,0.74
280,33.5,23.1,21.8,0.6
281,32.6,23.5,2.4,1.35
282,30.2,22.9,0,1.28
283,32.9,22.6,0,0.92
284,33.9,23.1,0,0.99
285,33.9,24.1,0,0.58
286,34.2,23.1,0,0.86
287,34.3,23,2.5,1.18
288,32.8,23.3,1.6,0.93
289,34,22.6,3.3,1
290,31.7,23.1,0,0.78
291,33,23.5,0,1.49
292,32.7,23,0,0.89
293,33.6,24.5,1,0.93
294,34.1,23.2,0,1.43
295,34.2,23.4,0,1.81
296,35,22.5,0,1.69
297,34.2,24.8,2.3,2.18
298,33,23.8,0.1,1.64
299,34,24.5,0,0.89
300,34,23.7,0,1.69
301,33.7,24,0,0.52
302,32.5,23.9,0.6,0.48
303,31.5,23.8,6.9,0.66
304,32.4,23,23.7,0.58
305,32.2,23.5,3,0.68
306,32.4,22.6,2.3,0.76
307,33.3,22.6,0,0.66
308,32.9,23.2,8.9,0.7
309,32.7,23.1,13,1.12
310,32.5,23,6.2,0.97
311,32.5,23,4.8,0.63
312,32.2,23.6,0,0.64
313,32.4,23.2,0,1.1
314,32.7,23.3,10.8,0.95
315,32.1,23.5,0,0.59
316,34.2,23.1,0.6,0.76
317,33.5,23,8.1,0.86
318,32.3,23.1,0.4,0.61
319,32.4,23.5,0,0.78
320,33.4,24.1,0,0.94
321,34,23.8,0,1
322,32.2,23.6,4.4,1.35
323,30,22.9,0.1,1.27
324,34,22.3,2.1,1.14
325,33.4,22,0,0.69
326,35,23.2,28.1,1.53
327,32.7,23,4,0.79
328,34.6,23.1,0,0.71
329,33.3,22.7,0,0.57
330,35,23,0,0.6
331,33.7,22.6,0,1.87
332,33,22.8,0,1.89
333,32.2,22.5,0,1.02
334,32.9,23.7,0,0.75
335,33.8,23.1,0,0.97
336,33.7,23.1,0,0.76
337,34,23,28.5,0.75
338,32.4,21.2,0,0.79
339,32.2,22.5,0,1.11
340,32.4,22.7,13,0.7
341,31.7,22.3,5.4,0.55
342,32,22.7,0,0.37
343,32.3,22.5,28.3,0.32
344,32.6,22.6,23.9,0.58
345,28.5,22.5,0.3,0.2
346,30.7,23,0,0.47
347,31.1,23.2,0,0.78
348,32,22.9,0.5,1.26
349,32.2,23.7,7.1,0.26
350,32.1,22.7,2.3,0.56
351,32.4,22.5,0,0.64
352,34.5,22.5,0,0.39
353,32,24.1,0,0.45
354,31.6,23.5,29.9,0.54
355,31.2,21.4,0,0.79
356,32,23.6,3.2,1.09
357,32.1,21.7,0,1.06
358,31.7,21.3,3.3,0.85
359,33.5,21.5,6,0.95
360,32.5,22,3.2,0.63
361,31.8,22.2,0,0.28
362,32.1,22.1,8.8,0.36
363,32.1,22.4,0,0.4
364,32,22.1,0,0.33
365,31.8,23.1,8.1,0.52
1,28.5,22.9,0.1,0.26
2,31.5,23.5,43.4,0.56
3,27,22.5,4.7,0.23
4,32,23,0,0.62
5,31.2,22,0,0.62
6,32.2,21.7,1.2,0.6
7,33.1,22,11.2,0.5
8,32.4,22.3,0,0.32
9,31.2,22.4,6.8,0.45
10,30,22.1,0,0.39
11,29.4,23,0.2,0.27
12,29.7,22.6,2,0.42
13,31.1,22.6,0,0.33
14,31.6,22.5,0,0.31
15,34,22,0,0.67
16,34,22.5,0,0.52
17,31.7,23.1,2.4,0.59
18,32.3,23.5,9.8,0.41
19,33.54,22.1,20.5,0.48
20,33.5,22,7.4,0.43
21,32,22,0.6,0.45
22,32,23.5,12.6,0.54
23,31,23.1,11.5,0.43
24,32,22.5,14.5,0.63
25,33.6,22,0,0.43
26,32.8,22.1,0,0.42
27,33.4,22,0,0.62
28,33.2,21.9,73.7,0.59
29,32.7,22.1,0,0.67
30,33.5,22.2,0,0.78
31,34.1,20.8,0,0.51
32,33.6,21.9,0,0.66
33,32.4,22.3,0,0.68
34,33.7,22.3,0,0.75
35,34.2,22.9,0,0.78
36,33.8,22.8,0,0.77
37,34.5,22,0,0.69
38,34.1,21.6,0,0.54
39,33.5,21.9,0,0.67
40,31.7,22,0.5,0.5
41,32.5,21.6,1.2,0.48
42,30.5,21.8,0,0.5
43,32.4,22.5,0,0.46
44,32.6,22,0,0.43
45,32.5,22.2,3.2,0.67
46,33.5,22.4,12.8,0.77
47,33.8,22.1,9.5,0.86
48,34,21.9,0,0.77
49,34.3,21.5,0,0.36
50,34.2,21.7,0,0.37
51,32,22.3,5.5,0.43
52,33,21.2,24.2,0.57
53,30.5,22.1,0,0.2
54,32.4,21,0,0.35
55,32.5,20.9,0,0.3
56,33.9,20.7,0,0.41
57,33.5,22.1,2.1,0.48
58,34.1,22.5,0,0.48
59,35.4,22.5,0.5,0.46
60,34.5,23,9.8,0.49
61,33.5,23.1,8.2,0.74
62,34,22.5,7.2,0.61
63,31.5,22.1,8.3,0.46
64,32.4,22.2,1.8,0.41
65,33.2,22.4,8.1,0.57
66,33.6,22.4,0,0.72
67,33.2,22.3,16.7,0.92
68,33.4,22.5,0,0.69
69,33.7,20.9,0,0.81
70,34.1,22.1,0.8,0.92
71,34,24,0,0.66
72,32.1,21.9,20.3,0.86
73,33,23.6,55.5,0.66
74,32.5,21.5,20.2,0.51
75,33,21.5,66.5,0.88
76,33.5,21.9,32.1,0.88
77,33.9,22.1,55.1,0.35
78,32.3,22.5,0.2,0.55
79,34.1,23,1.3,0.46
80,33.7,23.1,5.6,0.4
81,32.5,22.7,25.2,0.7
82,30.6,22.2,55.1,0.45
83,32.5,22.2,0,0.88
84,32.7,22.3,0.7,0.43
85,32.7,24,0,0.53
86,31.9,22.7,0,0.34
87,33,23,14.6,0.94
88,32.2,21.6,0,0.67
89,33.2,22.6,13.3,0.82
90,34,22.2,3,0.47
91,33.9,22.2,3.2,0.78
92,34,22.3,10.8,0.73
93,34,22.5,38,1
94,31.5,22,0,0.52
95,34.2,24,4.3,0.56
96,34.7,24,0,0.79
97,34.2,23.3,0.5,1.11
98,34.2,23.1,0,0.54
99,33.8,23.2,0.4,1.06
100,31.8,24,0.4,0.54
101,32,23.1,0,1.09
102,32.5,24,0,1.42
103,34,23.5,0,0.68
104,33.5,23.5,2.5,0.78
105,35.1,24,0,0.94
106,34.9,23.2,0,0.67
107,34,23.6,0,0.66
108,34,21.5,5.1,0.8
109,34,22.2,0,1.06
110,34.1,22.1,0,0.96
111,32.5,22.3,0,1.12
112,34.6,23.5,0,1.15
113,35.9,23.2,0.1,0.91
114,33.4,24.5,0,0.86
115,34.7,22.5,1.5,1.05
116,33.7,22,0,1.21
117,35.7,22,0,0.75
118,32.7,23,0,0.59
119,33.7,23,0,1.04
120,35.5,22.9,0,1.02
121,35,23.4,0,0.69
122,33.5,24,0,0.68
123,33.4,24,23.9,0.78
124,33.1,22,22.6,0.77
125,33,22.2,23.9,0.59
126,33.5,22.7,15.5,0.58
127,32.9,22.2,3.5,0.6
128,33.9,22.9,6.3,0.75
129,34,22.4,1.1,0.58
130,33.5,22.1,0,0.69
131,32.5,23.5,24.2,0.42
132,32.7,21.8,8.1,0.37
133,32,22,9.8,0.76
134,32.3,22.3,18.8,0.64
135,33,21.2,33.2,0.75
136,33.9,21.4,0.2,0.61
137,32.1,23.4,0.2,0.72
138,30.4,22.9,0,0.68
139,32.4,23,10.1,0.54
140,32,22.6,0,1.11
141,32.5,23.1,19.7,0.67
142,33.5,22.8,0,0.73
143,32.6,23,0,0.54
144,33.2,23.6,0,0.68
145,33.5,23.2,0,0.54
146,33,23.4,0,0.86
147,33,23.4,22.5,0.58
148,29,23.5,10.6,0.28
149,33,21.5,0,0.63
150,33.7,21.9,0,0.58
151,32.6,23.1,0,0.69
152,32.5,23,0,0.7
153,33.3,22.3,0,0.84
154,33.4,22.4,0,0.7
155,34.2,22.2,0,0.81
156,34.5,22.3,0,0.82
157,33.6,22.4,0,0.77
158,35,21.9,0,0.78
159,32.7,21.2,0,0.69
160,34.7,22,0,0.79
161,34.5,22.3,0,1.01
162,35,22.1,0,0.56
163,35.2,22.4,5.4,0.48
164,33.5,22.3,0,0.67
165,34.5,22.5,0,0.46
166,34.3,22.2,0,0.58
167,32.8,23,0,0.43
168,34.2,22.4,0,0.61
169,34.3,22.7,0,0.43
170,33.8,23,0,0.48
171,33.3,22.9,0,0.5
172,33.5,23,31,0.58
173,34,23,1.2,0.63
174,33.6,22.6,8.6,0.78
175,32.7,22.5,0,0.81
176,33.1,21.3,1.8,0.7
177,32.9,22.2,0,0.54
178,32.5,22,0,0.73
179,32.5,22.2,0,0.65
180,33.5,22.3,0,0.58
181,33.3,22.5,0,0.71
182,32.4,22.7,0,0.64
183,34,22.3,0,0.73
184,32.8,22.4,0,0.71
185,32.8,22,0,0.77
186,33.2,21.8,0,0.57
187,33.4,21.6,0,0.77
188,33.1,22,69.7,0.67
189,32.5,22.1,0.2,0.9
190,32.2,22.2,0,0.62
191,33,21.8,37.1,0.73
192,33,22,21.6,0.89
193,33.8,21.4,0,0.68
194,32.8,21.9,0,0.87
195,33.6,22.3,0,0.64
196,33.2,22,0,0.26
197,32.8,21.8,7.7,0.62
198,28,22.1,0,0.2
199,31,22.2,18.4,0.82
200,31.2,21.8,0,0.43
201,32,22,0,0.68
202,32.9,21.5,0,0.97
203,33.2,21.8,0,0.94
204,32.5,22.6,0,0.63
205,32.1,23.6,0,0.53
206,31.7,23.1,0,0.83
207,33,22.7,0,0.61
208,33.2,23,0,0.83
209,32.6,22.9,0,0.8
210,32.8,23,0,0.86
211,33.8,22.8,0,0.92
212,34.2,23,0,0.93
213,34.5,22.9,0,0.98
214,32,22.5,12.7,0.57
215,32.3,22.7,0,0.67
216,33.2,21.9,0,0.81
217,31.8,22.2,0,0.66
218,32.1,22,0,0.82
219,31.6,21.6,0,0.67
220,33.2,22,0,0.9
221,32.4,22.3,0,0.63
222,33,21.8,15.8,0.49
223,33.2,22.1,8.7,0.49
224,34.1,22.2,0,0.42
225,34.1,24,9.4,0.59
226,32.4,21,48,0.78
227,31.4,21.2,0,0.81
228,32.8,21.4,2.2,0.82
229,32.2,21.5,0,0.86
230,33.9,22.1,0,1.13
231,34,22,0,0.82
232,33.5,22,0,0.96
233,32.8,21.8,0,1.4
234,34,22.1,0,1.04
235,34,21.9,0.7,0.92
236,29.8,21.9,6.3,0.52
237,31.7,23.5,1,0.46
238,31.7,22.7,0,0.87
239,31.7,23.4,8.5,0.46
240,32.2,22.7,27.6,0.78
241,32.4,22,0,0.63
242,30.9,21.5,0,0.7
243,31.6,22.7,0.9,0.4
244,32.3,21.7,0,0.6
245,32.6,22,0,0.68
246,32.2,22.1,0,0.66
247,33.5,23.4,9.5,0.88
248,33.8,22,0,0.9
249,33.6,21.4,0,1.28
250,33,22,8.5,0.88
251,30.3,22.5,0,0.84
252,33.2,22.5,0,0.78
253,33,22.3,0,0.93
254,34.5,22.7,5.6,0.74
255,34.4,23,15.2,0.6
256,31.5,22,0.3,0.57
257,32.8,22.1,2.8,0.68
258,33.3,22.4,0,0.64
259,33.5,20.6,5.9,0.78
260,33,22,15.9,1.34
261,33.9,22.5,0,0.67
262,33.6,21.5,8.1,0.4
263,33.9,21.5,0.2,0.91
264,32.8,21.5,0,0.63
265,33,21.8,1.2,0.77
266,31.9,21.8,10.4,0.51
267,32.9,23.2,0,0.68
268,32.7,22,0,0.75
269,33,21.9,14.5,1.12
270,32.6,22,0,0.82
271,33.1,22,59.3,0.67
272,33.2,21.9,2.6,0.93
273,33,21.7,28.2,0.67
274,31,22,56.9,0.59
275,31.4,21.9,17.8,0.77
276,32,22.8,16.2,0.76
277,32.7,23.2,0,0.83
278,33.2,22.3,23.5,0.83
279,33.7,21.2,20.2,0.83
280,32,21.9,19,0.83
281,32.8,22,18.3,0.83
282,33.2,22,20.8,0.82
283,33.4,22.1,3.2,0.82
284,33.5,22,12.2,0.82
285,32.8,21.9,2.8,0.82
286,31.5,22.1,7.4,0.82
287,32.9,22.1,3.6,0.81
288,33.5,22,29.2,0.81
289,33,22.5,13.8,0.81
290,32.9,22.1,32.4,0.81
291,31,21.9,26.8,0.8
292,32,21.5,3.8,0.8
293,32.6,22,8,0.8
294,32.7,21.8,6.2,0.8
295,33.1,22.8,0,0.79
296,32.9,22,0,0.79
297,33,21.2,10,0.79
298,32.8,22.6,3,0.78
299,33,22,0,0.78
300,32.6,21.1,3.3,0.78
301,32.7,21,7.6,0.78
302,32.9,21.9,0,0.77
303,32.7,22,9.3,0.77
304,32.7,23,48.1,0.77
305,32.6,22,10,0.76
306,33,22,0,0.76
307,33.2,22.1,0.7,0.76
308,32.9,22.9,27.8,0.75
309,31.1,22.3,0,0.75
310,32.8,22.6,0.1,0.75
311,32,23.5,3.4,0.74
312,32.2,22,2.7,0.74
313,33.5,22.1,0,0.74
314,34,22.3,0,0.73
315,32,22,0,0.73
316,30.7,23.5,9.2,0.73
317,31.4,22.9,0,0.72
318,31.7,23.4,0,0.72
319,32.8,23,3.9,0.72
320,32.6,23,1,0.71
321,31.9,22.9,0,0.71
322,26.5,23.1,64.2,0.71
323,31.9,22.1,21.3,0.7
324,32.1,22.4,26.8,0.7
325,32,22.2,22.3,0.7
326,31,22.1,60.4,0.69
327,30,22.9,10.1,0.69
328,30,22,1.8,0.68
329,33,22,0,0.68
330,37,23,4.9,0.68
331,32.7,22.7,3,0.67
332,32.7,21.9,18.6,0.67
333,33.1,22.8,0.3,0.67
334,33.6,23,15,0.66
335,33,23,1,0.66
336,32.5,23.3,14.5,0.66
337,31.5,23.2,41.2,0.65
338,29.9,22.6,6.1,0.65
339,33.1,22.6,26.7,0.65
340,30.3,23,0.1,0.64
341,31,23.6,1.7,0.64
342,33,23.2,25.6,0.64
343,27,23.1,1,0.63
344,31.9,22.5,0,0.63
345,28.5,22.7,0,0.63
346,29.8,23.2,0.8,0.62
347,32.9,23,0,0.62
348,32,22.9,0,0.62
349,32.3,22.8,0,0.61
350,32.7,22.3,0,0.61
351,32,22.5,0,0.61
352,33.5,23.2,0,0.6
353,33.3,23.1,0,0.6
354,31.5,23,5.5,0.6
355,31,24,17.5,0.6
356,29.1,23,0,0.59
357,30.7,22.9,0,0.59
358,33.2,23.5,0,0.59
359,31.9,24,0,0.59
360,31.5,23.6,0,0.58
361,29.5,22.1,0,0.58
362,31.1,21.3,0,0.58
363,32.5,22,0,0.58
364,32.6,21.7,0,0.57
365,32.5,21.2,0.1,0.57
1,32.5,21.2,10.5,0.56
2,32.2,21.9,0.7,0.57
3,32.7,22.5,17,0.58
4,32.3,22.3,11.8,0.82
5,30.1,23.5,16,0.45
6,32.5,22.5,15.9,0.58
7,30.8,22.5,3.7,0.4
8,29,23.1,13,0.62
9,31,20.5,1,0.38
10,33.1,22.5,0,0.64
11,32.5,21,15.1,0.5
12,34,22,0,0.47
13,32,21.9,0,0.2
14,30,22,0,0.22
15,33,22.5,16.6,0.48
16,31,21.5,7.2,0.37
17,32.9,22.4,0,0.53
18,32.8,22,0,0.67
19,34,21.9,2.9,0.48
20,32.1,22,42.9,0.74
21,29.9,21.1,0.1,0.3
22,32.5,22.2,33,0.45
23,32.4,20.7,0,0.51
24,31.5,21.1,0,0.52
25,32.5,21,0,0.4
26,32.9,21.5,0,0.47
27,32.2,21.45,51.4,0.57
28,28,22,1.1,0.2
29,32,22.6,0,0.66
30,32.7,21,0,0.63
31,33.5,20.3,0,0.54
32,31.4,20.5,0,0.41
33,31.2,22.6,0,0.38
34,32,22.9,0,1.01
35,30.6,21.9,0,0.5
36,32.7,21,0,0.6
37,33,21.5,0,0.64
38,33.5,21.5,13.6,0.67
39,31.5,21,0,0.41
40,33.5,21.5,0,0.75
41,33.5,22,0,0.84
42,32.4,23.2,1,0.47
43,33.6,22.7,42.5,0.53
44,31.3,22.7,2.6,0.53
45,33,22.3,0.6,0.45
46,32.3,22.6,43,0.49
47,31.7,22.3,0,0.57
48,32,22,24.1,0.63
49,31.4,22,21.6,0.6
50,32,22.5,0,0.51
51,33.2,22.8,0,0.34
52,33.5,23,0.5,0.5
53,33.2,23,0,0.59
54,33.6,22.8,0,0.57
55,33.8,22.7,3.4,0.67
56,33.1,23,23.1,0.74
57,33,22.1,22.7,0.67
58,30,22.1,17.3,0.44
59,32,22,11.5,0.6
60,32,22,13.7,0.39
61,32.2,22,0,0.33
62,33.3,23.4,15.7,0.62
63,33.5,23,0,0.55
64,31.8,22.5,0,0.45
65,34,23.8,0,0.6
66,34.3,23.3,0,0.57
67,34.3,23.3,0,0.65
68,33.7,24.1,4.2,0.78
69,33.7,24.1,0,0.62
70,34.6,24.5,0,0.77
71,34.3,23,0,0.98
72,34.3,23.6,0,1.04
73,34.2,23.4,31.4,0.51
74,34.2,23.4,0,0.85
75,33.6,24,29.1,0.83
76,32.5,22.5,5.4,1.03
77,32.8,23.5,24.5,0.65
78,32.7,23.5,0,0.73
79,34.6,22.8,0,1.09
80,34.6,22.8,0,0.66
81,33.5,22.6,1.4,0.86
82,33.5,23,0,1.17
83,33.6,23,0,0.63
84,32.2,24.2,45.1,0.59
85,34.2,22.3,1.2,0.91
86,32,23,55.6,0.57
87,33.1,22.5,18.2,0.55
88,31.3,22.7,27,0.45
89,33.5,22.8,30.03,0.32
90,33.5,21.7,0,0.42
91,33,22.2,11.4,0.52
92,30.3,21.8,0,0.3
93,30.8,21.8,2.5,0.46
94,32.3,22.2,45.6,0.64
95,32.5,22.2,4.2,0.6
96,32.5,22.5,0,0.76
97,32.3,22.2,0,0.91
98,32.5,22.7,0,0.73
99,35.5,23,7.2,0.73
100,33.3,23.5,3.2,0.69
101,31.5,23.7,8.3,0.55
102,32.8,22.3,9.6,0.59
103,33,22.4,29.6,0.49
104,33.2,23.2,0,0.49
105,33.2,22,0,0.7
106,32.7,23.2,0,0.81
107,32.2,23,0,0.72
108,32.6,23.1,0,0.79
109,33.1,23.4,0,0.72
110,34,23.2,0,0.75
111,34.1,23.4,8.9,0.68
112,34.2,23.1,28.9,0.75
113,35,23.2,26.6,0.8
114,34.3,22.2,0,0.65
115,32.7,23.9,4.1,0.88
116,33.2,22.8,0.8,0.73
117,33,23.1,8.3,0.59
118,32.7,23.5,3,0.56
119,33.2,24.1,0,0.53
120,33.9,23.9,2,0.47
121,33.5,22.2,0.2,0.64
122,32.4,23,33.4,0.53
123,33.4,23.2,0,0.6
124,30,24,14.5,0.89
125,33.9,22.7,27.1,0.39
126,33.2,22.8,2.4,0.49
127,33.4,23,0,0.42
128,32,22.5,4.9,0.57
129,32.8,22.7,0,0.73
130,33.8,23,7.6,0.65
131,33.9,22.8,0,0.57
132,34.2,22.5,0.1,0.74
133,34,22.5,0,1.1
134,33.6,22.9,0,0.98
135,34.2,23.5,0,1.26
136,34.4,23.1,0,0.2
137,34.1,23,0,1.23
138,34.8,23.6,0,0.8
139,33.8,22.3,0,0.85
140,34.6,22.3,0,1.05
141,35.5,23,0,0.32
142,33,24.5,0.4,0.48
143,35.6,23.4,0,0.61
144,34.5,24,0,0.77
145,34.7,23,0,0.98
146,35.5,23.3,0,0.58
147,36,23.8,0,0.73
148,33.8,22,52.5,0.72
149,34,22.8,0,0.43
150,33.8,23.1,0,0.8
151,34.2,22.5,63.9,0.68
152,33.7,22.3,0,0.63
153,34.1,21.7,0.2,0.7
154,33.8,24,0,0.56
155,34,23,0,0.76
156,32.9,23.5,25,0.47
157,31,23,0,0.42
158,33.5,22.8,0.7,0.47
159,33.2,23,0,0.63
160,34,22.9,0.1,0.77
161,33.5,22.3,1.5,0.39
162,32.8,22.1,0,0.32
163,29.6,21.8,16,0.63
164,31.2,22.5,0.1,0.2
165,33.6,22.5,0,0.56
166,34.2,22,0,0.52
167,33,23.1,0,0.63
168,31.2,24.2,3.4,0.54
169,33.9,22.2,0,1.37
170,34.4,23,0,0.56
171,34.2,24.8,0,0.26
172,32.6,23.2,10.1,0.57
173,31.2,22.1,0,0.51
174,30.2,22,0,0.34
175,33.5,23,0,0.55
176,33.7,21.9,8.9,1.05
177,33.8,22,0,0.9
178,33.5,22,0,0.68
179,33.1,23.2,0,0.63
180,31.8,22.3,0,0.63
181,32,22,8.5,0.73
182,32.3,21.2,0,0.62
183,32.4,22.1,0,0.61
184,32,22,37.2,0.79
185,32.2,22.2,19,0.75
186,32,23,0,1.09
187,33,23.1,0,0.43
188,31,23.5,0,0.88
189,32,24,0,0.33
190,32,23.3,0,0.45
191,32,23.5,0,0.8
192,32.6,23.1,0,0.78
193,33,22.9,0,0.63
194,34.5,23.2,0,0.79
195,33.4,21.9,0,0.83
196,33,23,0,0.85
197,34,22.5,0,0.85
198,33.5,22.5,0,0.64
199,34.2,23.3,0,0.72
200,33.5,22,0,1.08
201,34.4,22.2,0,0.96
202,33.5,22,0,0.95
203,31.8,22.6,0.8,0.43
204,32.7,22.3,0,0.73
205,33.9,21.8,0,0.99
206,34,21.8,0.6,0.71
207,34.1,23.5,0,0.74
208,34.3,21.9,0,1.13
209,40,22,0,0.76
210,32.4,22.2,1.7,0.54
211,33.3,22,40.3,0.63
212,32,21.6,0,0.67
213,32.1,22,12.2,0.78
214,31.3,22.6,0,0.72
215,31.9,22,0,0.89
216,30,22.9,35.9,0.9
217,29.8,21.8,33.9,0.3
218,32.2,22.5,4.2,0.78
219,33,22.6,0,0.67
220,31.5,22.1,33.5,0.63
221,32,22.2,0,0.65
222,32.8,22,1.8,0.62
223,33,21.8,0,0.41
224,32.2,22,0,0.48
225,32.1,21.8,27.9,0.6
226,33.1,21.8,28.8,0.48
227,32.7,22.2,19.3,0.54
228,33.4,22.2,18.7,0.69
229,31.4,22.1,4.9,0.74
230,32.6,22,3,0.31
231,30.1,20.9,25,0.54
232,32,22.6,25.5,0.76
233,29.9,21.6,0,0.72
234,33.2,22.5,0,0.73
235,33.5,22.3,10.5,0.69
236,33.1,22.4,0,0.54
237,32.4,22.1,0,0.72
238,32.9,21.8,0,0.77
239,33,22,0,0.93
240,34.2,21.9,0,0.78
241,30.3,22.7,0.2,0.82
242,32.5,22.5,0,0.6
243,33.6,22.1,0,0.78
244,34,21.7,15.4,0.46
245,33.7,22,0,1
246,33.9,22.1,19.7,0.77
247,31,22.2,0.1,0.56
248,32.9,22.9,0,0.68
249,33.6,22.2,0,0.86
250,33.8,23.1,0,0.97
251,32.8,22.2,0,0.63
252,33.4,22.3,0,0.85
253,34.6,21.9,12.6,0.72
254,33.2,22,0,0.73
255,34.2,22.2,23.6,0.77
256,33.4,22.4,2.8,0.65
257,32.1,22.3,10.6,0.6
258,33,22.1,0,0.51
259,33.7,22.6,0,0.77
260,33.5,23,0,0.54
261,33.2,23.2,0,0.76
262,29.2,24,6.1,0.72
263,33.6,22.6,0,0.75
264,32.9,23,17.3,0.85
265,33.2,23.1,10.6,0.88
266,33.8,22.6,33.2,0.85
267,31.6,22.2,0,0.8
268,32.6,22.5,12.2,0.45
269,32.7,22.4,8.7,0.69
270,31.2,23.2,0,0.68
271,32.6,23,16,0.78
272,33,22.5,8.9,0.6
273,32.7,22.4,8.4,0.72
274,32.8,22,0,0.77
275,32,23.1,0,0.76
276,31.6,22.2,0,0.7
277,32.4,22.8,57.4,0.65
278,32.6,22.2,28.6,0.68
279,32.2,23,24.4,0.72
280,30.5,22.1,0,0.64
281,33,21.9,9.9,0.65
282,33.2,22,3.6,0.85
283,32.9,22.1,0,0.69
284,34,22,0,0.75
285,33.35,22.2,1.8,0.85
286,33.8,22.3,0,0.68
287,34,22.1,0,0.76
288,34.1,23,0,0.78
289,34,22.6,0,0.88
290,34.2,22.2,0,0.68
291,34,22.4,2.6,0.93
292,33.9,22,0,0.96
293,33.8,23.8,0.9,0.92
294,34,22.8,3.8,0.85
295,34.1,23,0.4,1.01
296,33.7,22.3,22.4,1
297,32.2,22.6,0,0.91
298,32.6,22.2,0,0.93
299,33.2,23.4,0,0.71
300,34,23.1,0.7,0.98
301,33.6,23.2,0.8,0.8
302,33.8,22,8.3,0.6
303,33.7,22.4,34.2,0.71
304,33.6,22.3,0,0.96
305,33.6,22,3.7,1.33
306,30,22,0.7,1.23
307,32.7,22.5,0,0.97
308,33.9,23,0,0.92
309,32.9,23.9,0,0.55
310,33.1,23,0,0.91
311,33.4,23.1,3.6,0.73
312,33.7,23,0,0.41
313,32,22.9,0,0.7
314,34,23.2,0,0.59
315,31.4,23,3.3,0.96
316,32.8,23.5,0,0.52
317,32.6,23.2,0,0.7
318,32,22.9,4.9,0.62
319,33,23,18.8,0.82
320,31,22.9,21.2,0.66
321,33.1,21.9,10.6,0.85
322,31,23.1,50,0.57
323,32,24,0.8,0.64
324,32,23.5,4.4,0.58
325,34.5,23,45.2,0.56
326,34.5,23.5,0.2,0.62
327,32.7,23.1,70.3,0.79
328,32.1,23.9,4.1,0.52
329,31.2,23.5,5.5,0.32
330,29.3,23.7,11.6,0.25
331,28.2,23.2,10,0.41
332,30.2,23.3,0,0.26
333,32.5,28,0,0.79
334,33,23.5,0,0.99
335,32.3,22.9,10.9,0.75
336,33,23.1,18,0.67
337,32.3,23.2,0,0.47
338,33.1,22.9,33.1,0.45
339,32.5,22,3.2,0.55
340,31.2,22.2,0,0.48
341,33.1,22,0,0.61
342,32.7,22.3,0,0.55
343,33,23,2.8,0.5
344,32.1,23.5,2.2,0.32
345,33,22.8,2.6,0.75
346,32.2,22.9,0,1.01
347,33,23.7,0,1.11
348,33.9,23.1,0,0.95
349,33.5,24.1,0.7,0.79
350,34,23.5,2.4,0.54
351,33.9,23.6,0,0.65
352,33.9,23.6,6.4,0.94
353,33,21.6,38,0.44
354,33.8,23,0.3,0.52
355,31.2,23.1,17,0.31
356,34,23,5.2,0.48
357,34.1,22.8,23.8,0.68
358,32.5,23.1,0,0.71
359,33.5,23.4,38.8,0.45
360,33.9,23.5,37.4,0.47
361,31.5,22.8,12.2,0.51
362,33.2,23,0,0.36
363,32,22.3,11,0.51
364,33,22.8,10.1,0.39
365,32.5,22.5,10,0.65
1,33.8,23.2,0,0.64
2,32.3,22.9,5,0.81
3,32.5,23.5,100.5,0.52
4,33.8,23,0,0.8
5,30.9,23,0,0.25
6,31.6,22.1,0,0.36
7,30.1,23.8,48.9,0.75
8,32,22,0.2,0.57
9,32.7,22.3,0,0.79
10,33,22,0,0.53
11,33.1,22.4,0,0.31
12,32.6,22.1,0.5,0.29
13,34.1,23.4,21.4,0.42
14,34,22.1,24.4,0.52
15,30.7,22.1,1.7,0.44
16,31.2,22.2,21.1,0.48
17,32.7,22.7,49.4,0.58
18,33,22.8,4.9,0.44
19,33.2,22.3,0,0.31
20,29.1,22,0.2,0.34
21,34.1,23,0.1,0.32
22,33.7,22.5,0,0.42
23,32.6,22.4,0,0.54
24,31.7,23,3.6,0.36
25,34.4,23.1,1.3,0.56
26,34.4,22.5,0,0.69
27,33.3,22.7,0.6,0.71
28,33.1,22.9,0,0.49
29,33,23.2,3.33,0.65
30,33.9,23.1,0.8,0.55
31,32.9,23.3,0,0.81
32,32.1,22.9,11.3,0.81
33,33.1,22,1.8,0.81
34,32.9,22.8,16.7,0.88
35,33.1,22.3,0,0.87
36,31,21.7,0,0.35
37,32.2,22.8,2.3,0.52
38,32,22.1,18.4,0.33
39,33.2,22.4,9.8,0.7
40,33.6,22.3,0,0.2
41,32.5,22.1,4,0.43
42,31.7,22,55.7,0.7
43,32.6,22.5,9.8,0.34
44,31.7,22.4,32.4,0.49
45,33,22.5,20.4,0.41
46,32.8,22.1,11.5,0.45
47,32.5,22.6,3.9,0.44
48,32.9,22.2,1.8,0.52
49,31.5,22.4,53.9,0.36
50,34,21.7,0,0.53
51,33.8,21.6,17,0.49
52,33.2,22,5.3,0.45
53,33,22.8,0,0.56
54,32.6,23,1.6,0.2
55,30,22.4,0,0.75
56,31,23,0.2,0.55
57,32,23.3,0,0.41
58,31.8,22.8,6.2,0.39
59,32,23.1,2.3,0.48
60,32.1,23.4,16.56,0.57
61,32.3,24,0,0.66
62,33,22.8,0,0.66
63,32.9,23,0,0.71
64,33.8,22.8,0,0.61
65,34.5,22.7,0,0.79
66,34.7,22,31.2,0.59
67,34.2,22.1,0,0.57
68,34.7,22.8,2.8,0.41
69,34.5,23,4.7,0.46
70,34.3,22.9,18.3,0.42
71,34.1,23,25.6,0.47
72,33.7,23.1,0,0.71
73,32.9,24,0,0.58
74,32.9,24.5,1.1,0.67
75,33.5,24,0,0.71
76,34,23.5,4.3,0.45
77,33.5,23.5,0.1,0.53
78,34.5,23.6,0,0.7
79,34.3,23.5,0,1.05
80,33.9,23.2,20,1.26
81,34.3,23.3,0,0.95
82,34.5,22.9,7.1,0.85
83,33,20.7,0,1.25
84,33.5,23.1,6,0.65
85,32,23,0,0.59
86,32,23.5,0,0.98
87,33.7,23.6,0,0.97
88,33.5,22.9,27.6,0.67
89,33.4,22,0,0.48
90,33.9,23.1,0,0.84
91,34.1,22.9,0,0.98
92,33.9,23,0,1.04
93,34,23.1,58,0.47
94,34.2,22.9,0,0.94
95,33.3,23.1,10.4,0.74
96,33.8,22.9,6.2,0.53
97,33,23,4.8,0.66
98,35.1,23.1,58,0.61
99,34.9,22,5,0.47
100,32.7,22.7,26.2,0.38
101,33,23.5,0.2,0.64
102,33.6,23.9,16.4,0.74
103,34,23.2,0.6,0.61
104,34.1,23.1,1.2,0.84
105,33.3,23,0,0.89
106,33.6,23.5,18.8,0.53
107,32.6,23.1,11,0.49
108,33,22.3,4.6,0.56
109,34,22.5,1,0.61
110,33.6,23,14.6,0.52
111,33,22.9,8.1,0.6
112,33.7,23,37,0.61
113,34.3,23.1,45.8,0.6
114,37,22.9,41,0.73
115,33,22.6,5.1,0.71
116,33.9,23.6,5.4,0.42
117,34,23.3,0,0.51
118,33.4,23.2,3.5,0.56
119,34,23.2,0,0.47
120,33.6,23.1,30.5,0.4
121,34,23,5.8,0.95
122,33.6,23,11.4,0.86
123,33.9,23.1,0,0.68
124,33.7,23.3,2.2,0.41
125,34.1,23.6,10.2,0.8
126,34.7,23.3,1.2,0.53
127,34,23.1,0,0.57
128,34.9,23,0,0.56
129,34.9,24.7,0,0.71
130,34.5,22.7,47.9,0.73
131,34,23,0.4,0.92
132,33.5,23.5,0,1.04
133,30,24.2,0,0.58
134,32.1,22.4,1.3,0.45
135,32.3,22.3,0,0.5
136,30.7,24,11,0.21
137,33.2,22.9,0,0.62
138,33.9,23.2,0,0.51
139,34,23.1,0.2,0.58
140,33.8,23,0,0.65
141,33.9,23.3,0,0.69
142,34.9,23.5,0,0.59
143,34.9,23.6,0,0.78
144,33.7,23.6,0,0.82
145,34,23.4,8.2,1
146,36.2,23,0,0.76
147,33.6,23.6,37.4,0.22
148,33.5,22.2,0,1.05
149,33.9,23.9,0,0.9
150,35.4,23.6,0,0.91
151,32,24,0,0.9
152,32,24.4,8.7,0.51
153,34,23.2,0,0.73
154,34,24,4.1,0.65
155,34.1,23.9,28.2,0.49
156,34.8,22.7,0.5,0.71
157,34.5,24,11.7,0.66
158,33.7,23.3,22.8,0.71
159,33.2,23.2,3.2,0.74
160,31.1,23,47.9,0.72
161,33.3,22.6,0,0.93
162,32,21.1,7.3,0.65
163,31.1,22.8,0,0.45
164,33.5,23.6,0,0.58
165,33.5,23.7,0,0.72
166,34.5,24.5,0,0.64
167,34.9,24.3,1.2,0.59
168,32.5,23.1,0,0.74
169,33.6,23.6,0,0.68
170,33.5,23.3,0,0.65
171,33.2,23.2,0,0.73
172,34,23,0,0.65
173,33.9,23.1,33.7,0.78
174,32,22.6,0,0.5
175,32.8,23.6,0,0.95
176,33.7,23,0,0.45
177,31.4,22.9,0,0.5
178,33,23,0,0.71
179,31.4,23,2.6,0.82
180,32,21.5,12.5,0.93
181,30.9,22.2,0,0.66
182,34.6,23.2,0,0.63
183,34.5,23.1,10.1,0.87
184,31.9,23,0,0.55
185,33.5,22.4,0,0.81
186,31.9,22.2,10.9,0.5
187,31.5,23,0,0.69
188,32,22.4,0,0.95
189,33.3,22.3,0,0.92
190,34.2,23,0,0.94
191,33.7,23.1,0,0.81
192,32.9,22.7,0,0.95
193,33.5,22.6,0,1.12
194,33.3,22.1,0,0.76
195,33.7,22,0,0.82
196,34.3,22.3,0,0.81
197,34.6,22.2,2.7,0.71
198,34.5,22.1,1,0.81
199,34.3,22.3,0,0.69
200,33,22.7,23.8,0.58
201,32.9,23,16.6,0.69
202,32.5,22.8,8.2,0.8
203,36,21.6,1.8,0.83
204,34.4,20.6,23.2,0.57
205,33.9,22.3,17.9,0.9
206,32.9,23,0,0.31
207,33,22.9,0,0.48
208,33.5,23,8.2,0.61
209,32.7,22.2,1.2,0.61
210,32.5,22.6,1.8,1
211,33.2,22.6,0,0.58
212,32.8,22.3,100.7,0.7
213,32.9,22.2,0,0.74
214,33.2,22.7,0,0.71
215,33,22.5,28.1,0.69
216,32.9,22.4,22.2,0.76
217,32.5,22.4,30.6,0.3
218,33,22,0.7,0.78
219,32.6,22.3,0,0.59
220,32.8,23,0.3,0.58
221,33,22.8,10.9,0.73
222,32.7,22.6,6.8,0.67
223,32.5,23,11.3,0.72
224,32.5,21.5,0,0.45
225,33,24,3.5,0.74
226,33.2,23.3,12.4,0.49
227,32.5,22.8,0,0.59
228,33.6,20.3,0,0.93
229,33.4,22.5,0,0.59
230,33.2,22.8,0,0.67
231,33.1,22.3,0,0.66
232,33.3,22.8,0.2,0.6
233,33.1,22.4,3,0.61
234,33.4,22.7,20.8,0.63
235,33.2,22.5,0,0.68
236,33.9,23,12.7,0.78
237,33.9,23.4,0,1.02
238,32,23,0,0.66
239,33,23,0,0.7
240,33.2,23,0,0.86
241,33.4,22.8,0,0.94
242,33,23,0,0.82
243,30,23.1,0,0.79
244,32.1,23.9,0,0.86
245,30.1,23.6,4.2,0.88
246,30.5,23.3,0,0.36
247,32.5,24,0,0.67
248,34.1,24.1,0.5,0.91
249,34,23.1,0,0.95
250,35,22.3,9.8,0.96
251,34.3,22.7,2.3,0.53
252,32.1,22.9,5.8,0.66
253,33.2,22.5,0,0.77
254,32.4,22,3.4,0.51
255,32.6,22.7,0,0.98
256,34,21.5,0,0.93
257,34,22.6,0,0.8
258,33.6,22.5,0,0.94
259,34.4,22,0,1.03
260,34,22,5.2,0.61
261,35.1,22.5,7.6,0.75
262,35,22.3,21.7,1
263,33.9,23,1.6,0.86
264,31.1,22.4,0.5,0.8
265,32.2,24,0,0.89
266,33,22.5,25.7,0.77
267,33.8,22.5,1.6,0.74
268,33.5,22.5,2.4,0.84
269,33.6,22.3,54.4,0.94
270,33.6,22.7,5.1,0.56
271,32.7,22.6,0,0.95
272,33,22.8,11.9,0.88
273,30.8,22.9,1.1,0.78
274,32.5,22.7,0.2,0.85
275,34.7,23.1,72.9,0.81
276,33.2,22,8.1,0.75
277,33.4,23,13.4,0.89
278,32.3,22.2,12.5,0.96
279,31.7,22.1,8.3,1.01
280,33,22.3,0,0.63
281,32,23.7,3.2,0.96
282,33.6,22.5,38,0.6
283,32.5,22,12.8,0.59
284,32.7,22.2,0,0.64
285,33.8,22.1,0,0.67
286,34.4,22.4,0,0.76
287,34,21.5,0,1.09
288,33.7,22.1,0,1.28
289,34.2,22.2,0,1.02
290,34,22.6,0,1.06
291,34.4,23.1,0,1.15
292,34.2,23.5,15.6,1.32
293,33.9,22.5,0,1.23
294,32.6,23.1,0.2,1.54
295,33.4,23.4,0,0.87
296,33.5,23.3,0,0.94
297,33.2,23.1,0,0.86
298,33.7,22.8,0,0.76
299,33.1,22.9,36.3,0.63
300,32.5,22.5,9.1,0.73
301,33.6,23.9,0,0.58
302,33,23.1,18.7,0.62
303,33,23,3.2,0.42
304,33.2,22.5,8.3,0.47
305,32.4,23,13.9,0.6
306,33.4,23.4,12.8,0.48
307,31.2,22.2,5.8,0.6
308,32.2,23.1,0,0.63
309,33.9,22.9,0.4,0.65
310,34,23,0,0.57
311,33.8,22.9,2.8,0.74
312,32.5,23.1,3.1,0.68
313,30.2,23.5,0,0.76
314,33.5,24,0.3,0.52
315,34,23.2,0,0.57
316,33.7,23,0,0.59
317,33,23.1,0,0.68
318,33.5,23,15.1,0.66
319,33.6,22.7,0,0.69
320,34,22.3,0,0.47
321,33.5,21.9,87.6,0.66
322,33.5,22.5,0,0.26
323,31.5,22.6,3,0.59
324,33.6,23.2,107.2,0.86
325,34,23.2,3.8,0.23
326,30.2,22.9,5.6,0.35
327,32,23,0,0.58
328,31,23,21.6,0.2
329,32.6,22.5,0.7,0.44
330,33,23.1,0,0.4
331,33.2,24.2,21.3,0.77
332,32.2,23.2,0,0.72
333,33.1,22.1,6.7,0.71
334,32.8,22.5,0,0.66
335,32.2,23.2,0,1.04
336,33,22.6,0,0.7
337,34,23,0,0.75
338,33.7,24,0.3,0.9
339,34.2,22.9,0,0.55
340,34,23.6,13.8,0.71
341,30.5,22.5,10,0.5
342,33,21.7,0,0.75
343,33,23,0.6,0.81
344,33.3,23.2,0.9,0.55
345,31.6,23.3,0,0.68
346,33.5,23,0,0.81
347,33.1,23.2,0.1,0.76
348,32.5,24.5,0,0.77
349,33.7,23.6,0,0.69
350,33.4,23.5,0.2,0.54
351,32.1,24.3,21.4,0.67
352,32.8,22.2,0,0.62
353,33.6,23.1,0,0.41
354,33.2,23,0,0.6
355,33.2,23.2,0,0.54
356,33.5,22.9,0,0.51
357,32.9,23.2,0,0.53
358,33.1,23,1.8,0.65
359,33.2,23.1,13.8,0.5
360,33.3,23.2,25.1,0.35
361,32.9,23.3,13.8,0.46
362,33.2,23.3,0,0.41
363,33.8,23,12.7,0.37
364,34,22.8,0.1,0.4
365,35.5,22.9,13.2,0.33
1,33.3,21.7,10,0.95
2,33.9,23.1,0.1,1.27
3,33.6,22.9,0,1.23
4,33.7,23,0,0.79
5,34.2,21.2,0,0.52
6,34,21.7,0,0.83
7,33.6,21.4,0,1.33
8,33.8,20.4,0,0.92
9,34.1,21.6,0,0.68
10,33.9,21.9,0,0.61
11,34.2,22,0,0.7
12,34,22.3,0,0.71
13,33.5,21.8,1.3,0.74
14,34.6,21.6,0,1.21
15,34.1,21.6,0,0.89
16,33.8,22.6,0,0.73
17,33.5,22.8,4.9,0.81
18,33.6,22.1,0,0.54
19,34,22.5,0,0.61
20,34.23,22.7,7.9,0.67
21,33.7,21.9,0,0.48
22,33.5,22.6,3.8,0.4
23,34,22.4,18.1,0.56
24,33.5,23,0,0.55
25,33.4,22.3,6.4,0.53
26,33.6,20.1,8.3,0.67
27,34,22.7,0.2,0.83
28,34.2,22.6,0,0.42
29,33.5,22.8,0,0.31
30,33.7,22.7,0,0.89
31,34,23.2,0,0.96
32,33.5,23,0,1.04
33,33.6,22.4,0,0.83
34,34,23,0,0.91
35,34.1,22.6,0,0.88
36,35.2,22,0,0.45
37,34.9,22.3,1.1,0.68
38,35.6,22.5,0.7,0.7
39,38.5,23,0,0.57
40,34.9,20,0,0.67
41,34.6,21.5,0,0.45
42,35,22.5,0,0.68
43,34.8,22.3,0,0.43
44,35,22.7,0,0.55
45,35.1,23,0,0.45
46,35.4,22.6,0,0.68
47,35.1,22.3,0,0.7
48,36.1,22.6,0,0.65
49,35,22.5,0,0.56
50,35.2,22.2,0,0.58
51,35.5,21.9,0,0.55
52,35.4,21.8,0,0.44
53,37.3,22.2,0,0.57
54,35.6,20.9,2,0.68
55,35.4,22.1,0,0.77
56,36.5,21.5,0,0.56
57,36.8,21.7,3.2,0.63
58,37.5,22,0,0.57
59,38.3,22.3,0,0.52
60,37.4,21.9,0,0.58
61,37.6,22,0,1.16
62,38.4,22.1,96.2,0.58
63,37.5,21.6,12.3,0.52
64,35.9,22.2,18.8,0.57
65,35.3,22.3,3,0.5
66,35,22.4,0,0.6
67,35.2,23,8.4,0.69
68,34.9,22.8,9,0.78
69,35.4,23.3,0,0.78
70,35.2,23.1,0,0.66
71,34.9,23.2,0,0.83
72,35,23,0,0.98
73,34.8,22.9,0,1.19
74,35.1,23,0,1.06
75,34.9,23,0,0.53
76,35.2,23,0,0.95
77,34.8,23.2,8.5,0.67
78,34.5,23.1,18.2,0.51
79,34.9,22.9,5.4,0.63
80,35,23.3,3.8,0.59
81,34.6,23.3,3,0.74
82,34.8,22.9,0,0.77
83,35,23,0,0.75
84,34.8,23.2,3.3,0.61
85,34.9,23,0.4,0.52
86,34.7,23.2,4.1,0.88
87,34.9,23.4,1.8,0.99
88,35,23.3,4.3,0.52
89,34.4,22.9,9.2,0.66
90,34.8,23.3,11.8,0.57
91,33.8,23.1,12.3,0.73
92,34.2,23,50.1,0.79
93,34.8,23.2,0.2,0.63
94,34.9,23.3,5.1,0.77
95,35.4,23,0,0.53
96,34.2,23.1,0,0.84
97,36,23,0,0.79
98,35.2,22.5,0,0.74
99,34.9,23.32,31.2,0.77
100,34,22.7,12.5,0.65
101,33.9,23,0,0.56
102,33.9,22.9,0,0.66
103,34.1,23.1,0,0.49
104,34.2,23.2,7,0.46
105,34.8,22.9,4.8,0.63
106,34.6,23.1,6.7,0.53
107,35,23,15.4,0.62
108,34.8,22.8,26.7,0.43
109,35,22.6,18.3,0.45
110,34.7,22.9,14.4,0.47
111,34.8,23,1.7,0.58
112,35.1,22.5,14.4,0.73
113,35,22.8,0,0.43
114,34.9,23,0.5,0.45
115,34.7,23.1,13.9,0.48
116,35.3,22.8,32.6,0.47
117,35,22.7,28.5,0.49
118,35.1,22.5,42.3,0.53
119,34.9,23,15.4,0.5
120,34.8,23.2,18.4,0.53
121,35,23,6.1,0.42
122,34.9,23.4,18.3,0.46
123,35,23.3,122.8,0.41
124,35.2,23,73,0.84
125,34.3,23.4,0,0.28
126,34.7,23.4,0,0.94
127,34.2,23.6,20.4,0.34
128,34.8,24.2,13.3,0.35
129,35,23.6,0.7,0.41
130,35.2,23.8,1,0.51
131,34.8,23.5,10.7,0.4
132,35,23.5,1.6,0.69
133,34.7,23.6,0,0.6
134,34.5,23.7,0,0.63
135,33.5,23.4,0,0.73
136,33.2,23.3,0,0.58
137,34.8,23.5,0,0.52
138,34.2,23.3,0,0.55
139,35,23.4,0,0.64
140,34.9,23.3,0,0.66
141,34.7,23.5,0,0.72
142,34.2,23.4,0,0.71
143,34,23.6,0,0.84
144,34.5,23.3,0.5,0.83
145,34.8,23.4,0,0.66
146,33.8,23.2,3.2,0.66
147,34.6,23.2,0,0.24
148,34.7,23,0.9,0.37
149,33.9,23.3,2,0.62
150,33.8,23.4,0,0.42
151,33.8,23.2,0,0.71
152,34.5,23.3,0,0.84
153,34.7,23.3,0,0.92
154,35.2,23.5,0,0.8
155,35,23.6,0,0.84
156,34.8,23.2,0,0.64
157,35.2,23.4,0,0.58
158,34.7,23.1,11.4,0.37
159,33.8,23.3,0,0.49
160,35.5,23.6,0,0.92
161,31,24.1,1.5,0.35
162,36,23,3.9,0.5
163,33.9,24.6,0,0.53
164,34.2,24.2,0,0.89
165,33,23.9,11.1,0.72
166,32.5,23.8,16.5,0.57
167,33.6,23,90.5,0.57
168,32.9,22.8,19,0.61
169,33.8,23.1,20.5,0.21
170,33.7,23.3,0,0.56
171,34.5,23.3,7,0.64
172,34.6,22.7,0,0.21
173,33.8,23,0,0.52
174,33.9,23.2,0,0.73
175,34.7,23.3,0,0.71
176,34.2,22.9,0,0.56
177,34,22.5,0,0.47
178,33.9,22.7,0,0.61
179,34.4,23.3,0,0.62
180,34.3,23.2,0,0.69
181,35,23,0,0.71
182,34.4,23.1,1.3,0.56
183,34.7,23.3,0,0.62
184,35,23.4,24.2,0.59
185,34.6,23.7,11.5,0.78
186,32.4,23.7,0.2,0.33
187,33.1,24.5,0,0.56
188,33.6,23.7,0.6,0.86
189,33.5,23.9,0,0.6
190,34.1,23.2,0,0.57
191,32.7,23.9,0,0.7
192,32.5,23,0,0.68
193,33.8,23.4,0,0.78
194,34,24.1,0,0.72
195,34,24.1,0,0.46
196,32,24,0.2,0.74
197,33,22.7,0,0.65
198,34.1,23,0,0.73
199,34.1,23,0,0.8
200,34,23,2.5,0.96
201,34.3,23.9,0,0.98
202,34.1,22.7,0,0.7
203,33.9,22.5,0,0.64
204,34.2,23.1,62.7,0.63
205,34.1,22.5,0,0.85
206,33.5,23.3,0,0.51
207,33.4,23.2,2.2,0.44
208,33.2,23.2,8.7,0.52
209,32.9,23.1,8.8,0.6
210,33.2,22.7,0,0.63
211,33.6,23,0,0.65
212,34,22.6,0,0.99
213,33.7,22.7,49.2,1.35
214,33.6,22.7,0,0.84
215,33.9,22.6,0,0.47
216,33.6,22.9,0.1,0.81
217,34,23,14.8,1.01
218,32,24,0,0.54
219,33.1,23.6,0,0.91
220,33.1,22.9,0,0.89
221,32,22.5,0,0.84
222,32,22.9,0,0.9
223,33.4,23.9,4.1,0.92
224,31.1,23.5,0.6,0.66
225,31.2,23.6,0,0.8
226,34.1,21.7,0,0.95
227,32.6,22.7,0,0.94
228,32.6,23.1,0,0.76
229,34.5,23,0,0.75
230,34,22.5,0,0.85
231,34.4,22.9,0,1
232,34.6,22.2,0,1.04
233,32.5,22,0,1.02
234,32.2,22.5,0,0.92
235,33.1,22.9,0,0.97
236,34,22.5,0,1.06
237,34.2,22.6,67.3,1.68
238,31,22.5,6.2,0.49
239,33.1,22.6,28,0.57
240,34,22.7,0,0.51
241,33.6,22.6,7.3,0.63
242,32.6,23,57.5,0.6
243,32,23,0,0.65
244,33,24,1.6,0.56
245,33.2,23.1,0,0.74
246,33.2,23.2,1,0.59
247,32.6,21.7,0.3,0.66
248,32.5,21.9,0,0.72
249,32.9,21,0.7,0.6
250,33.5,23,0,0.69
251,34,22.5,1,0.72
252,34.6,22.9,40.8,0.97
253,33.8,23,0,0.87
254,31.5,23.2,3.5,0.47
255,28.6,22.7,0,0.43
256,31.9,23.6,0,0.6
257,32.5,22.9,0,0.63
258,32,23.6,0,0.73
259,32.3,23.5,0,0.58
260,33.5,23.2,1.9,0.49
261,34.6,22.5,0,0.67
262,34.1,21.6,1.2,0.47
263,32.1,22.6,1.9,0.65
264,31.5,23,0.6,1.46
265,32.2,23.2,0,1.46
266,33,23.1,0,0.2
267,33.5,22.9,0.3,0.78
268,32.6,22.9,0,0.81
269,32.4,23.6,28.1,0.59
270,32,22.7,0,0.71
271,32.5,22.6,0,0.52
272,34.2,23.8,0,0.59
273,31.6,23.5,0,0.95
274,33.1,23.4,22.3,0.55
275,33.5,21.9,5.4,0.83
276,29.6,22.2,0.1,0.35
277,32.3,22.5,0,0.58
278,33.1,21.5,0,0.7
279,34.5,22.5,1.2,0.74
280,33.2,22.5,1.2,0.65
281,33.6,22.5,0,0.64
282,33.5,22.6,0.2,0.32
283,33,23.5,42.6,0.54
284,30.8,22.1,9.1,0.49
285,32.3,23,0,0.6
286,34,22.3,0,0.77
287,34.5,24,7,0.69
288,33,23.6,6.2,0.59
289,33,23.5,0,0.51
290,33.9,23.5,0,0.62
291,33.7,22.7,3.5,0.75
292,33,22.7,0,0.45
293,31.6,23.5,1.6,0.39
294,30.8,23.6,0,0.6
295,33.2,23.5,0,0.63
296,34.5,23.4,0,0.64
297,35,21.7,0,0.62
298,32.9,23.6,0,0.71
299,33.4,23.9,0,0.58
300,33.1,22.9,0,0.88
301,34,23,0,1.11
302,33.9,23.1,0,0.81
303,33.2,22,0,0.51
304,32.6,23,0.4,0.59
305,33.9,22.6,1.5,0.42
306,33.4,22.7,0,0.49
307,34.5,22.2,25.7,0.45
308,34.4,22.6,1,0.52
309,34.2,23.2,3.2,0.68
310,34.1,22.5,22.6,0.22
311,33.8,22.6,1,0.33
312,32.9,23,0,0.35
313,34.4,23.1,9.7,0.5
314,32,22.9,1,0.35
315,33,23.1,21.4,0.45
316,33.2,23,0,0.55
317,33.9,23.1,110.5,0.51
318,32.5,22.9,23,0.75
319,33.7,22.8,49,0.52
320,32.2,22.7,18.5,0.4
321,32.1,23,11.8,0.38
322,31.4,24,37.3,0.49
323,33,23.5,2,0.37
324,31.6,24.1,0,0.55
325,33.9,24,15.5,0.47
326,30.5,23,44.1,0.55
327,34.1,23,52.7,0.41
328,31,22.8,10.4,0.56
329,31.9,23,0,0.57
330,32,22.6,0,0.52
331,33.9,24,3.5,0.53
332,33,23,10.3,0.51
333,30.5,23,0,0.27
334,31.4,23.5,3.6,0.36
335,33,23,0,0.63
336,33,21.6,0,0.52
337,33,22.3,0.1,0.6
338,32.7,22.9,5,0.51
339,33,22.4,0,0.55
340,33.9,22.7,8.2,0.57
341,34.5,23.4,1,0.62
342,34.3,22.6,7.3,0.37
343,34.2,22.9,43,0.6
344,34.4,23.1,16.8,0.47
345,34.5,22.7,0,0.35
346,34.7,23.1,6.5,0.45
347,34.5,22.3,2.8,0.32
348,33,22.5,0,0.39
349,33.1,23,0.1,0.37
350,32.5,23.3,1.5,0.39
351,32.7,23,2,0.4
352,30.9,23.3,6.3,0.47
353,33.5,23.5,0,0.69
354,33.7,23.7,0,0.42
355,33.5,24,0.6,0.48
356,33.5,23,0,0.47
357,35,24,3.7,0.48
358,34.3,23,37.2,0.61
359,33.7,23.3,39.7,0.52
360,31.2,23.2,0,0.4
361,33.1,24,3.9,0.57
362,33.9,23.2,1,0.44
363,33.9,24,12.2,0.41
364,31.4,23,16.1,0.53
365,30,22.2,0,0.3
1,31.1,23.2,0,0.25
2,34,22.3,0,0.68
3,33.1,24,0,0.46
4,33.1,24,0,0.53
5,33.9,23.9,44.3,0.66
6,32.5,23,12.6,0.49
7,32.5,24,0.7,0.5
8,33.7,23.9,0,0.35
9,33.5,23.3,0,0.32
10,34,22,0,0.33
11,32.5,22.7,9.6,0.41
12,32.2,23.4,14.5,0.4
13,32.5,23,41.8,0.39
14,29.6,22.1,0.4,0.43
15,31.1,22.9,0.1,0.34
16,30.4,22.5,0.1,0.37
17,32.9,22.2,29.4,0.34
18,32.9,22.1,8.7,0.38
19,31.4,22.3,9.2,0.37
20,33.5,22.9,0.4,0.43
21,33.4,22.2,0,0.64
22,32.7,22.3,0,0.37
23,32.8,22.5,0.1,0.46
24,30.6,22.6,0,0.31
25,32.9,22.1,27.9,0.61
26,31,23,0,0.33
27,32.9,23,0,0.41
28,32.7,23.6,5.2,0.28
29,27.8,23,1.3,0.53
30,33.5,23,0.2,0.44
31,33.9,23,0,0.65
32,34.1,21,0,0.62
33,32.6,23.5,0,1.26
34,33,23.5,0,0.45
35,30,23.5,5.9,0.2
36,33.2,23,5.3,0.34
37,31.5,23.5,0.9,0.2
38,33.5,22.2,0,0.53
39,32.6,23.1,0,0.52
40,33,21.5,0,0.6
41,33.5,21.5,0,0.79
42,33.6,21.5,0,0.56
43,35,22.5,0,0.55
44,34,23,10.6,0.44
45,34.6,23.5,0,0.58
46,35.1,23.4,0,0.82
47,34.4,23.2,8.8,0.92
48,33.8,22.9,24.2,0.77
49,34.1,21.9,0,0.79
50,32.1,23.6,0,0.48
51,29.1,23.2,1.8,0.6
52,33.9,24,21.7,0.63
53,32,23,2.3,0.57
54,33.5,24,0,0.71
55,32.5,23.5,0,0.77
56,32.5,24.5,49,0.49
57,34.5,22,14.8,0.55
58,34.5,21.9,134.8,0.72
59,34,22,3.3,0.72
60,33.9,22.2,0.7,0.62
61,34,23.2,0,0.82
62,32,23.2,26.2,0.73
63,33.5,23,0,0.71
64,34.1,23,0,0.59
65,33.8,25,0,0.77
66,33.9,23.5,0,0.56
67,33.8,23.9,0,0.83
68,34.9,23.8,0,0.77
69,35,24,0,0.83
70,35.1,24.6,3.9,0.86
71,33,24,61.7,0.48
72,34.5,21.9,3.9,0.46
73,34,22.9,0,1.11
74,33,23.5,0,1.16
75,34,24.5,0,1.18
76,34.1,23.2,42.2,0.67
77,34,22.1,2.4,0.62
78,35.1,23,0,0.53
79,35.5,23.1,59.9,0.46
80,33.1,23,8.5,0.59
81,33.7,22.9,23.9,0.76
82,35.6,23.5,0.1,0.66
83,34.7,24,0,0.5
84,33,24,8.1,0.61
85,34.9,24.5,14.4,0.77
86,35.1,23.5,0,0.78
87,34.9,23,29.5,0.82
88,33.5,23.5,5.6,0.75
89,30.9,23.9,8.1,0.83
90,34,22.7,18.6,0.57
91,33.5,23.5,5,0.56
92,33,23.5,14.7,0.51
93,34,23.6,0,0.56
94,33,24.2,1,0.83
95,32,23.6,0,0.78
96,31.2,23,0,0.49
97,33.1,23.9,0,0.52
98,33.9,24.1,0.8,1.03
99,34,24.5,22.5,0.72
100,35,23.1,16.5,0.47
101,33.7,24.1,23.3,0.69
102,34.9,23.2,34.6,0.62
103,35.6,23.2,8.1,0.63
104,34,24,5.5,1.03
105,34.4,23.2,3.1,0.6
106,34.6,24.1,53.3,0.6
107,34.5,23.2,0,0.68
108,34.3,24,0,0.74
109,34.5,24.3,0,0.87
110,31.1,24.5,0.3,0.37
111,34,23,0,0.54
112,34.1,23.6,18,0.64
113,33.9,23.7,4.4,0.63
114,34,23.7,0,0.45
115,31.2,23.5,3.4,0.23
116,34.1,23.2,7.3,0.51
117,34.1,23.7,22.3,0.59
118,33.4,21.7,0,0.7
119,34.4,23.9,5.9,0.63
120,34.6,23.5,8.3,0.52
121,33.9,23.5,0.2,0.53
122,35,23.4,2.7,0.52
123,33.5,24,0.3,0.46
124,34,24.5,40.9,0.59
125,34,23.5,7.3,0.34
126,31.5,24.3,0,0.6
127,29.1,24.2,0.3,0.43
128,33.6,23.6,23.7,0.92
129,32.5,22.5,0,0.64
130,33.9,23.7,25.5,0.71
131,34.9,23.5,38.4,0.63
132,33,23.5,6,0.63
133,34.3,24.4,21.8,0.85
134,31.8,23.4,0,0.36
135,34.5,24.3,0.5,0.54
136,32.1,24.4,0,0.4
137,34.6,24.9,1.3,0.69
138,32.1,23.9,0.6,0.35
139,32.1,23.8,0,0.27
140,33.8,23.3,0,0.49
141,35,23.5,0,0.65
142,35.2,22.5,0,0.58
143,35.5,22,0,0.47
144,35,23.9,0,0.38
145,34.6,24.4,0,0.33
146,32.8,24,0,0.38
147,34.2,23.9,0,0.54
148,35,23.9,0,0.49
149,33,24,0,0.45
150,32.5,23.7,16,0.42
151,33.8,23.3,0,0.46
152,34.5,23.5,0,0.85
153,33.2,23.6,0,0.36
154,33.7,23.4,0,0.47
155,34,23.5,0,0.44
156,34.2,23,0,0.49
157,35,23,5.2,0.59
158,34.3,23.3,0,0.48
159,34.4,23.2,0,0.43
160,34.7,23.4,0,0.69
161,35.2,23.3,0,0.59
162,35,23,0,0.62
163,35.5,23.4,23.9,0.53
164,34.4,23,0,0.66
165,34.2,24,3.7,0.49
166,33.8,23.3,0,0.59
167,33.5,22.9,0,0.47
168,34.1,22,0,0.67
169,34.5,23.1,0,0.64
170,34.2,22.7,3.8,0.49
171,32,23,18.7,0.53
172,34.6,23.3,0,0.57
173,34,23.5,0,0.64
174,32.6,24,0,0.48
175,38.4,23.2,26.2,0.67
176,34.5,22,12.7,0.82
177,32.8,22.5,0,0.56
178,34.4,22.5,16.2,0.44
179,34.9,22.5,5.1,0.49
180,34,22.7,8.3,0.5
181,33.9,22.9,13.4,0.61
182,32.9,22.2,14,0.41
183,34.1,23,1.3,0.61
184,31.7,23.2,0,0.52
185,33.7,22,35.5,0.64
186,33.5,22.2,5.4,0.5
187,32.7,22.1,0.2,0.29
188,32.6,22.7,14.8,0.3
189,33.4,23,0,0.61
190,33.3,23.2,0.2,0.82
191,33.5,22.8,0,0.72
192,33.1,22.4,0.8,1.15
193,31.4,22.1,0,0.88
194,33.2,22.5,0.2,0.78
195,33,22.8,0,0.78
196,33.2,24,0,0.8
197,30,22.5,0.3,0.44
198,33,22.5,0.2,0.6
199,34.2,23.7,0,0.61
200,34,23.5,37.5,0.72
201,32.5,23,0,0.61
202,31,23.4,3,0.78
203,32.8,23.5,4.2,0.47
204,34,23.2,5.9,0.63
205,33.7,23,3.6,0.43
206,34,23.1,71.8,0.6
207,31.2,22,0,0.86
208,32.5,22.7,0.2,0.92
209,32.9,22.7,0,0.91
210,32.87,22.7,12.4,0.95
211,33.4,22.8,0,0.69
212,34,22.7,28.7,0.92
213,34,22.6,7.8,0.86
214,33.2,21.5,0,0.93
215,33.5,22.5,0,0.75
216,33.2,22.4,0,0.77
217,32,22,0,0.3
218,30.9,23,2.8,0.78
219,33.2,23.5,1.2,0.58
220,32.3,23,0,0.63
221,33,22.5,0,0.53
222,33.5,22.9,0,0.58
223,33.3,23.5,0,0.76
224,33.4,24.2,0,0.84
225,33,23,0,0.64
226,34,24.2,0,0.61
227,34.2,23.7,8.7,0.59
228,34.1,22,13.7,0.51
229,32.3,22.4,65.2,0.63
230,33.3,22.3,8.1,0.79
231,33.1,22.5,1.5,0.81
232,33.4,22.5,1.6,0.37
233,31.5,23.1,0.1,0.82
234,31.9,24,0,0.49
235,34.733,22.6,0,0.77
236,33.5,22.9,0,0.58
237,34.5,23,0,0.68
238,34,23,4.7,0.64
239,32.2,23.2,14.2,0.54
240,32.6,23.2,0,0.63
241,32.9,24,0,0.54
242,33.4,23.9,0,0.69
243,34.1,23.9,66.1,0.72
244,33,22.8,8.4,0.62
245,33.2,22,4.4,0.55
246,33,22.3,2,0.56
247,33.2,22,0,0.56
248,34,23,0,0.72
249,31.2,23.2,0,0.8
250,32.5,23,0,0.46
251,33,22.9,0,0.89
252,32.6,23,9.1,0.58
253,34.2,24.1,0,0.59
254,34.1,23.7,26,0.28
255,32.6,23.3,0.1,0.4
256,32.7,22.1,0,0.97
257,33.1,22,2.9,0.49
258,31.5,23.5,0.1,0.37
259,32,23.6,0,0.5
260,33.3,23.3,0,0.41
261,32.5,23.1,7,0.48
262,31.1,23,6.3,0.33
263,34.9,22.9,0,0.45
264,32,22.9,0.1,0.25
265,34,23.5,0.8,0.65
266,32.9,23,0,0.67
267,33.1,22.1,0,0.5
268,33.9,22.1,0.7,0.89
269,34,22,1.7,0.62
270,32.6,22,5.4,0.38
271,32.9,22.5,22.6,0.5
272,32.5,22.5,0.2,0.53
273,33,23.7,0,0.35
274,32.2,23.3,96.3,0.45
275,33.9,22.5,1.6,0.41
276,33.2,24,0,0.37
277,33,23.9,0,0.46
278,34.2,23.5,0.1,0.6
279,33.9,23.7,0.7,0.44
280,34,23.1,0,1.02
281,32,23,0,1.03
282,33.2,23.3,0.2,0.74
283,33,22.8,4.1,1.38
284,32,22.8,3.7,1.16
285,31,22.1,1.7,0.42
286,33.8,22.8,0,0.66
287,34.5,23.1,4.9,0.75
288,33.2,23,13.4,0.74
289,31.1,23.1,0,0.36
290,32,23.5,0,0.37
291,34.7,21.5,0,0.67
292,32.1,23.7,34.1,0.44
293,33.3,21.9,0,0.47
294,34.2,23.5,0,0.34
295,33,23.9,0.9,0.66
296,33.6,23,0,0.51
297,33.5,23.2,8.6,0.81
298,33.7,23,3.2,0.86
299,34.5,23.5,0,0.54
300,34.3,23.8,1.9,0.52
301,34,23.7,0.4,0.4
302,34.2,23,0,0.67
303,34,22.3,0,0.59
304,34.4,21.5,11.6,0.59
305,33.2,22.6,7.6,0.37
306,32.5,23.5,12,0.51
307,31.9,22.3,2.5,0.41
308,33.9,23,73.7,0.62
309,33.5,22,8.3,0.5
310,34,23,1.7,0.43
311,34.1,23.8,20.5,0.4
312,35,23,0,0.41
313,34,23.4,0,0.39
314,33.6,23.5,0,0.31
315,35.5,23.1,81.8,0.65
316,33.7,22.2,0,0.41
317,33.9,22.3,0,0.45
318,33.5,23.3,39,0.4
319,34.5,22.2,11.8,0.43
320,34.1,23,0,0.62
321,34.4,23.2,4,0.92
322,33.2,23.5,1.4,0.51
323,34.6,24.2,12.8,0.91
324,34.6,23,6.8,0.66
325,33.5,23,7,0.59
326,33.2,23.9,11.7,0.66
327,33.4,23.9,0.8,0.51
328,34.5,23.9,3.3,0.7
329,32.8,24,0.3,0.59
330,33.7,23.5,49.2,0.58
331,34.1,22.1,8.3,0.52
332,34.4,22.6,38.7,0.47
333,34.2,22.6,37.2,0.51
334,33.8,22.8,15.4,0.66
335,32.7,23,0,0.73
336,31.7,22.4,1.4,0.42
337,27.7,23.5,0,0.46
338,32.6,22.5,8.2,0.51
339,31.5,23.6,0.2,0.47
340,30,22.9,51.3,0.4
341,32.6,23.4,0,0.6
342,32,23,0,0.77
343,32,22.6,0,0.83
344,33.5,22.9,0.2,0.81
345,33.5,23.5,66.9,0.6
346,31.1,23.4,8.7,0.46
347,31.4,24.1,0,0.43
348,31,24,12.3,0.55
349,31.6,23.6,0,0.56
350,31.6,24.5,48,0.8
351,29.5,23.9,0,0.38
352,31.6,23,0,0.36
353,33.6,22.9,15.1,1.3
354,33.9,23.2,12,0.32
355,33,22.4,0,0.26
356,32.1,23.4,1.8,0.36
357,32.1,23.1,0,0.58
358,32,21,54.1,0.55
359,31.9,23,0,0.41
360,32,23.5,0,0.54
361,33.5,21.7,0,0.71
362,33.8,22,115.2,0.73
363,32.5,22.9,38.9,0.34
364,33,23.4,39.9,0.45
365,32.5,23.3,0,0.53
1,32,21.9,0,0.58
2,32.7,22,0,0.6
3,32.9,21.7,0.4,0.77
4,33.2,22,0,0.47
5,33.4,22.5,0,0.46
6,34,21.8,0,0.61
7,35,22.6,0.5,0.6
8,34.5,23.2,0,0.59
9,34,23.2,68.3,0.63
10,34,22.8,0,0.65
11,33.2,22,0.1,0.45
12,35,22.1,0,0.49
13,34.4,23,10.8,0.51
14,34.4,23.8,6.3,0.73
15,33.9,23.2,0,1.38
16,34.1,22.7,0,0.72
17,33.7,23.7,0,1.01
18,33.9,23.2,0,1
19,34.1,22.8,0,0.67
20,34.5,23,0,0.97
21,34.3,23,0,0.5
22,35.1,22.5,0,0.7
23,33.5,24,2.4,0.88
24,32.9,23,0.1,0.56
25,34.6,23.5,0,1.05
26,33.1,21.6,0,1.59
27,35,21.6,0.4,1.05
28,33.8,22.6,0,1
29,34,22.6,0,1.05
30,34.5,21.5,0.2,1.17
31,33.5,22.6,7.1,0.56
32,30.3,24,38.1,0.62
33,31.2,23.2,0,0.42
34,29.3,22.6,3.4,0.63
35,33.2,22.5,0,0.66
36,33,23,1.6,0.77
37,30,23.3,0,0.56
38,34,24,0,0.72
39,32.9,24.5,0,0.75
40,33.5,25,28.3,0.64
41,33.4,22.6,6.2,0.57
42,33,22.3,0.3,0.72
43,34.2,22.5,1,0.69
44,33.5,22.5,1.3,0.7
45,34,22,0,1.08
46,34.3,23,0,0.65
47,35,22.8,0,0.77
48,33.7,22,0,1.49
49,33.4,23.2,0,1.03
50,33.9,22,0,0.68
51,33,22.6,1.5,0.71
52,33,22.7,0,0.64
53,32.3,23.5,1.2,0.53
54,32.6,23.5,0,0.68
55,34.2,23.2,0,0.69
56,34,23.3,0,0.72
57,35.7,22.9,3.9,0.64
58,34.1,22.5,8.9,0.66
59,33.8,23,22.8,0.76
60,33,22.9,22.7,0.5
61,33,23,11.5,0.42
62,33.5,23.2,0,0.94
63,34,23,0,1.13
64,35,23,61.7,0.61
65,32.8,22.1,0,0.55
66,34,23.7,0,0.81
67,32,23.5,0,0.67
68,33.7,23.9,23,0.61
69,34.6,23.4,6.1,0.64
70,34.5,23.2,0,0.82
71,33.3,23.3,0,0.94
72,30,23.7,4.6,0.44
73,28.1,23.7,3.6,0.5
74,31.6,23.5,9,0.65
75,31,23.9,2.8,0.46
76,33.6,23.5,1.8,0.92
77,34.5,23.5,0.3,0.75
78,34.9,24,0,0.71
79,34.7,23.3,1.5,0.53
80,31.4,23.6,0,0.27
81,34,24.5,0,0.51
82,35.7,24.6,0,0.53
83,35,24,0,1.11
84,35.5,22.8,0,0.76
85,35,23.7,0,0.68
86,34.2,24,29.3,0.45
87,34,23.4,0,0.64
88,34.5,24.1,0,0.95
89,34.4,24.9,0.2,0.57
90,35,24.1,8.6,0.66
91,35.7,24.4,33.7,0.49
92,34.9,23.1,15.5,0.52
93,33,22.2,32.8,0.74
94,35.4,24,7.3,0.66
95,33,24,15.1,0.53
96,34.3,23,3.4,0.43
97,35.2,23.1,95.3,0.64
98,35.3,21.8,0,0.58
99,35,23.7,7.3,0.43
100,35.1,23.3,13.2,0.66
101,35,23.4,69.6,0.56
102,34,22.5,0.5,0.63
103,34,23,0,0.78
104,35,23.7,15.6,0.72
105,36,24,28.5,0.58
106,35,23,18.3,0.64
107,35,23.7,3.6,0.69
108,35,25,14.6,0.83
109,33.9,23.7,0.1,0.81
110,33.2,24.5,1.9,0.53
111,32.5,24.7,12.7,0.57
112,34.4,23.3,0.1,0.86
113,34.4,24.7,0,0.62
114,34.5,23.6,38.9,0.7
115,36,23.5,0,0.64
116,34.9,24,0,0.47
117,35,24.6,0,0.43
118,35,23.8,15.1,0.79
119,32.6,23.2,0,0.71
120,34.8,24.5,23.8,0.48
121,34.4,23.6,0,0.65
122,34.4,24,1.4,0.73
123,35.8,23.9,63.9,0.55
124,33.4,24.2,32,0.65
125,32,23.4,15.6,0.57
126,32.1,23,0,0.53
127,33.7,24,0.8,0.7
128,33.5,24.3,9.4,0.82
129,32.7,24.3,9.4,0.74
130,32.7,25,0,0.61
131,33.1,25.2,9.8,0.47
132,34,23.6,0,0.59
133,34.5,23.7,0,0.58
134,34.6,23.8,0.2,0.43
135,35.2,24,0,0.68
136,35.4,24.2,0,0.31
137,35,24,0,0.54
138,35.2,24.5,0,0.65
139,35.5,24.2,0.2,0.56
140,35.2,24.5,0,0.59
141,35,24.4,0,0.62
142,35,23.6,37.1,0.54
143,35.1,24,0,0.6
144,33.1,24.5,0,0.72
145,33.8,24,2.8,0.9
146,33,24.9,0,0.82
147,34.5,23.7,0,0.95
148,35,24.6,0,0.47
149,32.5,24.8,0,0.58
150,32.5,24.3,5.4,0.39
151,34,23.5,0,0.65
152,32.7,23.6,35.3,0.83
153,34.2,22,0,0.63
154,31.7,23.7,9.6,0.68
155,34,23.2,13.2,0.87
156,33.5,22.5,0,0.88
157,34.4,23,0,0.91
158,34,24.2,0,0.98
159,33.5,23,0,0.7
160,35.5,23.9,0,0.67
161,33.5,24.5,0,0.47
162,34,24.5,1.4,0.93
163,27.3,23.5,12.9,0.24
164,34.2,23.2,0,0.57
165,31.9,25.2,0.2,0.59
166,34.2,24.5,0,0.72
167,33.5,24.1,0,0.85
168,34.3,24,0,0.73
169,32.5,24.6,0,1.02
170,34.1,24.3,0,1.79
171,34.2,23.5,0,0.91
172,34,24.6,0,0.59
173,34,23.7,0,0.56
174,30.4,23.5,52.2,0.61
175,33.4,22.2,0.2,0.64
176,33.9,22.4,0,0.71
177,32,23.1,0,0.59
178,33.6,23.2,0,0.5
179,33.6,22.7,0,0.74
180,33.4,22.4,0,0.49
181,33,22.3,2.6,0.93
182,32,23,2.3,0.58
183,34.9,23.1,1.9,0.53
184,33.8,23.5,1.8,0.44
185,33.5,23.3,0,1.32
186,33.7,24.1,1.6,0.64
187,33.4,23,1.7,0.76
188,36.1,24.5,29.2,0.99
189,31.1,23,0,0.28
190,33.9,24.1,69.8,0.6
191,32,22,7.9,0.73
192,33.2,23,8.8,0.36
193,31.6,23.1,24.1,0.33
194,32.1,23,15.8,0.48
195,32,23.5,0,0.81
196,33.2,24,1.8,0.63
197,33.4,23.2,14.1,0.54
198,34,23.2,0,0.64
199,34,22.2,8.4,0.53
200,32,23.1,9.9,0.54
201,31.5,23.4,8.2,0.43
202,32.5,22.6,91.5,0.85
203,30.7,22.5,0,0.49
204,33,22.5,0,0.6
205,33.1,22.9,5.3,0.69
206,32.5,23,0,0.81
207,30.5,22,0,0.45
208,33.1,23,0,0.72
209,32,23.2,0,0.98
210,33,21.5,24.1,0.58
211,32.7,22.8,24.5,1.11
212,31,21.5,11.1,0.5
213,31.2,23,0,0.35
214,32.6,23.5,13.4,0.83
215,31.2,22,0.2,0.33
216,37,22.5,7.8,0.41
217,35.3,23,0,0.54
218,31.4,22.3,0,0.77
219,30.6,22.1,0.4,0.85
220,32.5,21.6,0,1.18
221,33.9,22.4,0,1.3
222,33.8,22.5,0,1.18
223,33.6,22.5,0,1.08
224,34,22.3,0,1.18
225,33.6,22.2,0,1.26
226,32.6,22.5,0,0.9
227,33.5,23,0,1.18
228,32.4,24,0,0.91
229,32,23.3,1,1.06
230,32.5,23.5,9.9,1.15
231,33.4,23,4,0.61
232,32,23.2,0,0.65
233,31.6,23.3,0.3,0.63
234,33,22.6,0,0.95
235,32,23,0,0.93
236,32.6,23.5,0,0.89
237,32.5,23.7,0,1.25
238,34,24.5,0,1.68
239,33.9,24,0,1.19
240,33.6,24.6,0,1.05
241,33.8,23.5,0,0.78
242,29,23.5,0,0.89
243,34.1,23.7,0,0.86
244,34.5,23.6,0,1.07
245,34.7,23.9,0,1.27
246,34.5,23.5,0,1.34
247,34.3,23.9,0,1.38
248,34.2,23.8,0,1.37
249,32.6,24,0,1.47
250,33.2,24,1.4,1.33
251,33,23.8,0,1.13
252,33.5,23.3,0,1.03
253,34,23.2,0,1.2
254,33,23.5,0,1.06
255,34.2,22.5,0,1.19
256,34.5,22.5,0,1.2
257,34.5,22.5,0,1.42
258,35.5,23.7,0,1.18
259,33,23.5,0.2,0.87
260,33,23.5,0,1.06
261,33.5,23.7,16.1,0.95
262,34,23.5,0,0.92
263,32.1,23.6,8.4,0.87
264,32,22.5,0,0.92
265,33.2,23.5,0,0.9
266,34,24.2,7.2,0.64
267,30.6,23.5,0,0.57
268,33,22.8,10.6,0.8
269,32.8,23.5,5.9,0.6
270,34,22.6,0.2,0.85
271,32.6,23.1,0,0.46
272,33,22.8,0,0.52
273,33.2,23.6,16.2,0.71
274,33,23.4,0,0.56
275,33,23,49.2,0.95
276,33,22.6,4.5,0.92
277,31.6,22.8,3.3,0.87
278,32,22.5,1.1,0.79
279,33.4,23,11,0.56
280,33.3,23,2.8,0.58
281,32.2,22.4,0,1.13
282,33.3,22.6,0,0.93
283,33.4,24,0,0.79
284,33,23.5,0,0.91
285,32.2,23.1,2.9,0.68
286,33,23.7,45,0.59
287,32,22.6,0,0.83
288,33.5,23.5,4.5,0.75
289,33,24.5,0,0.94
290,33.1,23.9,0,1.04
291,30,23.6,2.8,0.29
292,32.8,23.6,0,0.57
293,34,23.2,28.6,0.8
294,33.1,22.7,0,0.61
295,33.3,23.2,54.2,0.74
296,30,23,1.6,0.85
297,31.6,23.7,3.9,0.53
298,33.1,24,11.2,0.62
299,32.2,23.3,149.2,0.6
300,32.1,23.2,16,0.46
301,32,23.5,0,0.46
302,33,23.5,0.8,0.88
303,30,23.3,5.2,0.73
304,32.6,23.6,4.2,0.99
305,32.1,23.3,1.2,0.47
306,31.8,23.3,1.2,0.6
307,32.5,23.1,0.2,0.48
308,31.5,23.2,12.7,0.43
309,32,23.5,13.9,0.62
310,32,23.6,31.2,0.61
311,32.5,23.5,26.4,0.65
312,32.1,23,76.1,0.65
313,31.5,22.9,13.2,0.36
314,30.5,23.9,88.6,0.64
315,29.9,23,1.2,0.6
316,33,22.9,10,0.55
317,33.4,22.6,33.2,0.67
318,33.5,23.2,25.5,0.82
319,33.7,22.3,57.4,0.96
320,33,23,50.4,0.55
321,33,21.6,4.5,0.54
322,33.6,23.5,4.6,0.67
323,33.7,23.3,1.4,0.26
324,33.5,23.1,22.4,0.59
325,33.1,23,26.6,0.87
326,33.1,22.7,0,0.79
327,34,21.2,0,0.76
328,34,23,0,0.76
329,33.9,23.3,0.4,0.2
330,33.3,23.2,19,0.79
331,33.8,23.9,1.8,0.83
332,32.6,23.5,11.5,0.35
333,30.7,23,1.6,0.57
334,31.4,22.8,0,0.91
335,32,23,13.3,0.42
336,33,23,14.2,0.34
337,34,23.3,30.4,0.54
338,32,23,0,0.41
339,32.5,23.2,6.6,0.48
340,33.8,24.5,10,0.55
341,33,23.7,2.1,0.58
342,33,23.8,0,0.74
343,33.5,24.5,0,0.45
344,33,23.4,14.3,0.56
345,31.9,23.4,4.2,0.41
346,29.4,24.1,0,0.24
347,30,23.7,0.4,0.47
348,32.4,22.7,7.6,0.47
349,33,23.5,0,0.46
350,31.7,23.3,3.2,0.44
351,32.3,23.4,0,0.83
352,33,23.3,0,0.62
353,34,23,0,0.72
354,33,22,0,0.58
355,33.5,21.8,0,0.49
356,33.9,23,0.3,0.61
357,33.7,23,0,0.4
358,34,23.5,6.5,0.58
359,31.5,24,0,0.54
360,31.6,23.2,0,0.55
361,31,22.5,0,0.61
362,33,23.1,1.8,0.46
363,33.2,24,0,0.47
364,33,23.4,1,0.62
365,32.3,23.4,33.1,0.4
1,33,23.2,3.3,0.48
2,33.5,23,0,0.48
3,33,22,2.2,0.46
4,30.7,23,7,0.23
5,31,22.7,0,0.49
6,32,24,0.2,0.3
7,30,23.6,0,0.4
8,32.3,22.5,3.2,0.4
9,32.6,23.4,8.3,0.6
10,34,23.5,0,0.5
11,34.2,23.8,0,0.5
12,34.3,23.5,0,0.5
13,34.4,23.3,3,0.5
14,33,23,0,0.5
15,33,22.6,0,0.6
16,34,22,0,1.1
17,35.2,22,6,0.8
18,35,23,0.3,0.9
19,33.7,23.2,0,0.9
20,34.7,23.2,0,0.5
21,34,23,0,0.7
22,33.9,23,0,1.7
23,33.5,24,0,0.9
24,34,22.5,0,0.9
25,34.3,23,0,0.7
26,34.3,22.8,0,0.6
27,35,22.9,0,0.7
28,34.5,23.1,0,0.6
29,35,23,0,0.6
30,34.4,23,0,0.6
31,34.7,22.8,0,0.5
32,35.1,22.7,0,0.5
33,34.4,22.5,2.9,0.5
34,34.1,22.5,0,0.7
35,34,23.6,15.6,0.6
36,34.2,22.7,0,0.6
37,33.2,22.7,1.2,0.8
38,33.9,22.7,0,0.9
39,32.8,23.4,0,0.5
40,34.3,23.4,0,0.7
41,34.4,23.3,0,0.7
42,34.3,22.3,0,0.6
43,35.2,22.3,0,0.8
44,34.9,22.5,0,0.8
45,34.9,22.7,0.6,0.6
46,35.4,22.8,15.4,0.8
47,35.2,23.3,0,0.7
48,34.5,23.8,21,0.9
49,33.4,23.2,1.6,0.8
50,33.7,23.6,0,0.7
51,35.4,24.1,0,0.9
52,35.3,23.1,0,0.7
53,36,23.3,16.2,0.6
54,31.9,23.3,11.4,0.7
55,35.2,21.4,0.2,0.7
56,35.1,21.4,0,0.7
57,34.4,21.5,0,1.2
58,34.5,21.7,0,0.8
59,35.8,22.8,0,0.7
60,35.3,23.3,0,0.8
61,35.1,24.2,0,0.6
62,33.5,23,89,0.8
63,33,23.6,6.8,0.8
64,31.7,23.1,6,0.8
65,35,23.1,0,0.8
66,34.7,24,0.2,0.9
67,32.5,24,4.2,1.1
68,34.5,24,0,1
69,34,22.4,0,1.1
70,35,22.8,0,1.6
71,33.8,22.7,0,0.9
72,34.4,23.2,0,1.1
73,34.5,23,0,0.7
74,35,24,0,0.7
75,34,24,0,1
76,35.1,24.1,0,0.9
77,34,24.4,19,1
78,35,23.2,1,1
79,35.4,23.2,0,0.8
80,36.7,23.3,0,0.9
81,36.5,23.1,0,0.8
82,35.5,24,0,0.8
83,35.2,23.8,0,0.9
84,37,23.3,30.8,0.9
85,36,22.5,0.2,0.7
86,33.2,23.6,0,0.5
87,34.7,24.5,20.6,0.7
88,35.5,24,6.2,0.7
89,35,24.2,0,0.5
90,35.3,24.1,0.2,0.6
91,34.7,23.8,0,0.6
92,33.3,23,0,0.4
93,32.5,24,25.6,0.5
94,33,23.8,1,0.8
95,33.6,23.5,0.4,0.8
96,33.9,23.8,0.4,0.7
97,33.7,24,0,0.9
98,35,23.6,58.8,1
99,32.4,24,0.2,0.7
100,35,24.3,0,0.5
101,35,23.1,38.6,0.5
102,33.1,24,0.4,0.8
103,31.7,24.5,3.2,0.6
104,31.9,23.2,0,0.7
105,34.4,22.1,0.2,0.7
106,33.6,22.5,0.2,0.6
107,34.6,22.5,3,0.7
108,35,22.5,0,0.2
109,32.4,23.3,20.4,0.6
110,32.5,23.9,7.4,0.6
111,32.5,23.7,0.2,0.5
112,34,24.5,2.2,0.7
113,32.7,23.5,0,0.7
114,34.3,23.5,0.2,0.6
115,35.1,23,0,0.5
116,35,23,0,0.4
117,35.1,23.4,11.4,0.5
118,34.4,23.8,0.2,0.6
119,33.9,24.1,34.8,0.6
120,32.4,23.7,0.2,0.5
121,33,23.2,0,0.6
122,33,23.7,5.6,0.6
123,33.6,23.2,36.8,0.5
124,33.1,23.8,0.2,0.5
125,34.9,24,0,0.7
126,35.2,24,0,0.4
127,34.4,24,15.2,0.7
128,34.1,24.3,17.2,0.5
129,33.6,24.3,0.8,0.7
130,32.7,24.4,0.2,0.6
131,32,25,0,0.6
132,33,23.7,3.4,0.5
133,29.2,23.9,0.8,0.6
134,34.6,24.4,0.2,0.6
135,33.2,23.6,0,0.6
136,34.4,24.2,0,0.5
137,30.4,24,0,0.5
138,32.4,23.8,0,0.6
139,32.9,24,0.2,0.5
140,31,23.8,8.4,0.5
141,32.7,23.8,0.2,0.6
142,35,23.8,1.4,0.6
143,33.2,24.5,0.2,0.6
144,31.1,23.4,44,0.7
145,34.2,23.1,0,0.7
146,32.4,23,0,0.6
147,33.4,23.7,0,0.7
148,34.2,24.3,0,0.4
149,32.5,22.9,31,0.5
150,31.5,23,0.8,0.5
151,31.1,23.9,0,0.5
152,31.6,23.1,10.2,0.7
153,34.3,24.5,0,0.8
154,30.7,21.6,2.4,0.7
155,31.2,22.4,0,0.7
156,31.2,23.7,0.2,0.7
157,32,23.6,0.2,0.7
158,32.3,23.9,1.6,0.7
159,33.6,23.8,0.2,0.5
160,30.8,23.2,7.6,0.5
161,32.3,24.5,0.2,0.7
162,33.3,24.5,0,0.6
163,31.9,23.9,1.6,0.5
164,33.3,24.6,0.2,0.5
165,31.7,24.8,0,0.7
166,32.9,24.5,0,0.6
167,34.5,24.3,0,0.7
168,34.6,24.8,1.6,0.6
169,33.2,24.5,2,0.8
170,35.1,24.2,1.2,0.9
171,32.7,23,0,0.7
172,34.9,23.6,0,0.6
173,33.8,24.1,0.2,0.4
174,36.2,24,0,0.6
175,33.8,23.1,1,0.6
176,33.8,23.4,0,0.7
177,35.4,23.1,0,0.7
178,31.8,24,0,0.5
179,33.3,23.6,0,0.6
180,34.3,23.9,0,0.5
181,33.9,23.9,0,0.7
182,34.4,23,0,0.6
183,33.1,23.5,0,0.5
184,32.8,23.5,0.2,0.6
185,31.9,23.2,2.4,0.8
186,31.9,24.4,0,0.7
187,33.9,23.9,0,0.5
188,33.2,22.8,0,0.6
189,32.3,22.9,0.2,0.5
190,30.9,23.4,0,0.6
191,33.3,23.3,0,0.7
192,33.9,23.6,22.4,0.6
193,33.9,22.3,0,0.7
194,32.7,22.8,0,0.7
195,34.6,23.2,0.8,0.8
196,33.1,23.1,16.4,0.6
197,32.7,23.7,27.4,0.7
198,31.2,23.3,0.8,0.6
199,32,23,1.2,0.6
200,33.8,23,34,0.6
201,28.5,22.6,10.8,0.7
202,29.5,22.8,0.2,0.8
203,31.8,22.2,3.8,0.7
204,29,23,2,0.6
205,28.8,23,0,0.6
206,32.1,22.1,69.6,0.7
207,32,22.4,0.2,0.5
208,33,22.1,10.4,0.7
209,30,22.4,1.8,0.8
210,31.4,22.5,0,0.7
211,31.7,21.7,48.2,0.9
212,30.3,22.1,0.2,0.6
213,31.6,23.6,0,0.8
214,32.2,23.2,0,1
215,31.7,23.3,0.2,0.7
216,32.8,23.3,0,0.5
217,32.6,22.9,0,0.7
218,33.7,23.7,0,0.7
219,32,24.8,0,0.7
220,31.3,23.1,0,0.9
221,32.6,23.5,0,0.9
222,32.1,23.1,0.2,0.8
223,31.7,23.4,10.8,0.9
224,31.4,23,0,1
225,35,23.1,0.2,0.9
226,30.4,23.8,0,0.8
227,32.3,23.7,0,0.9
228,30.4,24,0.2,0.8
229,33.4,23.9,0,0.8
230,32.5,22.9,0,0.8
231,32.9,22.2,5,0.8
232,34.3,22.4,0,0.8
233,35.1,23.5,30.2,0.7
234,32.9,23.7,3,0.9
235,26.6,23.1,60.6,0.8
236,34.2,22.9,1,0.9
237,32.4,23.3,1,1
238,30.5,22.1,1.4,1.3
239,32,22.7,0.2,0.8
240,33.6,22.8,1.8,0.7
241,32,22.7,1.6,0.6
242,34.3,24,15.2,0.7
243,29.2,22.7,16,0.7
244,31.7,22.9,4.2,0.8
245,32.4,23,0,0.8
246,32.4,23.6,0,0.9
247,32.7,23.6,0,0.8
248,32.5,23.5,9.2,0.9
249,32.3,23.8,2.2,1
250,33.2,23.8,0,0.9
251,33.5,24.6,0,0.8
252,32.5,24.7,0,0.9
253,33.9,24,0,0.9
254,33.4,23.4,0,0.8
255,33.3,21.2,67.8,0.6
256,30.5,22.1,0.8,0.7
257,33.8,23.9,0,1
258,34,22.3,0,0.8
259,33.3,23.4,0,0.7
260,32.3,23.3,48,0.7
261,34.6,23.8,0,0.6
262,33.8,23.6,0,0.7
263,31.8,24.4,0,0.6
264,34.2,24.2,0,0.7
265,33.9,24.2,2.6,0.9
266,32,24.8,2.6,0.9
267,32.2,22.4,7,0.5
268,33.3,23.2,0,0.7
269,31.3,24.2,1.4,0.8
270,29.8,23.3,1,0.7
271,32.9,23.2,22,0.5
272,32.9,23,0,0.5
273,32.4,23.2,0,0.6
274,32.8,23.2,0.2,0.6
275,34.4,23.8,0,0.7
276,34.2,23.4,16.2,0.7
277,33.3,22.9,46,0.5
278,32.5,23.3,5.2,0.6
279,31.2,23.5,3.8,0.6
280,32.1,22.4,5.8,0.6
281,31.1,23.3,0.2,0.9
282,32.4,23.8,0,0.9
283,32.2,23.8,8.2,0.6
284,32.2,23.2,1.2,0.9
285,31.3,22.3,4.8,0.8
286,31.2,22.9,11.2,0.5
287,32.8,23.4,3,0.8
288,32.4,24,0,0.7
289,32.3,24.2,0,0.8
290,30.2,23.8,0.6,0.6
291,31.5,23.3,4,0.4
292,30,23.9,0.4,0.7
293,32.5,23.6,4.4,0.6
294,28.1,22.8,16,0.5
295,32.4,23.3,0.2,0.6
296,31.7,23.2,0.8,0.7
297,30.8,22.9,23.8,0.6
298,27.7,22.9,4.8,0.7
299,32.6,23.3,20.2,0.7
300,31.7,22.8,18,0.5
301,30.4,23.2,0,0.6
302,30.6,23.2,56,0.8
303,32,22.4,11.6,0.7
304,29.1,22.6,16.6,0.7
305,30.9,23.1,0.2,0.5
306,30.6,23.7,1.6,0.5
307,32.5,23.8,0,0.5
308,31.8,24,0,0.4
309,27.7,23,40.8,0.6
310,32,23.5,0,0.6
311,32.6,23.1,4.8,0.6
312,30.3,23.3,7.2,0.6
313,30.9,23.6,0.2,0.4
314,33,24.1,0.4,0.6
315,32.3,22.8,3,0.5
316,32.8,23.1,0.2,0.6
317,31.9,23.2,44.2,0.5
318,32.6,23.4,38.6,0.6
319,31.8,22.7,10.6,0.7
320,29.3,23.3,0.2,0.6
321,29.9,23.3,0.4,0.5
322,32.9,23.8,0,0.7
323,32.6,24.2,5.8,0.4
324,32,23.8,0.2,0.6
325,28.5,24.1,30.2,0.7
326,31.9,23.1,41.2,0.5
327,32.1,23,12.6,0.6
328,32,22.7,30,0.6
329,31.2,22.8,0.2,0.4
330,26,22.8,2.2,0.5
331,29.1,23.2,18.6,0.5
332,28.9,22.9,1.6,0.5
333,30.9,23.3,1.6,0.5
334,33,23.7,1.8,0.6
335,32.4,22.9,0.4,0.6
336,33,23,13.8,0.7
337,30.7,23.4,0,0.6
338,32.1,22.9,8.8,0.5
339,28,22.7,7,0.6
340,30.9,21.9,41,0.5
341,30.7,22.4,4.2,0.5
342,29.3,22.9,4.8,0.6
343,33.7,23.4,19.4,0.6
344,30,23,2,0.7
345,32.9,23.4,0.4,0.5
346,31.6,22.9,24,0.5
347,31.9,23.2,3.6,0.6
348,29.1,22.9,0.2,0.6
349,31.2,23.5,8.2,0.6
350,31.3,23.6,15.6,0.6
351,32.4,23.1,4,0.6
352,31.3,22.9,2.8,0.5
353,32.3,23.3,0,0.6
354,30.9,22.8,0,0.7
355,31.3,23.1,1,0.5
356,29.6,23.2,5.6,0.4
357,28.5,22,1.8,0.4
358,32.2,22.9,0,0.6
359,30.4,23.3,0.4,0.6
360,30.9,23.5,2,0.5
361,31.3,23.5,0.8,0.5
362,31.3,23.5,0.2,0.5
363,31.2,23,34.6,0.5
364,32.8,22.5,81.2,0.4
365,32.6,22.9,0,0.4
1,30.5,22.8,2.6,0.5
2,28.9,23.5,10.8,0.6
3,28.9,22.6,9.6,0.8
4,30.3,22.5,0,0.6
5,33,22.5,15.6,0.6
6,31.4,22.3,37.4,0.5
7,29.3,22.7,0.2,0.5
8,31.8,22.9,6.2,0.8
9,32.6,22.5,12.6,0.6
10,33.2,22.8,0,0.6
11,30.8,22.4,25.6,0.5
12,27.8,23.1,8.2,0.5
13,28.5,22.4,6.8,0.5
14,28.9,22.7,0.6,0.5
15,30.2,22.8,0.2,0.6
16,29.8,22.8,0,0.7
17,32.9,23.3,14.4,0.6
18,33.1,22.8,0,0.6
19,33.7,22.8,36.6,0.6
20,32.4,22.9,2,0.5
21,32.6,22.8,12.6,0.6
22,30.7,22.6,10.8,0.5
23,34.3,22.5,3.2,0.4
24,33.8,23.3,1.3,0.9
25,33.6,22.8,0.1,0.6
26,34.5,22.8,14,0.8
27,34.1,23.3,0,0.8
28,34.8,23.4,0.2,0.8
29,34.4,23.1,2.6,0.8
30,34.2,23.2,0.7,0.8
31,34.6,23.2,0.2,0.7
32,34.3,23.3,3.6,0.5
33,32.4,22.5,19.1,0.6
34,32.7,23.4,0,0.6
35,31.7,23.1,1.7,0.6
36,33.7,23,3,0.6
37,33.2,22.9,1.4,0.8
38,32.7,23.3,0,0.7
39,33.2,22.8,0,0.6
40,33.5,23.3,0,0.7
41,33.7,22.4,14.2,0.7
42,33.9,21.9,3.1,0.6
43,34.4,21.9,0.2,0.8
44,35,22.5,0.5,0.7
45,34.5,22.9,1,0.7
46,35,23.2,7.7,0.9
47,35.2,23.4,0,0.7
48,34.5,23.5,10.5,0.8
49,33.6,23.1,0.8,1.1
50,33.9,22.8,0,0.9
51,33.8,23.7,0,0.8
52,32.2,23.2,0.8,0.7
53,35,23.7,8.1,0.6
54,32,23.2,6.3,0.6
55,34.4,22.7,0.1,0.7
56,33.8,22.5,0,0.7
57,33.5,23.2,0,1
58,34.5,21.9,2,0.7
59,35.2,22.4,4.5,0.7
60,34.7,22.7,11.4,0.8
61,34.5,23.2,11.4,0.6
62,33.8,23.1,50.3,0.6
63,32.5,23.4,3.4,0.9
64,32.6,23.1,3,1
65,33.9,22.6,0,0.7
66,34.4,23.9,0.1,0.9
67,32.3,23.8,2.1,0.9
68,34.1,24,11.5,0.8
69,34.3,22.9,3.1,0.9
70,34.8,23,0,1.2
71,33.6,23,0,0.9
72,32.2,23.1,2.3,0.8
73,31.3,23.4,1.8,0.6
74,33.3,23.8,4.5,0.7
75,32.5,24,1.4,0.7
76,34.4,23.8,0.9,0.9
77,34.3,24,9.7,0.9
78,35,23.6,0.5,0.9
79,35.1,23.3,0.8,0.6
80,34.1,23.5,0,0.6
81,35.3,23.8,0,0.6
82,35.6,24.3,0,0.7
83,35.1,23.9,0,1
84,36.3,23.1,15.4,0.9
85,35.5,23.1,0.1,0.7
86,33.7,23.8,14.7,0.5
87,34.4,24,10.3,0.7
88,35,23.8,3.1,0.8
89,34.7,24.6,0.1,0.5
90,35.2,24.1,4.4,0.6
91,35.2,24.1,16.9,0.5
92,34.1,23.1,7.8,0.5
93,32.8,23.1,29.2,0.6
94,34.2,23.9,4.2,0.7
95,33.3,23.5,7.8,0.7
96,33,23.4,0,0.6
97,32.5,23.5,0,0.7
98,34.1,23.8,29.4,0.8
99,33.2,24.1,3.8,0.6
100,34.5,24.4,6.6,0.6
101,35,23.1,54.1,0.5
102,33.4,24.1,0.5,0.7
103,33.3,23.9,4,0.7
104,33.8,23.2,7.8,0.7
105,34.2,23.1,14.4,0.6
106,34,22.9,9.3,0.6
107,34.6,23.3,3.3,0.7
108,34.8,22.9,7.3,0.5
109,33.4,23.7,10.3,0.7
110,33.5,24.1,4.7,0.6
111,31.8,24.1,6.5,0.5
112,34,23.8,1.2,0.8
113,33.4,23.6,0,0.6
114,34.1,23.6,4.8,0.6
115,34.6,23.4,0,0.6
116,33.1,23.3,0,0.4
117,34.6,23.3,8.2,0.5
118,34.3,23.8,6,0.7
119,33.7,22.9,25,0.7
120,33.4,23.8,2,0.5
121,33.8,23.4,0,0.6
122,33.5,23.6,3.5,0.6
123,34.3,23.3,32,0.5
124,33.3,23.9,8.4,0.6
125,34.5,24.3,1.2,0.6
126,33.7,23.5,0,0.5
127,34.1,24,8,0.7
128,33.8,24.3,13.3,0.7
129,33.2,24.3,2.4,0.7
130,32.7,24.7,0.1,0.6
131,32.6,25.1,1,0.5
132,33.5,23.7,2,0.6
133,31.9,23.8,0.4,0.6
134,34.6,24.1,0,0.5
135,34.2,23.8,0,0.6
136,34.9,24.2,0,0.4
137,32.7,24,0,0.5
138,33.8,24.2,0,0.6
139,34.2,24.1,0.2,0.5
140,33.1,24.2,5,0.5
141,33.9,24.1,0,0.6
142,35,23.7,4.5,0.6
143,34.2,24.3,0,0.6
144,32.1,24,24,0.7
145,34,23.6,0,0.8
146,32.7,24,0,0.7
147,34,23.7,0,0.8
148,34.6,24.5,0,0.4
149,32.5,23.9,18.4,0.5
150,32,23.7,1.2,0.4
151,32.6,23.7,0,0.6
152,32.2,23.4,12.4,0.7
153,34.3,23.3,0,0.7
154,31.2,22.7,3.2,0.7
155,32.6,22.8,0,0.8
156,32.4,23.1,0.1,0.8
157,33.1,23.3,0.1,0.6
158,33.7,23.5,3.4,0.7
159,34,23.6,0.1,0.5
160,32.6,23.2,5,0.5
161,33.5,24,0.3,0.7
162,34.3,23.9,0,0.6
163,33.5,23.5,1.2,0.5
164,34.4,24,12.1,0.5
165,33.1,23.9,0,0.7
166,33.6,24.3,2.2,0.6
167,34.2,23.8,0,0.6
168,34.1,23.9,1.7,0.5
169,33.7,23.3,1.6,0.7
170,34.8,23.7,1,0.8
171,33.5,22.9,1.9,0.6
172,33.5,23.3,9.4,0.6
173,34.2,23.7,0.1,0.5
174,35.1,23.8,0,0.6
175,33.2,23.6,0.7,0.6
176,36.1,23.3,13.1,0.7
177,35,22.6,8,0.7
178,32.3,23.3,0,0.5
179,33.9,23.1,7.4,0.5
180,34.6,23.2,0,0.5
181,34,23.3,4.2,0.6
182,34.2,23,6.7,0.6
183,33,22.9,7,0.5
184,33.5,23.3,0.8,0.6
185,31.8,23.4,3,0.7
186,32.8,23.2,17.8,0.7
187,33.2,23.8,3.6,0.6
188,33.2,23.7,14.7,0.6
189,33,23.2,7.4,0.3
190,32.2,23.7,24.7,0.6
191,33.7,23.3,4.1,0.8
192,33.3,23.8,4.4,0.5
193,33.2,22.7,12.5,0.7
194,33.3,23.1,7.9,0.7
195,34.3,23.4,0.1,0.8
196,33.6,23.5,0.9,0.7
197,32.4,23.9,7.1,0.7
198,32.1,23,0.2,0.5
199,33.1,23,4.3,0.6
200,34,23,5,0.6
201,31.3,22.8,22.9,0.6
202,31.9,23.4,35.8,0.7
203,33,22.5,1.5,0.6
204,31.5,22.8,2.1,0.5
205,31.5,23.1,5.6,0.7
206,33.1,22.3,1.8,0.6
207,32.8,22.9,25.9,0.5
208,32.2,22.7,0,0.8
209,31.6,22.8,0.1,0.9
210,32.2,22.8,12.1,0.7
211,32.5,22.2,18.5,1
212,32,22.6,5.6,0.6
213,32.8,23.1,14.4,0.6
214,33,23,10.6,0.8
215,32.7,23,0.1,0.6
216,33.4,23,3.9,0.6
217,33.1,22.9,0,0.7
218,32.6,22.2,0,0.7
219,31.3,22.6,1.1,0.8
220,31.9,22.6,0.4,1
221,33.3,22.7,0,1.1
222,33,22.5,0.1,1
223,32.7,22.7,3.6,1
224,32.7,22.9,0,1.1
225,34.3,23.2,0.1,1.1
226,31.5,22.8,0,0.8
227,32.9,23.6,0,1
228,31.4,23.9,3,0.9
229,32.7,22.7,4.9,0.9
230,32.5,23,25,1
231,33.2,22.7,5.7,0.7
232,33.2,22.9,0.5,0.7
233,33.4,22.9,10.7,0.7
234,33,22.9,1,0.9
235,29.3,23.5,20.2,0.9
236,33.4,23.1,0.3,0.9
237,32.5,23.3,0.3,1.1
238,32.3,23.8,0.5,1.5
239,33,23.5,1.6,1
240,33.6,23.9,5.3,0.9
241,32.9,23.4,0.5,0.7
242,31.7,23.8,5.1,0.8
243,31.7,23.8,5.3,0.8
244,33.1,23.8,23.4,0.9
245,33.6,23.4,2.8,1
246,33.5,22.8,1.5,1.1
247,33.5,23.1,0.7,1.1
248,33.4,22.9,3.1,1.1
249,32.4,23.4,1.2,0.8
250,33.1,23.5,1.2,0.9
251,33.5,23.8,0,0.6
252,33.3,23.8,0,0.9
253,34.3,23.5,0,0.7
254,33.6,23.8,0,0.7
255,32.4,22.5,24.4,0.5
256,29.6,22.7,0.4,0.5
257,32.9,23,0,1
258,33.3,22.2,0,0.6
259,32.7,23.5,0,0.5
260,32.3,23.5,23,0.6
261,34.1,23.6,15.4,0.5
262,34.2,23.4,5,0.6
263,33,23.7,7.2,0.4
264,33.2,23.6,0,0.6
265,32.7,23.6,2.2,0.6
266,32.1,24.2,3.2,0.8
267,32.6,22.7,6,0.6
268,33.4,22.7,3.4,0.6
269,32,23.2,3.8,0.8
270,31.1,22.7,1.6,0.7
271,32.5,23,18.6,0.4
272,32.7,23.2,0,0.5
273,33.3,23.5,10.3,0.6
274,32.2,23.5,0,0.5
275,33.8,23.6,38,0.5
276,33.9,23,12.4,0.6
277,31.5,23.5,34.2,0.4
278,32.4,23.6,4.2,0.5
279,32.3,23.3,3.8,0.6
280,32.7,22.8,5.8,0.6
281,31.7,23,0.2,1
282,32.9,23.2,0,0.9
283,32.8,23.9,8.2,0.7
284,32.6,23.4,1.2,0.9
285,31.8,23.2,4.8,0.7
286,32.1,23.3,11.2,0.6
287,32.4,23,3,0.8
288,33,23.8,0,0.7
289,32.7,24.4,36,0.9
290,31.7,23,0,0.8
291,30.8,23.5,0,0.4
292,31.4,23.8,0.4,0.6
293,33.3,23.4,17.7,0.7
294,30.6,23.4,0,0.6
295,33.6,23.3,0,0.7
296,30.9,24.1,0.8,0.8
297,31.2,23.7,0,0.5
298,30.4,23.8,0,0.7
299,32.4,23.3,5.6,0.7
300,31.9,23.2,3.1,0.5
301,31.2,23.5,0,0.5
302,31.8,23.5,4.7,0.8
303,31,23.3,2,0.7
304,30.9,23.6,12.5,0.8
305,31.5,23.3,1.4,0.5
306,31.2,23.3,2.2,0.5
307,32.5,23.1,0,0.5
308,31.7,23.2,8.7,0.4
309,29.9,23.5,25,0.6
310,32.8,22.8,31.2,0.6
311,33.3,23.1,26.4,0.5
312,32.2,23.6,76.1,0.5
313,33,23.3,13.2,0.4
314,33.5,23.8,88.6,0.5
315,33,23.2,1.2,0.4
316,34.2,23.1,10,0.6
317,32.8,22.7,33.2,0.5
318,33.3,22.9,25.5,0.5
319,32.7,23,57.4,0.5
320,31.9,22.8,50.4,0.5
321,32,23.2,5.8,0.6
322,33.7,23.5,4.6,0.8
323,32.9,23.9,1.4,0.5
324,33.3,24,22.4,0.8
325,31.6,23.6,26.6,0.7
326,32.7,23.1,0,0.6
327,32.7,23.5,0,0.6
328,32.7,23.3,0,0.6
329,32.9,23.4,0.4,0.6
330,29.4,23.4,19.8,0.6
331,31.4,23.4,1.8,0.5
332,31.5,23,12.4,0.5
333,32.7,23,1.6,0.5
334,33.6,23.2,0.2,0.6
335,33.1,22.9,13.3,0.6
336,32.9,23,14.2,0.7
337,31.2,22.9,30.4,0.5
338,29.9,23.2,0,0.5
339,30.3,23.1,6.6,0.5
340,33.2,23.3,0,0.6
341,33,23.2,2.1,0.3
342,33.1,23.8,0,0.5
343,32.5,23.4,0,0.7
344,33,23.1,14.3,0.5
345,31.9,23.4,4.2,0.4
346,29.4,24.1,0,0.2
347,30,24,0.4,0.5
348,32.4,22.7,7.6,0.5
349,32.6,24.5,0,0.5
350,31.7,23.2,3.2,0.4
351,32.3,23.8,0,0.8
352,33,23.5,0,0.5
353,33.2,23.2,5,0.7
354,32,22.4,0,0.7
355,32.4,22.5,2,0.5
356,34.4,23.1,0,0.5
357,32,24.6,5.8,0.5
358,33.5,24.3,4.3,0.6
359,33,23,0.2,0.6
360,32.8,24,0,0.5
361,31.5,23,9.4,0.5
362,32.2,23.5,0,0.6
363,34.2,23.5,0,0.5
364,32.9,22.4,14.5,0.5
365,32.5,23.2,5.6,0.5
1,34.4,23,5,0.4
2,34.3,23.9,30.1,0.6
3,31,23,0,0.5
4,33.5,22.8,4,0.6
5,32,22.6,2.8,0.6
6,33.8,23.2,0,0.9
7,34.5,23.6,3.4,0.8
8,30.7,23,0,1.4
9,31,23.3,0,0.9
10,32.1,24,44.6,0.6
11,31,23.6,0,0.7
12,27.1,23.9,0,0.8
13,32.1,23,29.6,0.6
14,32.2,23.9,0,0.4
15,32.5,22.6,0.6,0.5
16,31.1,21.3,0,0.4
17,32,23.5,0,0.6
18,30,23.2,11.8,0.7
19,30.7,23,3.3,0.5
20,32.2,23,3.1,0.5
21,32.3,22,0,0.6
22,34,23.1,2.1,0.6
23,33.8,23,0,0.6
24,34.1,23.2,0,0.6
25,34.2,23.7,0,0.7
26,34,23.5,8.4,0.8
27,34.7,22.6,8.6,0.7
28,35.5,24.3,0,0.5
29,34.7,23.5,0,0.8
30,35.5,24,0,0.6
31,33,24.7,0,0.8
32,33.4,23.7,0,1.3
33,34,23,0,1.3
34,33,23.3,0,1.4
35,32.1,20.5,0,0.9
36,32.3,21.5,0,1.3
37,33.7,21.8,0,0.7
38,32,20.6,0,0.8
39,32,21.9,0,0.7
40,33.1,22,0,0.7
41,33.4,22.1,1.2,0.7
42,34,21.5,0,1.2
43,34.6,23,0,1.4
44,35,22.9,0,1.1
45,35.7,22.6,5.6,0.7
46,35.9,23.2,0,1.1
47,36,22,0,0.9
48,34.6,24,17.6,0.8
49,34.3,24,0,0.8
50,34.1,23.9,2.6,0.6
51,34,23.7,66.3,0.8
52,34.1,23,0,0.9
53,30,23.8,16.4,0.5
54,34,22.5,87.8,0.7
55,31.1,23.5,12.4,0.7
56,34.9,23.7,44.4,0.6
57,33,23.4,44.3,0.8
58,34.1,23,11.8,0.9
59,34.2,23.4,6.6,0.5
60,34.3,23.2,21.8,0.7
61,34.1,23.3,3.2,1
62,33.5,24,5,0.6
63,33.9,24,0,0.7
64,33.8,22.7,0,0.7
65,24.1,24.1,0,0.8
66,32,23.7,0,0.7
67,33.5,23.5,7.1,0.9
68,34,23,0,0.7
69,33.9,23.4,1.6,0.8
70,33.2,23,0,1
71,34.2,23.2,0,1
72,34.5,23.3,0,0.8
73,35,23.4,7.3,0.7
74,34.7,21.5,0,0.6
75,35,23.7,0,0.7
76,35,23,0.8,0.8
77,34.6,24,0,1.3
78,32.2,23.9,44.8,0.7
79,33,23.9,57.4,0.5
80,33,24,1.8,0.7
81,31.2,23.5,53.9,0.6
82,33.8,23,0,0.9
83,33.2,23,11.5,0.6
84,32,23.4,62.4,1.1
85,31,22,6.4,0.6
86,31.1,23.5,10.8,1
87,32.5,22.9,0,0.8
88,33.2,23.2,2.8,0.9
89,33.9,23.4,0,0.7
90,33.4,23.5,0,0.7
91,35,23.4,0,0.7
92,33.8,22.5,0,0.8
93,33.7,23.8,0,0.8
94,34.5,23.2,100.6,0.9
95,33.6,22.5,6.6,0.7
96,34.1,23.6,6.1,0.9
97,34,23.9,4.7,1
98,32.2,24,19,0.5
99,34,24,0,0.8
100,33.9,24.2,0,0.6
101,34.2,23,0,0.8
102,34.3,24.5,3.5,0.7
103,34.8,23.8,0,0.7
104,34.1,23.8,0,0.7
105,34,23.5,40.9,0.7
106,34.3,23.1,0,0.7
107,34.2,23.5,0,0.8
108,34,23.3,80.8,0.8
109,34.5,23.2,0,0.9
110,34.2,23.4,0,0.7
111,34.8,23.4,50.8,0.9
112,34.7,23.2,0,0.9
113,34.5,23.3,0,0.7
114,34.4,23.3,0,0.7
115,34.2,23.9,137.6,0.7
116,34.4,23,0,0.7
117,34.5,23.4,0.4,0.7
118,34.7,23.9,0,0.8
119,34.7,23.6,18.6,0.8
120,34,23.8,7.3,0.9
121,34,23,9.9,1
122,33.2,23.5,40.6,0.8
123,34.3,23.4,0,0.6
124,34.8,23.3,3.5,0.7
125,32.2,23,6,0.5
126,33.7,23,13.4,0.6
127,33.1,23.3,8.4,0.6
128,32.2,23.3,5.3,0.5
129,33.8,22.9,9.1,0.7
130,33.8,23.4,0,0.7
131,34.1,22.9,24.8,0.7
132,34.1,22.9,12.9,0.7
133,33,23.5,10.1,0.7
134,32.3,23.5,0,0.6
135,32,22.6,3.7,0.5
136,33,23,6.4,0.6
137,31.9,23.2,14.7,0.5
138,33.9,23.1,0,0.6
139,32.7,23.5,0,0.5
140,32.2,23.3,0,0.5
141,33.3,23.1,3.4,0.6
142,33.6,23.1,0,0.8
143,34.2,23,6.6,0.6
144,34.6,22.8,0,0.7
145,33.8,23.5,0,0.6
146,33.9,23.8,0,0.7
147,34.2,23.4,0,0.6
148,33.6,23.6,12.5,0.5
149,33.8,23.2,7.5,0.7
150,32,23.8,3.5,0.5
151,33.6,22.9,5.3,0.7
152,33.2,23.1,0,0.6
153,33,23.7,2.9,0.7
154,33.2,23.3,0,0.6
155,33.7,23.2,0,0.7
156,33.8,23.3,9.4,0.5
157,34.4,22.6,0.2,0.7
158,34.7,23.1,5.6,0.7
159,33.9,23,7.6,0.7
160,34.2,22.8,0,0.7
161,32.8,22.5,16,0.7
162,34.4,22.6,0,0.8
163,33.8,22.1,0,0.8
164,33.9,22.8,8,0.5
165,34.4,23,0,0.6
166,33.7,23.3,0,0.6
167,34.3,23.4,0,0.6
168,34.2,23.1,0,0.5
169,33.1,22.7,0,0.6
170,34.1,23,0,0.6
171,34,22.9,0,0.5
172,33,23.1,6.2,0.6
173,34,23.1,0,0.6
174,33.8,23.2,21.6,0.7
175,32.9,23.2,0,0.5
176,34.9,23.1,11.6,0.8
177,33.6,22.5,4.2,0.7
178,32.4,22.2,0,0.6
179,33.4,22.6,0,0.6
180,32.9,22.5,0,0.7
181,32.8,22.1,6.9,0.7
182,32.8,22.5,0,0.6
183,33.6,22.6,4.7,0.6
184,33.7,22.9,3.8,0.7
185,32.5,22.8,0,0.6
186,35.3,22.3,11.8,0.7
187,35.5,23,2,0.8
188,35,22.2,0,0.8
189,35.1,22.5,0,0.9
190,34.8,23.4,0.2,1.3
191,32.5,22.5,0,0.9
192,34,23,0,1.3
193,33.2,23,0,1.1
194,32,23.5,6.4,0.9
195,31,22.2,0,0.7
196,34.2,23.7,0,1.9
197,34.1,23.4,0,0.8
198,34.3,23.4,0,0.7
199,32.5,23.9,0,0.7
200,33.7,23.7,0,0.8
201,32.2,23.8,58.1,0.9
202,33.4,22.6,6.8,0.7
203,33.6,23.8,6.8,0.8
204,33.5,23.3,30,0.8
205,33,22.8,2.1,1.1
206,35.9,24.1,20.6,0.9
207,30,24.1,30.3,0.6
208,29,23.9,26.4,0.8
209,29,23.2,1.4,0.7
210,30.7,23,0.2,0.6
211,32.3,23.2,1.1,0.7
212,33.2,23,0,0.7
213,32,22.9,0.1,0.8
214,33,23.7,0,0.8
215,31,22.9,32.9,0.8
216,29.3,21,10.2,0.6
217,31.4,21.5,13.9,1.4
218,31.1,23.1,0,0.6
219,32,22.9,0,0.8
220,32,23,0.7,0.8
221,33.1,23,0,0.7
222,33,23.5,0,0.8
223,31,22.9,10.6,0.6
224,33,23.1,7,0.8
225,33,23,0,1.2
226,33.1,23,0,1
227,32,24,0,0.9
228,31.7,23.3,0,0.9
229,31.9,24.2,21.7,0.8
230,33.7,21.6,0,0.8
231,33,23.6,0.8,0.8
232,30.6,23.2,8.7,0.8
233,32,22.4,16.2,1.3
234,31.6,22.5,0,0.7
235,32,23.7,0,0.8
236,31.8,23.1,7.7,0.8
237,32,23.1,0.6,0.7
238,32.7,23.6,3.6,1
239,34.1,23.7,0,0.8
240,32.2,23.9,14.6,0.8
241,32.5,22.2,16.1,1
242,33.8,23.7,0,1
243,34,23.7,0,1
244,33.2,22.8,9,0.9
245,31.5,23.2,48.3,0.7
246,31,23.5,0,0.8
247,33.7,24,0,0.7
248,34,23.8,0,0.7
249,34,23.3,0,0.9
250,33.1,23.4,17.2,1
251,31.9,22.5,66.6,1.2
252,32.5,21.7,0,0.9
253,33.9,21.5,0,1.1
254,33.2,23.7,0,1.1
255,30.2,23.9,18,1
256,33.4,23.5,0,0.9
257,33.7,23.4,0,0.9
258,34,23.5,3,0.8
259,34.3,23.3,0,0.9
260,34.2,23.4,0,0.9
261,34.5,23.3,0,0.8
262,34.3,23.1,0,0.8
263,34.7,23.6,3,0.7
264,33.9,23.5,0,0.7
265,33,23.4,0,0.7
266,32.2,23.2,0,1.1
267,33.2,24,0,0.8
268,34,23.8,0,0.9
269,33.9,24.4,0,0.7
270,34.3,23.9,0,0.8
271,34.5,23.7,0,0.7
272,34.4,23.4,10.7,0.8
273,33,23,0,1.3
274,32,24.6,0.6,0.8
275,31.3,23.2,0.1,0.9
276,33.2,22.4,0.2,1.3
277,34,22.7,0,0.9
278,33.5,24,43.8,0.8
279,28,22.1,5.4,0.4
280,32.5,22.4,0,0.8
281,32.6,23,0,1
282,33.2,23.8,0,1.2
283,33.5,24.5,0,1.1
284,32.2,24.6,1.8,0.8
285,33,23.5,18.7,1.1
286,32,23.4,17.4,0.8
287,32.9,23.4,4.6,0.9
288,32.5,22.4,7.9,1.1
289,32,23.5,0.4,0.9
290,33.1,23.5,25.9,0.9
291,33.7,23.3,6.7,0.8
292,33.5,23.5,14.7,0.7
293,33.2,23.3,18.5,0.6
294,32.1,22,30.5,0.8
295,32,22.1,19.8,0.7
296,30.5,24,17.5,0.8
297,30.5,23.4,0.6,0.7
298,31.6,24.6,27,0.6
299,31.7,23.6,34,0.9
300,31.5,23.4,19.5,0.9
301,29.2,23,17.8,1.3
302,29,22.2,10.1,0.3
303,32.8,23.6,0,0.7
304,33,24,0,0.8
305,32,23.6,0,0.7
306,32.4,23.5,8.8,1.2
307,30.1,23.8,1.9,0.5
308,31,23.1,0,0.9
309,32,23.5,1.4,0.8
310,32.1,22.8,0,0.5
311,31.3,23.6,0,0.6
312,32,24.5,20.6,0.6
313,32,23,75,1.3
314,30.5,23,1.1,1.2
315,30.7,23,2.2,0.5
316,32.7,23.2,32,0.8
317,30.7,22.7,71,0.6
318,31,22.6,0.6,0.5
319,29.2,23,0,0.5
320,32.7,23.4,0.1,0.7
321,31,23.6,0,0.9
322,33,23,2.3,0.7
323,33.3,24.3,16.9,0.7
324,33.8,23.8,38.6,0.7
325,33.7,23.2,20.3,0.2
326,33,23.5,0,0.8
327,32.8,23.1,0,0.8
328,30.5,23.4,5.9,0.6
329,31,24,7.4,0.8
330,33.1,23.2,0,0.6
331,32.2,23.3,0,0.7
332,32.8,22.8,2.2,0.8
333,33,24.2,0.1,0.8
334,34,23.6,0,0.8
335,33.7,24.2,9.4,0.7
336,32,23.6,0,0.8
337,33.8,23,28.4,0.9
338,33,23,32.4,0.8
339,33.2,23.3,0,0.7
340,33.7,22.1,0,0.9
341,33.9,21.8,0,0.8
342,33,20.7,0,0.9
343,33.6,21.1,0,1
344,33.5,21.5,25.2,0.4
345,32.4,22.8,41.9,0.4
346,28.8,23,3.8,0.2
347,31.5,23,1.4,0.7
348,32,23.5,4.4,0.5
349,30,24,23,0.2
350,30.2,22.5,4.9,0.4
351,31,22.4,2,0.4
352,31.9,23.4,2.6,0.5
353,33,23.1,20.2,0.5
354,33.2,23,0,0.6
355,33.3,23,10,0.5
356,33.5,22.5,0.9,0.7
357,31.2,23.2,0,0.6
358,33.2,23.5,0,0.7
359,33.7,23.3,0,0.7
360,33,23.2,1.8,0.7
361,32.1,23.7,0,0.6
362,33.5,23.9,0,0.6
363,33,23,42.6,0.6
364,32,22,4.6,0.5
365,31.2,22.9,15,0.7
1,32,22.3,0,0.7
2,33,23,0,0.9
3,33.5,23.5,0,0.8
4,33.6,23.1,0,0.9
5,33.7,23.2,0,0.8
